-- MariaDB dump 10.19  Distrib 10.5.12-MariaDB, for Linux (x86_64)
--
-- Host: mysql.hostinger.ro    Database: u574849695_25
-- ------------------------------------------------------
-- Server version	10.5.12-MariaDB-cll-lve

/*!40101 SET @OLD_CHARACTER_SET_CLIENT=@@CHARACTER_SET_CLIENT */;
/*!40101 SET @OLD_CHARACTER_SET_RESULTS=@@CHARACTER_SET_RESULTS */;
/*!40101 SET @OLD_COLLATION_CONNECTION=@@COLLATION_CONNECTION */;
/*!40101 SET NAMES utf8mb4 */;
/*!40103 SET @OLD_TIME_ZONE=@@TIME_ZONE */;
/*!40103 SET TIME_ZONE='+00:00' */;
/*!40014 SET @OLD_UNIQUE_CHECKS=@@UNIQUE_CHECKS, UNIQUE_CHECKS=0 */;
/*!40014 SET @OLD_FOREIGN_KEY_CHECKS=@@FOREIGN_KEY_CHECKS, FOREIGN_KEY_CHECKS=0 */;
/*!40101 SET @OLD_SQL_MODE=@@SQL_MODE, SQL_MODE='NO_AUTO_VALUE_ON_ZERO' */;
/*!40111 SET @OLD_SQL_NOTES=@@SQL_NOTES, SQL_NOTES=0 */;

--
-- Table structure for table `categories`
--

DROP TABLE IF EXISTS `categories`;
/*!40101 SET @saved_cs_client     = @@character_set_client */;
/*!40101 SET character_set_client = utf8 */;
CREATE TABLE `categories` (
  `category_id` int(11) NOT NULL,
  `category_departement_id` int(11) NOT NULL,
  `category_name` varchar(255) NOT NULL,
  PRIMARY KEY (`category_id`) USING BTREE,
  KEY `category_departement` (`category_departement_id`) USING BTREE,
  CONSTRAINT `category_departement` FOREIGN KEY (`category_departement_id`) REFERENCES `departements` (`departement_id`) ON DELETE CASCADE ON UPDATE CASCADE
) ENGINE=InnoDB DEFAULT CHARSET=utf8mb4 ROW_FORMAT=DYNAMIC;
/*!40101 SET character_set_client = @saved_cs_client */;

--
-- Dumping data for table `categories`
--

LOCK TABLES `categories` WRITE;
/*!40000 ALTER TABLE `categories` DISABLE KEYS */;
INSERT INTO `categories` VALUES (1,56,'qui'),(2,41,'ab'),(3,92,'expedita'),(4,79,'officia'),(5,5,'quo'),(6,23,'laboriosam'),(7,8,'eos'),(8,73,'quia'),(9,27,'rem'),(10,107,'repellat'),(11,12,'ut'),(12,68,'nesciunt'),(13,84,'ex'),(14,64,'error'),(15,31,'est'),(16,85,'soluta'),(17,91,'natus'),(18,38,'ut'),(19,59,'atque'),(20,104,'magni'),(21,16,'omnis'),(22,53,'vitae'),(23,2,'dolorum'),(24,24,'aut'),(25,62,'enim'),(26,89,'est'),(27,21,'ut'),(28,67,'est'),(29,6,'nesciunt'),(30,77,'rerum'),(31,25,'voluptates'),(32,50,'autem'),(33,11,'assumenda'),(34,87,'sit'),(35,4,'repellendus'),(36,7,'sed'),(37,81,'qui'),(38,60,'quasi'),(39,100,'cupiditate'),(40,18,'cupiditate'),(41,88,'et'),(42,66,'temporibus'),(43,29,'similique'),(44,52,'a'),(45,40,'corporis'),(46,58,'rerum'),(47,26,'quo'),(48,72,'ut'),(49,61,'in'),(50,0,'perspiciatis'),(51,42,'sunt'),(52,13,'consequatur'),(53,37,'aut'),(54,34,'ut'),(55,36,'voluptas'),(56,71,'quo'),(57,102,'est'),(58,35,'voluptas'),(59,9,'numquam'),(60,46,'debitis'),(61,86,'itaque'),(62,30,'voluptatem'),(63,39,'qui'),(64,74,'quod'),(65,105,'soluta'),(66,99,'repudiandae'),(67,54,'saepe'),(68,28,'voluptatem'),(69,101,'voluptates'),(70,49,'odio'),(71,108,'corrupti'),(72,82,'consequatur'),(73,95,'suscipit'),(74,83,'provident'),(75,45,'maiores'),(76,14,'ut'),(77,69,'delectus'),(78,32,'est'),(79,97,'aliquid'),(80,110,'voluptatum'),(81,96,'mollitia'),(82,44,'rerum'),(83,80,'consequatur'),(84,103,'perferendis'),(85,90,'nemo'),(86,65,'molestiae'),(87,76,'aliquam'),(88,57,'qui'),(89,51,'dolore'),(90,63,'deserunt'),(91,20,'aliquid'),(92,94,'suscipit'),(93,19,'fugit'),(94,10,'est'),(95,75,'est'),(96,109,'nostrum'),(97,43,'id'),(98,33,'et'),(99,22,'illum'),(100,3,'veritatis');
/*!40000 ALTER TABLE `categories` ENABLE KEYS */;
UNLOCK TABLES;

--
-- Table structure for table `customers`
--

DROP TABLE IF EXISTS `customers`;
/*!40101 SET @saved_cs_client     = @@character_set_client */;
/*!40101 SET character_set_client = utf8 */;
CREATE TABLE `customers` (
  `customer_id` int(11) NOT NULL,
  `customer_fname` varchar(50) NOT NULL,
  `customer_lname` varchar(50) NOT NULL,
  `customer_email` varchar(50) NOT NULL,
  `customer_password` varchar(255) NOT NULL,
  `customer_street` varchar(255) NOT NULL,
  `customer_city` varchar(50) NOT NULL,
  `customer_state` varchar(50) NOT NULL,
  `customer_zipcode` varchar(50) NOT NULL,
  PRIMARY KEY (`customer_id`) USING BTREE
) ENGINE=InnoDB DEFAULT CHARSET=utf8mb4 ROW_FORMAT=DYNAMIC;
/*!40101 SET character_set_client = @saved_cs_client */;

--
-- Dumping data for table `customers`
--

LOCK TABLES `customers` WRITE;
/*!40000 ALTER TABLE `customers` DISABLE KEYS */;
INSERT INTO `customers` VALUES (1,'Myah','Volkman','steuber.keira@example.net','15a180c1ebe6dfa10d1e43182307ed111cdc601c','814 Finn Expressway Apt. 944','West Katharina','Mississippi','blsf'),(3,'Bette','DuBuque','mklocko@example.com','dc3da1a28a872a03a68bab58a7a2686ebcb0267b','101 Sunny Underpass Suite 326','Denesikfort','NewYork','ewjh'),(6,'Francisca','Reynolds','runolfsson.mya@example.org','c09d1f32de259c12a2138f17b906ac0efcf64d02','758 Cole Rapids','Elsieborough','Arkansas','thin'),(11,'Jaylan','Stroman','herzog.euna@example.org','37700b688cbf51b3391d19b2dd68a671af3dedf2','84058 Magnus Mill','Mooreberg','NewJersey','mvku'),(12,'Ricardo','Goyette','riley.keebler@example.com','b09632c8e98fdfaefef4a3ec84b3e4172ac043ab','2539 Kessler Prairie Apt. 142','West Kamillemouth','Texas','ntio'),(13,'Darien','Connelly','bhills@example.org','eb4b58204e809346bc6d63d459a7e17a2435d45c','71826 Edwin Throughway Suite 591','Micahstad','Connecticut','ngun'),(16,'Julianne','Heller','wolf.susie@example.org','eba042c875247e1c60f5c503d55422a17ca91e39','530 Elody Rapids','East Paul','Nebraska','omeh'),(18,'Edwardo','Quitzon','wilderman.corene@example.net','f4f3535ca936e14112728abb6cfddedde3f8edb5','5564 Klocko Rapids','Kathrynebury','Alabama','sigs'),(21,'Xander','Nolan','alisa83@example.net','758c41b34cde538d35bf0dedc959248c3bdddd46','422 Barton Track Suite 169','Hackettchester','Missouri','dbbz'),(23,'Juwan','Rutherford','vullrich@example.org','c815ed8adbc9299e17bf42c3b285511e8fa4fe7c','64475 Marquardt Run','Edaside','NewMexico','yogq'),(24,'Omer','Herzog','bgreen@example.org','eb8c209a1da8298d63d14d55b3a255f3335db06a','008 Bo Stream Apt. 451','East Carmeloland','Maine','dhsn'),(26,'Clare','West','alvina27@example.com','d2422bf5fd6c60091d7e49e305392fbddf8b9556','72488 Darrel Island Apt. 680','Binsmouth','Texas','zysm'),(27,'Felipa','Windler','jett01@example.net','fcf3ebad46b738d72a8d16e2cce7458701f83f0b','78256 Chanelle Springs','Framiport','NewYork','mefd'),(29,'Kennedy','Greenfelder','harber.osborne@example.com','f065928373c4ba5f8f695d29b1258b3c3910ea85','1847 Carmen Extensions','South Winona','Montana','dqof'),(30,'Tommie','Boyle','lakin.jaqueline@example.org','39a21edc711cba48934dcc0144e9533dbbaa8828','7775 O\'Kon Lodge Suite 089','Lake Mitchelland','Maine','lvmx'),(31,'River','Schulist','denesik.samson@example.net','bb1b87d0a5906487c8946b4b4efff5922ab8b886','72000 Walter Pike','Hoegerstad','Oklahoma','hyjr'),(32,'Giuseppe','Donnelly','feest.myrtice@example.net','3ac05a24ee6fa0d26c32b83f7ec91a624c132a0c','28997 Berge Valley Suite 764','Jaronfort','District of Columbia','xaaq'),(36,'Yolanda','White','nemmerich@example.com','ce82fafdfe44a649bd0730ab720588415c707af6','9019 Davis Summit','Dangeloborough','Kentucky','roin'),(37,'Alessia','Hauck','josie.price@example.org','42014dd672d5b9e1c78f4d80d592fa3e36528789','53711 Jailyn Branch','East Michelechester','Kansas','fuhk'),(38,'Kylee','Bauch','fraynor@example.org','3ac2f78d3b7baaa38903889482b7a2fc33cf4807','6903 Madisen Trafficway Suite 503','Port Nicholas','Nebraska','qkyi'),(40,'Kara','Hermiston','ukeeling@example.org','085d188b945a9bce8e7a983a0ea2808d4b9652cd','61947 Esta Mountain Suite 874','Browntown','Maine','gyep'),(41,'Golda','Robel','konopelski.malcolm@example.com','c192a0752530481c31277bb3e471680bad3ec1c7','886 Hauck Drive Apt. 938','Lake Savannah','Louisiana','nhdr'),(42,'Beverly','Muller','lueilwitz.eliezer@example.org','eb6aa30a86fb16ec19bd281f358a4abae633b69e','288 Abernathy Glens','Port Olaftown','Louisiana','elbb'),(46,'Lane','Spencer','beahan.roxane@example.com','e794dd30a40a3b3fc0e941381c4f885562249534','48662 Baumbach Greens Apt. 076','Imamouth','Massachusetts','zsft'),(48,'Melisa','Kreiger','ryley.greenfelder@example.com','41911ba3348de5e50a815d9cfd2fda29e8e1fb7a','59862 Wehner Road Apt. 490','Lake Ciaratown','Oklahoma','dchq'),(49,'Johnathan','Wolff','zconroy@example.net','6ff162d86afcd8de8df919621c4f76cd2451b405','6960 Eugene Parkways Apt. 282','East Cloyd','Tennessee','yetn'),(51,'Darrel','Blanda','rachelle54@example.net','6f73af0512c3429b2b2007e6142b49dd47df9d99','188 Gerson Streets','Blockside','Ohio','gfhe'),(57,'Elva','Dibbert','frieda.rath@example.org','52865fd1c0da78d23032e784ba41c47776cdee20','39654 Meghan Parks Suite 233','Port Zula','Idaho','gzpm'),(59,'Keshawn','Morissette','dessie.o\'connell@example.org','28e7945a2436bd580a1e7ce118e5bd31adadcdb0','68416 Paula Garden','Kingstad','Alabama','mcwk'),(61,'Kylie','Veum','lwilliamson@example.net','fa3b1af3440acfa23c24cb938cfa78b48fed189a','4149 Schowalter Pine','South Gage','Montana','sfjf'),(62,'Jace','Collier','palma62@example.com','88a05f1ba7ef12900b748440573c835b063e19ac','60768 Dale Run','Bashirianland','Minnesota','eysu'),(63,'Mara','Tromp','kihn.isac@example.net','2d064971dcf2c8aa6e56d8632590e5a51f50d229','322 Morissette Ways Apt. 778','West Macie','Vermont','mbmr'),(64,'Efrain','Collins','dach.emmet@example.com','921e503d52e0d0a7f00c0d580517d4e06ba14e11','6918 Garth Pass Suite 939','West Harrisonmouth','NorthDakota','xxsd'),(68,'Opal','Glover','micaela.dietrich@example.com','da843af5bfd2510ac036cbbdf40cb12d4c90e1b5','6922 Yost Divide Apt. 786','Haagport','Virginia','natm'),(71,'Friedrich','McDermott','wuckert.vince@example.org','7fe7a1766a812f7b73f4e340e5f1e7177e39693c','8594 Abdul Causeway','Arnaldomouth','Kentucky','skom'),(75,'Gilda','Hartmann','stracke.mallie@example.net','b9dd04a14e543a162ffd8577557bf6a0ed9cfff2','3085 Sauer Mission Suite 099','New Imogene','SouthCarolina','pzak'),(77,'Pat','Haley','mariela98@example.org','2612ebe5c14b8dde5e6d665ab2551c860437233c','81097 Cassandre Station Suite 942','South Hilda','Oregon','kwif'),(79,'Cheyenne','Volkman','waters.miller@example.net','8acacdbc23c32a35c2ed4858f08a7d08dac8c93d','596 Mac Inlet','Adafort','Alabama','bipv'),(86,'Lyla','Koch','armstrong.katelin@example.net','9c14e043cbfdececc8bef0b0a03d71c58c278b80','487 Patricia Fort Suite 407','West Montyport','Louisiana','lydu'),(87,'Marc','Cormier','myrna.gutmann@example.org','ef3d4c1ed45b449c6e2e63ba595c788cf59f6db2','261 Tania Ford Suite 704','Port Linnea','Vermont','muub'),(89,'Efrain','Yost','addison20@example.net','30ada2000ec8b04dfcd821636d3ec76c4030ef5f','9733 Koss Drives Apt. 885','Dachborough','Hawaii','zucg'),(90,'Josiane','Mills','heller.maymie@example.org','cdaa39610b54764a7d410cc9982ee8a4f242baa5','44388 Kathlyn Wall','Aimeeberg','Vermont','ajcn'),(91,'Gayle','Flatley','gprohaska@example.com','cc195e4330640439bd9224f43c25ab5509822df1','2323 Langworth Isle Apt. 690','South Rileyside','Idaho','blfj'),(92,'Glennie','Doyle','carmella.marquardt@example.com','7c05e9a9af896271e3318cbc7a07b02d6ca107d6','15671 Graham Forges','Gislasonshire','Michigan','hpbj'),(94,'Broderick','Larkin','destini29@example.com','b089f54aca41661c70da108f32afbe398b3b4a50','771 Pfannerstill Villages','Lake Lonzo','NewHampshire','iexd'),(97,'Merlin','King','catharine.walker@example.com','bd80dc93dbf59d0549cf834034311ef72bff49be','5189 Hector Lake','Kaybury','Pennsylvania','ygab'),(98,'Orland','Hammes','schmidt.jace@example.com','6bff08b144e6aa73f9eaf9bc1009e753160a7d33','4317 Brekke Common','New Julesberg','Nevada','ufzd'),(99,'Ahmad','Wintheiser','rogers.keeling@example.com','4f518327cdc32d37ea210ffa4aed7a2f9fe94cc2','6866 Macejkovic Course','South Gardner','NewYork','rzep'),(102,'Roberta','Miller','blaise.haley@example.com','a177f751cc0c5c7b0c19afab84091bf59a2f5b41','81817 Jarrett Center','Port Cletusmouth','Maine','exal'),(109,'Leopoldo','Stamm','carroll40@example.org','ca05bb42c5d424a1e98056ea22fe1de20b199a27','9512 Olson Lane','West Russellstad','Minnesota','ihga'),(110,'Gina','Wuckert','carter.zechariah@example.org','6461f36be6540d669e0ac934b5678867c4d21ae8','8731 Jaclyn Highway','Port Ricardo','Oklahoma','zoli'),(111,'Willie','Pagac','bschuster@example.org','38804f2a40d9acbbbbc32e5e7633dc5677aa5305','0885 Carter Ports Apt. 075','Jailynmouth','Virginia','lmwc'),(112,'Reta','Wintheiser','ybuckridge@example.com','df6f0d4c25d0dd792f7827a20aa7ac90199de7e8','3654 Roob Fork Apt. 182','Lake Florencioborough','NewYork','wsms'),(113,'Eve','Cruickshank','fwaelchi@example.com','e7ea9fbc502861ef20def07535d4e62bf1ad7b94','616 McClure Rest','West Bruce','Kansas','jdfx'),(116,'Dina','Heller','xdare@example.org','e764c99cfe98ce1cafed1b7b3793896f8e97e747','2686 Ebert Island','Estebanchester','Georgia','qmsi'),(123,'Margarett','Larkin','bpredovic@example.com','4a7dd0100d331bd8f869ce193737a85c5f7eeca7','260 Abshire Inlet Apt. 496','New Carleyshire','Oregon','qvxl'),(124,'Clark','Davis','crona.odessa@example.net','bfbae23e1ed81a1ba8a9aa8b3d292b21616450d2','1570 Gleichner Rest Suite 319','Gusikowskifort','Texas','mijv'),(125,'Elvis','Gerlach','ondricka.norris@example.org','b3d45f68cdbf6dffd947e2d705426406904bb19f','5844 Daphne Groves Apt. 586','Agustinhaven','Georgia','wnxp'),(127,'Hilton','Nader','schaden.camilla@example.com','526151f4673bedec43eae3d5d2542ef28d10adee','2671 Myrtie Shore','Lake Jedidiah','Alaska','hbtt'),(128,'Domingo','O\'Reilly','ashlynn80@example.org','71c668d269e13175444d2bd9578eee27b86de1b9','4720 Gulgowski Stravenue','West Hosea','Iowa','wmil'),(130,'Dora','Tremblay','evert54@example.com','bdcbedc3fb5fae6e2beb4c6063aba21de94c721e','42277 Gutkowski Road','New Carminebury','Delaware','hgkn'),(131,'Orval','Lowe','leonora55@example.net','49478eb685889dcb5ef2840762f894d7b97f946e','488 Leffler Overpass','O\'Reillyville','Pennsylvania','voal'),(132,'Ulises','Ward','reilly.bergstrom@example.net','cd9fadfc6a826c8c501a0f11201b28fc47bab77c','838 Rosanna Hollow Apt. 529','New Ben','NewHampshire','zpcc'),(134,'Michaela','Hagenes','legros.vaughn@example.com','4f2bbc444d40539aac664607ee73513071789c2c','6324 Rosetta Motorway Suite 119','Lueilwitzborough','RhodeIsland','lubr'),(135,'Mozell','Kunde','jules65@example.net','ab5ca752afbca0d30736e8175ffedf0c7136e227','944 Nella Causeway Suite 669','Mullerborough','Texas','pznx'),(139,'Juliet','Beatty','md\'amore@example.org','b4117b71a94e2dc208c5ee70bac4f12b65a08570','52583 Jenkins Stravenue Apt. 591','East Tyrel','NewJersey','dpoq'),(140,'Maximilian','Ritchie','jacynthe32@example.org','039fb509d8adb6188c96d1f9e83406a1d2f81bac','625 Prosacco Knolls Suite 371','Lake Destinchester','Kentucky','isat'),(142,'Abbigail','Schoen','willie.dach@example.net','7c86f263b237928cadc55d545e640d7dfd650f15','3952 Schaefer Route','Port Buford','Mississippi','pjta'),(143,'Lonie','Simonis','ullrich.elza@example.com','6dae5ce79178ef9daac73a6b0a3c9a07452c9eda','720 Barton Causeway Suite 264','South Alexannebury','Maine','enbs'),(145,'Tamara','Lowe','dtillman@example.net','c72bc2f7a0176bb795f370e4b9638aa1d1f30fe2','6419 Courtney Prairie','East Timmothy','Nebraska','zysk'),(149,'Yoshiko','Mertz','chloe.barton@example.com','b3143c152511f33b758f279c891dd254df06e33b','82883 Hershel Court Apt. 958','Port Tianahaven','SouthCarolina','ejjt'),(150,'Lauriane','Block','ohilpert@example.org','981f795271cc8fed4a10b513b107d3d9cde69dec','484 Ben Passage','Lake Deborahhaven','Alabama','impt'),(152,'Evie','Johnston','tstrosin@example.com','dca8d380c1b2d1dc12b5f95e70c6ccef7445ec09','9410 Runolfsson Ports Apt. 425','Lake Ford','Florida','oqbp'),(153,'Monserrate','Willms','ubeier@example.net','042c7b24e2fa0ff9aa8e145b766d35b8d417fd43','362 Hoyt Prairie','Kundemouth','California','krqp'),(155,'Lura','Hagenes','ischmitt@example.org','a3f0d0ce8eec04f763b2a0b5d7e953c4a2953fb6','73536 Aimee Locks Suite 238','Volkmanfurt','Louisiana','ubjs'),(157,'Jodie','Schmidt','heidenreich.jaleel@example.com','f05c1182a7de9e141f55b2fce35e760cb00ee325','01327 Karley Harbors','Schillershire','Montana','qjpz'),(158,'Abagail','Gerhold','reynolds.camilla@example.com','d168b73a67cfd98d91b02e812a34712477167680','2471 Mann Rapids','Walshborough','Virginia','dmpy'),(159,'Marjorie','Larson','van.borer@example.net','23d8cfd69c00793ae85c4975ffa66d30934681c7','079 Lesch Knolls','North Fidelland','Florida','wrhi'),(160,'Sadye','Littel','turner.ellis@example.net','58595f25072ccaa1df45fc42951be3b783532422','05823 Moore Inlet','South Aylin','Maryland','fhii'),(161,'Florine','Veum','frami.roger@example.net','b500e27fb4df3fac304cb54ac3efb3b72130736e','3459 Cornelius Centers','Lake Janice','Georgia','urbl'),(165,'Una','Bartoletti','fredy12@example.net','35a194b732a1a0b18d6a3a97f6b34527a05ce7ab','02670 Howe Dale','New Adriannaland','Kentucky','tosj'),(167,'Haskell','Mante','delmer.stracke@example.com','6e4a38dd132e7aa10c88614c8e17473aec76b507','202 Giles Inlet','New Kadehaven','SouthCarolina','rqug'),(170,'Hilbert','Bogisich','michelle38@example.org','808ae62ba715c11d75113f807f7c9f5fbd7cfa65','816 Koepp Gardens','North Russ','District of Columbia','sfbf'),(171,'Modesto','Schumm','andres20@example.net','7a672e56e340c988d4a56078a51fde6f81cabd6a','768 Greenfelder Mills Apt. 436','Townefurt','NorthDakota','lrfv'),(175,'Amely','Raynor','naomi09@example.net','64cd0d03ee26c4584fb0a46b1d2fc74eba92a387','4651 Conn Village Apt. 170','Hendersonfort','Louisiana','fopm'),(176,'Marcia','Hessel','tswift@example.org','67e1eae6201197d2607d76c4be853a4320f103e0','0786 Garret Cliffs Apt. 609','Lake Johnathon','Alabama','vcsh'),(179,'Elsa','Schaefer','leta41@example.org','8fafb55afe48684e3f9065ed7b32efde6767d9b5','257 Gia Rapid','Walkertown','SouthCarolina','bmsq'),(182,'Ashly','Hartmann','koch.breana@example.net','72537734ec36b5500c737e9da8e629d8c95f9a78','96358 Brown Extensions','Albashire','Tennessee','ltwj'),(183,'Trace','Jacobson','lehner.houston@example.com','858074e9f15b512274165df06c28e36cac5fa7bc','33383 Will Track','East Chase','WestVirginia','xqwd'),(185,'Craig','Smith','lilian.bashirian@example.com','e1a9e61922e9e02efa2d5e1755dc4d1cd84547fc','158 Dwight Ville','Hirthehaven','Maryland','zteo'),(188,'Aileen','Gerlach','meffertz@example.com','b7d8179496e29007d206e7002ecd4d42e459fc92','065 Eddie Vista','Lake Kaden','Virginia','womi'),(189,'Sallie','Monahan','london.carroll@example.org','fbc9b5b94bfdd64b0c3fb6315d7bebaa5b0fa508','3086 Hodkiewicz Spurs Suite 952','South Johanna','Florida','focu'),(192,'Terence','Runolfsson','kuphal.sarah@example.net','c2748303782825bb71df41475dd50b43c3074257','47368 Marquis Estate Suite 354','East Bettyeborough','SouthCarolina','eowd'),(193,'Giovanni','Pagac','purdy.ceasar@example.net','12ae008361df26f908a4f14f08187be29bc97b69','353 Koelpin Vista','Klingland','NewJersey','ifyl'),(197,'Ryann','Hahn','lera.schinner@example.org','8101ed356ed48e92c15791a27f240675aeb6d25d','24475 Boehm Meadows','Lake Blaze','NewMexico','ulmw'),(199,'Llewellyn','Kuphal','d\'angelo22@example.net','61d421680370e60dea72500033a0523958e7b985','8053 Thiel Track Suite 903','Reichertborough','WestVirginia','jkgg'),(200,'Susan','Rau','allison.nitzsche@example.org','7b123ace32adc6b9c9eae9d9b7f5a94bf763fd0d','7053 Borer Harbors Apt. 286','West Colby','Illinois','iwpj'),(203,'Santa','Vandervort','christa44@example.org','2461fc77c399f168706676cfe323b7d767a04568','0834 Leannon Flat','North Marjolaineshire','Connecticut','tyop'),(204,'Denis','Pollich','robyn12@example.com','d810362c878a2a259d4e783a03e1b007bdc5524e','58143 Celestine Forges','New Orvalchester','Illinois','xxeh'),(205,'Deon','Hane','fhermann@example.org','ec0f06861c9d5deebd03322b3371772cc3eef9c2','03402 Rhea Square','Port Immanuelside','Florida','jdzt'),(206,'Elroy','Pouros','einar.hintz@example.com','593d353926c7522cce362a7828d121a1752b3f25','08363 Lavada Springs','Blakeshire','Utah','vljp'),(212,'Rosanna','Feeney','shakira.brekke@example.com','8876bff8c87beb608c92fb613c3897cd2f6dc90b','2696 Lakin Stravenue Suite 165','Armandberg','California','rhik'),(213,'Meggie','Rowe','ned19@example.org','eb5e8ea1bd3eea0ed811bc9fe70ef67a3a5bfb56','4032 Golden Radial Suite 250','Carterfurt','Montana','pdoy'),(214,'Karli','Grimes','lyric16@example.org','f82df7feca1780f03399e3fa1f38a9da9581a0e3','390 Wisozk Port','Kaylafort','Alabama','koqz'),(216,'Betty','Stark','rowland97@example.org','8e23129b4d9cc1645481fb4e809ec1a2222fd7b4','7375 Kuhlman Drive','Kreigerburgh','Idaho','wwxg'),(221,'Fleta','Emard','kiley15@example.net','88b371ab6d1589a608e2df280123946efe2adb19','34263 Moore Canyon','Grahamview','Indiana','eiwu'),(222,'Madyson','Doyle','lind.hilbert@example.com','1476dd187edd600c0713bd3ded4b79f8634bf9ba','28542 Harrison Mount','North Keara','Delaware','ader'),(225,'Sydnie','Kemmer','rkoelpin@example.net','01777b02b2127dcf2244031f94403e30ac3d8369','3868 Walsh Mission','New Havenview','NorthDakota','nwdv'),(226,'Lilly','Thiel','do\'kon@example.com','42f7d5c915994e5dc2128423ab4ece4c6b14a5df','474 Natalie Island Apt. 754','North Josefa','Missouri','avak'),(228,'Mohammad','Paucek','delta.kshlerin@example.org','b05c1dd4bfb95b4bbf753ad7b3bc59e8a1196196','613 Solon Estates Suite 879','South Carolinaburgh','Arkansas','zmmy'),(229,'Ruthe','Gislason','jana.schiller@example.net','2039bfdcfd395f3920755d2ef3dcccd4aef4bdec','514 Schowalter Extension Apt. 987','South Adalbertoview','Minnesota','bjsm'),(230,'Logan','Rolfson','cleora57@example.com','0d4123b733704645b768c6745dd5b675913de704','1034 Terry Wall','Wilsonton','Maine','apti'),(231,'Willy','Flatley','ford.fritsch@example.org','05b53b14e41a51e21acaf6717014a1515ff6b773','55202 Patience Lodge Suite 124','North Jeffrytown','RhodeIsland','nkkv'),(233,'Carli','Abernathy','sheridan.reilly@example.org','65de9657234314c6e2e8128eed9d15f8655877f0','990 Kory Greens Apt. 337','Lizamouth','Mississippi','hrlg'),(234,'Rigoberto','Graham','ublick@example.org','9c6c72099ca282ac89407febb3efd0a310eb5749','4745 Bailee Trail','Schneiderhaven','Maine','fpgo'),(237,'Estell','Herman','yfritsch@example.net','c9f2519453ad68550c42dd5d76ba06b769565ee3','66518 Kuvalis Pike','South Dashawn','Illinois','toxz'),(239,'Fiona','Becker','dena76@example.net','c05e37504ab0532e768b1de6c2a14b4c606ec89c','386 Fabian Rue','Arjunbury','Massachusetts','bqrq'),(240,'Raul','Funk','jbauch@example.org','bc9af96b645e3705a0eee24fc8923f8a5994eb84','1982 Alycia Forks','Ziemannstad','Washington','zbvi'),(241,'Sydni','Emard','ishanahan@example.net','9c6ec22959a3fdc678aa0240830856bd813d3752','8581 Nitzsche Corner','Colefort','Maine','zfxw'),(245,'Mauricio','Schneider','tyler.grady@example.net','bfccdb2039c8e54730634b46e536abf5e986f3bf','97218 Davis Shoal','Jaycebury','California','fczk'),(246,'Audrey','Hills','kennedy88@example.org','73640389a62e933e64c7446b43b8015789e5c2ae','77443 Braulio Parks','North Taryn','Oklahoma','pztc'),(247,'Alia','Ratke','howell.kris@example.net','fe6b6f87f37ecc8d7220ac065262e6a5bf2b455d','72390 Johnston Spurs','Kieranport','Connecticut','ddko'),(248,'Shanelle','Boyle','kgoyette@example.com','ed0b2e764163963a8f10bb8b7e3e401ea407cc29','049 Frankie Creek Suite 241','South Dallin','Wyoming','sfzw'),(252,'Kamron','Rohan','darby.lindgren@example.net','5507e71e4c7003f2c416330cc9fd46db596a2d00','99864 Chase Burg Suite 062','Thurmanbury','Maine','pehi'),(256,'Vaughn','Wuckert','jerry79@example.com','4460c6b04f4b8f7e27ef374dc384b03ed5e43997','496 Magali Place','Haileyfurt','Iowa','sehk'),(259,'Nelda','Tremblay','kunze.nikita@example.net','4cd64927121052b33288d6b870efae2229175119','823 Annabel Courts Suite 771','D\'Amoreton','Kentucky','abif'),(260,'Hazel','Quitzon','fleta88@example.org','3e8fa1c1972bbd53b21574135d24818bd8501d37','08745 Dayne Parkways Apt. 598','Beattymouth','Arizona','cdvj'),(264,'Theresia','Murphy','yhalvorson@example.com','46c359d2b5bd1716918f1318876752bb0d5d249f','1498 Goldner Knolls Apt. 283','Nikoview','Indiana','wbsk'),(266,'Angie','Kirlin','andreane.lowe@example.org','3cb3560f0c29e8e7972a1144c59d19c3629820af','062 Markus Inlet','South Gardner','Wisconsin','dqia'),(269,'Jed','Bailey','stacy64@example.com','d80eb7b312e231b65ec4e3ded18af5e27de0c158','1796 Gust Fork','Port Dock','Arkansas','kxom'),(272,'Amiya','Torp','mcclure.gloria@example.net','c2342875e5966387ed93db41d4df6d96aff95cb2','11184 Stanton Points','Verdiemouth','District of Columbia','natf'),(273,'Lacey','Brekke','marc64@example.org','1b41c89fb8a078a7ad3b7d2d3d437e03e6cb6710','6713 Watsica Keys','Creminhaven','NewMexico','jlhk'),(276,'Breanne','Shanahan','tremaine53@example.com','fa93362e6a3eed9e7d3eb4b480ad8afcf3f8fad6','8487 Emerald Mall Apt. 195','Lake Lexus','Oklahoma','mhpi'),(277,'Nelle','Hilll','emmerich.guiseppe@example.org','40a660858e5330c9a4926f688486352d1d148727','2759 Block Garden Suite 821','East Orpha','WestVirginia','zmuq'),(279,'Norris','Durgan','halvorson.ruthie@example.com','508d709b5d23510df205583af539810c2fcd6869','70031 Schmitt Shoal Apt. 953','Darienberg','NorthDakota','nlss'),(282,'Bethel','Legros','wilhelm.quitzon@example.org','b6e80ae0188db69f3f4f9a3b56bfeee321b356ed','6013 Jayce Drives','Annamarieville','WestVirginia','hrvx'),(283,'Faustino','Hartmann','tbeer@example.org','e87f868a926cec979978e1d1604d9ab0b6ff93d1','379 Bettye Loop Apt. 503','Port Dimitri','Minnesota','znfi'),(286,'Kameron','Schamberger','chelsie34@example.org','d955c7f11ac50a6ddf815b15967d064dfcdbc149','851 Barrows Keys Suite 262','Heidenreichchester','Iowa','siyg'),(287,'Stanley','Beier','watsica.bertha@example.com','2588a90591e58054339a9630baa0a7d85c7f78f4','777 Jayce Greens','Johnathonport','Washington','abzy'),(288,'Jayda','Eichmann','stella82@example.net','7c957457349e56c096db411d4cd15ea733617243','11556 Al Creek','North Lillaland','Hawaii','rybb'),(289,'Reginald','Collier','block.carmine@example.com','a85dbe181f511ab284d25ef04e73dc8397ca61ce','616 Koby Haven Suite 006','Stromanberg','RhodeIsland','pmnl'),(292,'Citlalli','Kuhic','kaylin61@example.net','dd7cb94a9ad9351d76e9b1583d5c9424a200c3ff','0131 Johnson Corners','Roselynstad','Missouri','fvrd'),(293,'Araceli','Doyle','tiffany12@example.net','2c6b826bd4c24978569643514e7b6f58ea438e0a','549 Fay Stravenue','West Viviennestad','Wyoming','halz'),(294,'Coty','Williamson','janie99@example.com','4e35eecd99181bc5ce6fccfc9d6e254bb3cab360','799 Kovacek Meadow Apt. 400','South Olaffort','Vermont','irmy'),(295,'Hallie','Wehner','ngerhold@example.org','b53ad3702a7e02e9ec3af599d5ce767147a9d812','466 Edmund Park','Bergeborough','District of Columbia','yxvk'),(296,'Claudie','Cole','erika30@example.org','020af19e02df97e1a1b0a2de4434a381ea34adca','5601 Bartoletti Corners Apt. 276','North Eldonton','Michigan','zkeu'),(301,'Frederik','Cummerata','heathcote.kaia@example.com','26fdcb56bc9b52f76577bbea72777b24411eaf2a','42867 Thompson Mission Suite 382','Abeberg','Tennessee','rvuo'),(302,'Jerod','Walter','pjacobi@example.org','267e8862da5fadcc60c9f13b782dea6913e09c20','868 Stehr Islands','Lake Kylaview','Alabama','obat'),(304,'Lyric','Murray','berenice17@example.com','64b71cacf65f90000353bd746fb177a6d05d7733','195 McDermott Pike','Donnellyside','SouthDakota','rcgk'),(305,'Willard','Swaniawski','sipes.lurline@example.net','56e2872486deb6f1092e6a341ea57b37f6f4ea53','1472 Effertz Bypass','Flavioborough','Massachusetts','rcvc'),(306,'Kris','Rutherford','hazel65@example.net','15078ac003af29a1f73454504a116fad9543aa0b','9120 Metz Route','Blickmouth','Montana','tofq'),(307,'Quinten','Bosco','halvorson.anika@example.net','da47d348c4a02a1e0f59b179e9e045a05d77a9e5','835 Langworth Crescent Apt. 879','Jedport','Connecticut','kswm'),(308,'Anika','Medhurst','myra.kozey@example.net','5b40f0258238fa71d8cb31eb15b02da2eb4b7097','90458 Mark Meadows Apt. 408','Dietrichfurt','Mississippi','wnpr'),(309,'Bryce','Brakus','vdouglas@example.org','0e635814d092ad45aab1723412bd4ee367b2c664','62626 Harber Lock Suite 622','East Torey','Missouri','zsca'),(311,'Elfrieda','Gleichner','lschulist@example.net','a16913522258c57301cc61836064b110ace9169b','482 Toy Inlet','Lake Meaghan','NorthCarolina','wqyd'),(312,'Prince','Marquardt','ed88@example.org','37756882ec04f4f654fb1ceeff5eaab36f0a7124','44191 Batz Brooks','South Nellaside','Colorado','nqdp'),(314,'Alexa','Bartell','lynn21@example.org','e49c46abc13810898bcdbd513641cc2f00760de9','4801 Estell Dam','Blockburgh','NewHampshire','wafy'),(315,'Serenity','Hirthe','estel83@example.net','d5cbeb299afd5932687ebd8b83f76652a1be9014','22568 Daisy Forks Suite 719','Jarretport','Wisconsin','jouq'),(318,'Vito','O\'Kon','jast.lenny@example.com','5a0fdf0a08bff0a5f4499faa6ece7a9affaa4544','04695 Zackary Ridge Suite 310','South Hannahmouth','Arizona','dzen'),(319,'Albina','Walker','hmuller@example.net','44a0f357eafc7413dcf3edc64f57dd3f4e376990','477 Lockman Shoals Apt. 953','Prosaccoton','Montana','hrsi'),(322,'Demetrius','Jaskolski','jessy.lehner@example.net','cb5fd29b42f376d6ab121a71bddaf757a23a06c3','03499 Clair Drives Suite 552','West Casimer','Idaho','zutd'),(327,'Dillan','Rice','zmiller@example.net','89dff64aaa09728c6db13c1dd46f2a86a3865de6','123 Grayson Corner','Satterfieldfurt','Minnesota','gmmi'),(328,'Emilie','Douglas','collins.kirk@example.org','2928bb7f72d5d60e2606168c60e965609b6b26ec','1839 Bode Shores','East Fernando','Indiana','kzhk'),(334,'Chaim','Feeney','tkunze@example.org','7c0d56365d1ad24c46758fdf4f23bdaf95b48078','4472 Bell Greens','Hayleeville','Vermont','zxgj'),(335,'Johnpaul','Nolan','joelle.ferry@example.org','63c5574d3cd7817695b6912ce54557803188b63a','824 Hoppe Ways Apt. 901','Abernathyton','Illinois','qdbc'),(336,'Madilyn','Ledner','swalsh@example.net','362163dd8ec28fffa37d47bc3e6c7e6974a09716','626 Labadie Fork Apt. 519','Bruceton','WestVirginia','ditv'),(337,'Casimir','Windler','milo.cassin@example.com','782a616aea5edfd94547347600ded669f2bffe84','926 Auer Lakes Suite 409','Lake Anitatown','Illinois','erjy'),(338,'Enrique','Feest','tmcclure@example.org','dc53176c4b525b6fac8c8642c4022ad5cce1c0fb','921 Ernser Trafficway','Port Clairefort','Nebraska','redv'),(339,'Haleigh','O\'Kon','swift.krystal@example.org','abcf4afd7fe2a154a13eee545936cc5a5f2d86a9','15342 Vandervort Mountain Suite 825','West Dayneborough','Kansas','asvu'),(340,'Granville','Maggio','ladarius81@example.net','5bfb1c4dffedf7aa236c32cf500ec3d53513912b','903 Runolfsdottir Mill Apt. 772','Pearliemouth','Kansas','kjdo'),(341,'Nikolas','Hickle','dare.chelsea@example.net','78c70d9550749fd24443ba551ac01e5f46119269','23992 Bayer Parkway','East Amarimouth','Oregon','sjzh'),(348,'Dawson','Walker','qanderson@example.net','7ca1afa342201a776d9e40940c4e4ad24bce1fb1','40784 Naomie Shores Apt. 979','Alexandreland','Alaska','uxhd'),(352,'Nathen','Trantow','napoleon03@example.net','e9f976ed470f9a528ef1e249a2c35e97362b4d63','42870 Dayne Wells Suite 366','Lake Esperanza','SouthDakota','hrtp'),(357,'Tianna','Runolfsdottir','kshlerin.freeman@example.org','2f61144e0a8ab8ed83a8ce4ee911a4bc16e3eb18','247 Harold Freeway Suite 178','Rutherfordton','Idaho','bpbp'),(358,'Makayla','Lynch','tyshawn95@example.com','c51b71fe1d3d88a443a384c21edee4c1593e0aea','81521 Reichert Lodge','Lake Vidamouth','Illinois','ipui'),(363,'Jade','Doyle','stewart95@example.org','f5e069ad8b21f590f773afd876d3865e1037c919','6234 Eva Islands','North Darion','Massachusetts','olet'),(364,'Marge','Padberg','ransom43@example.com','cfc2214df6c0fee3ab1fbae730a738a4c841255c','2637 Amya Lodge Apt. 890','Preciouston','Connecticut','hxdk'),(365,'Meaghan','Predovic','pthiel@example.org','3692dab5506cb93f3f555f21e247f9c7eb1ddbc9','274 Laverne Fall Suite 916','Yadirabury','Colorado','kvuu'),(367,'Donna','Nicolas','candida90@example.com','d522a69d3ba7ca489b39721a1066d640ce145e98','000 Jonas Overpass Suite 761','New Whitneymouth','Iowa','pssp'),(368,'Keanu','Waelchi','zander47@example.org','5018a76c1393f00884c7993f697eb6ce9bd43b19','4488 Gillian Key Suite 251','East Abelardoland','Oklahoma','hwgr'),(374,'Kenyon','Walker','iklocko@example.org','67c21761b5cd40c7cd466e117fa005ab33662207','668 Fermin Oval','North Dorianfurt','Pennsylvania','mrfi'),(375,'Madie','Jacobson','bgorczany@example.com','b6a6cc40f28fc012d892d6be60605b6fc5492102','88791 Nickolas Street','New Kathryneborough','Oregon','teru'),(376,'Madisyn','Hagenes','volkman.cyrus@example.org','d7005f4b9acf59f47da4f7e565f2ad505dbed563','172 Mona Island','Paoloport','NewJersey','wdvk'),(377,'Josianne','Sauer','sawayn.arno@example.net','9c31113bfb95fb5cc28400f0dc3bf74e24e19267','8126 Name Summit Apt. 341','New Dixie','Montana','fzwi'),(378,'Triston','Daugherty','elizabeth.pfannerstill@example.com','22cbc0fd139cf41e5d31f9f71576c661412251c5','5407 Farrell Ferry','New Cecilia','California','jseo'),(381,'Afton','Volkman','cheyenne.gleichner@example.org','9d2a8010dec10fe0817e9648b93c64e26eb6f7ec','206 Tod Turnpike Suite 323','South Arne','NewMexico','kbdn'),(384,'Estefania','Torp','shields.madilyn@example.com','17390ba4cb51823d26f45ea2d57aa826eb3f3447','3316 Maggio Fort Suite 225','Breitenberghaven','Montana','amca'),(387,'Jameson','Rippin','powlowski.sonia@example.org','c9811e27c39fbcac39559a81fdb0affea1fc33d9','1827 Rodriguez View','New Rashad','Washington','avhn'),(388,'Arne','Connelly','wwitting@example.org','543950b16aea961240ae8235193c32c14c2494d0','0840 Baumbach Ferry','West Petraside','District of Columbia','hnnu'),(390,'Lempi','Kessler','kkilback@example.com','ec1e7f68744265757c929ebf9f7d018b1354bbc8','05833 Florine Prairie Apt. 171','Creminport','Kansas','vekn'),(391,'Lawson','Gusikowski','ova.kunze@example.com','45e1d2dcfae4234e9ae77e774c0c113e9866f678','969 Mattie Way Suite 444','Kohlerborough','Kansas','btvw'),(392,'Pablo','Lang','lemke.amara@example.com','6688db92b56ac0f0716130b4417c6be36fd2eef6','93277 Zemlak Fall Apt. 158','West Kellieshire','District of Columbia','hkeg'),(394,'Deion','Haley','luisa.jaskolski@example.net','1bd4e216b4e06d955825e7ddde67853f71b3ecf6','9282 Kristofer Spring Apt. 559','Eldredview','Idaho','kssy'),(397,'Violette','Lesch','bsmith@example.org','78380482a378a08bea1ff769a6e38d64b6d93fda','1052 Hills Vista','South Gersonmouth','Kansas','izqd'),(398,'Abraham','Grimes','ilittle@example.com','5f2d20fa7bcf3ad2e11ea3eb993440ec48090df0','311 Patience Drive','Elsaton','Nebraska','opgi'),(399,'Kayden','Berge','kassandra48@example.com','11fafaf68a35cfc25ba15fc2b43c88488e85b70b','64929 Roxanne Corner','East Sophie','Iowa','duza'),(402,'Mark','Gibson','rkling@example.net','fb9951d3c1afde239b22613ecccbfa919456eb8f','47006 Ward Vista','North Clifford','Georgia','pbmk'),(404,'Rogelio','Fadel','forest.waters@example.com','7c464f38e58eb16aaa7dd20125c395c686fa35a0','85150 Josefina Coves','Ericshire','Mississippi','unpq'),(406,'Kameron','Farrell','kristy.welch@example.com','ad5a2e83663666f1c5b86bfef613acb534ec1375','22611 Dominique Grove Apt. 568','Edmondfort','Arkansas','vtuj'),(407,'Bria','Wunsch','hilario.schimmel@example.com','e0deb39ceec35462f4793e73b514fda50c4f18dd','081 Catharine Turnpike','Bobbymouth','Illinois','yhwa'),(413,'Titus','Ruecker','zfarrell@example.net','6d6ee239ab70f85978580914e1d936b41b1bbe70','009 Quitzon Mills Apt. 004','Cummingsstad','NewMexico','bjyl'),(416,'Brennon','Thiel','jeanette.stiedemann@example.net','802163373f74581e5e1c409630f31486c7256efc','446 Bernita Islands Apt. 572','South Remingtonshire','NorthDakota','yean'),(417,'Presley','Robel','name59@example.org','6df36978dfe3e6c1f8d46cf47e2c7e70cc4509b0','975 Rempel Locks Apt. 405','Lake Lelahville','Hawaii','buwu'),(418,'Cordia','Haag','nathen45@example.com','0118b484cf0e0d6a79b07755acf0a78cae66f128','161 Schimmel Park Suite 177','East Justyn','Georgia','jwzg'),(424,'Judge','Macejkovic','hconroy@example.net','180cfa68af08bd93704b2ff96941d3c5815a52b4','05238 Glenna Estates Suite 787','Harberfort','NewMexico','hwua'),(426,'Wava','Klein','yost.crystal@example.org','7f170dfe93612ef52fa0acb137d5ca39e334edb8','9137 Talia Lodge Apt. 989','West Velda','Idaho','npnk'),(427,'Jedidiah','Halvorson','yasmine07@example.com','e2bf8e5ad0674032aa0c8407a8e1853d180d44cc','1452 Brooke Street','Mrazchester','Montana','gijn'),(429,'Joshua','Moen','kellen37@example.com','efbf9aa7495f0bf436476dedf7ba434792c6f067','77766 Walker Fort Apt. 955','Carleeland','NewJersey','dfhc'),(431,'Juliana','Cassin','natalia22@example.com','7f174366afb0612c024da842b84f67bc3deb6c68','754 Upton Burgs','Lake Kiannaberg','SouthDakota','ilqe'),(435,'Peggie','Sauer','balistreri.aracely@example.net','7c6b280bd34039fe00b662598fc036b2e1e9e5aa','469 Gilbert Track Suite 708','Earlenebury','Missouri','cmrf'),(438,'Elda','Boyer','dagmar62@example.com','7da1c7045c1c50a0626d0580454cb65c7874dc6f','1971 Mariana Branch Apt. 760','North Alfredotown','Missouri','bvfp'),(440,'Eddie','West','jayme67@example.org','24fda6156689149719d72455da7651815bbafd96','793 Jerrold Pine Suite 883','Stehrstad','Indiana','ayms'),(442,'Bradley','Lowe','rafael48@example.com','d2aaf33d902451c7e9a32c099f0aa076c1182af8','658 Amina Vista Apt. 403','Ellastad','Utah','skjz'),(444,'Eula','Quigley','dach.marcia@example.net','e6ed7a591a50a428767c6630b1cb6054a08242d6','84185 Keeling Motorway Suite 618','West Janiceberg','Mississippi','mpia'),(445,'Edd','Parker','sanford.libbie@example.net','b4e678fa71156c202732eaf40a460132d33aa9e9','5871 Treutel Light','Bauchhaven','Nevada','nmlu'),(447,'Bernardo','Prohaska','uriel16@example.com','5aca55920c0977a37121e1db83584f884ce8ab5f','92335 Vandervort Highway Apt. 556','West Lukasberg','Washington','rige'),(448,'Paula','Auer','vdach@example.net','3da6cce3b5316b0495b71eff01f773185e69313b','1369 Delmer Court Suite 938','Trompland','Louisiana','satd'),(450,'Dorthy','Keeling','kyla.cremin@example.com','9c17c170e22d2fb9bb26b0164a7bd595cceb4d69','66148 Rudy Springs Apt. 847','South Jeaniefurt','Colorado','cgvl'),(451,'Ian','Ryan','devin95@example.net','ee91bf6efc12e396d1ef99355db8e720ec1ff632','305 Wilber Crossing Suite 584','West Bart','Idaho','rqhv'),(452,'Lucy','Upton','johnson.kira@example.net','f0f8cd5077e4ba45b2ede39d0eb893bfff51b9b3','7118 Huels River Suite 022','Veumborough','Louisiana','lols'),(453,'Clemens','Beer','cole37@example.org','ed5372f2888e16ed45a38237d89036274f16fa74','467 Maggie Causeway Suite 166','New Chasechester','Minnesota','xgmu'),(457,'Mariana','Baumbach','amiya72@example.com','c9fb293ebf23acd1fa8e29e4770e45629405f425','3194 Roberts Turnpike Suite 823','North Milton','Arizona','uryl'),(460,'Seth','Miller','piper49@example.net','9e7b3d73e8c45603d3895c9b76b54fa17614da24','8167 Larissa Wells','South Dino','Mississippi','hhsi'),(461,'Cordell','Davis','gutkowski.johanna@example.net','3825d5a768ef6b0c2a86ea81ce2779e638784bbc','5677 Franecki Heights','Cindyview','Kansas','gjml'),(467,'Lila','Pfeffer','maxwell.gerhold@example.com','3e72c9229fd606aa8eb841e8c9d17fcd3446dadc','0329 Ally Prairie','Jessikachester','Nevada','bakp'),(470,'Chelsey','Ziemann','retha55@example.net','1f58b5e2c8833aed6963f980631818c13c981fef','0962 Friesen Skyway Apt. 734','Satterfieldport','Vermont','aavf'),(472,'Brice','Ryan','dovie02@example.com','cb096343f37be4c31b50eb77fb303f582071b3ec','40909 Kiehn Drive','Port Abigale','Illinois','lsrx'),(473,'Chesley','Von','mertz.shayna@example.net','1280bab744cba3ced8794e416e3f22dab4144fed','089 Kirlin Gardens','New Rebekah','Vermont','cfmf'),(474,'Reyna','Ankunding','gladys.schultz@example.org','880e827af8d90f43c2143fee87f39ba47ffbe526','29002 Sarina Plains','East Abbietown','Alaska','frwu'),(475,'Bert','Torphy','isaiah.adams@example.net','059f99f9163d13ac8dfdfcb81bf57797d8b72704','304 Lenore River Suite 058','Lake Green','Mississippi','ocxw'),(476,'Chaim','Bradtke','sauer.bryce@example.net','03fc4f97a618ae95d59a733f67cd1fe8911f5b89','49576 Adaline Road Suite 352','Krystinaton','RhodeIsland','gsdw'),(480,'Mariano','Bartell','tromp.emmett@example.net','cea7de1c18577c41a51a21e480223a016d718898','411 Herman Islands Apt. 824','West Derrickville','Wisconsin','qxyi'),(482,'Dulce','Ondricka','kennedi95@example.net','3e610e53eb0a05bf98cb4b1c6cdeb627baec2f58','378 Shanna Path','South Jonashaven','Missouri','keyu'),(483,'Jamil','Raynor','gina.mosciski@example.com','d376a0ed4ba7319edddba20c235f4fb042cd525c','32348 Ashleigh Mews','Whiteshire','WestVirginia','itpr'),(484,'Lavon','Berge','goldner.mavis@example.net','170a0bdfe5c147e50ac28b0a832316fda8c4ddd8','14917 Thompson Cliffs Suite 796','Port Kayla','RhodeIsland','rzbu'),(489,'Pete','Schuster','lbrakus@example.com','dbce9bc8d19628cf480f7549dfbd389303f0d614','80363 Thiel Plain Suite 179','West Conniebury','Wisconsin','mpcs'),(492,'Mauricio','Leuschke','sgislason@example.com','fffffa34eddffa09384f9f19e5a1188d657d4a9a','888 Erick Ranch','Port Antonette','Nebraska','yleg'),(493,'Krystel','Nitzsche','nryan@example.org','13c9942977abcdbda36ae94505ed6b8428084e5d','117 Odell Islands Suite 800','New Maybellmouth','Kansas','hhgr'),(500,'Irma','Runte','graciela.zulauf@example.com','8871ecae05f565c1557fbc013a44cd510f6b978c','5100 Delaney Locks Apt. 043','Lake Mandy','Idaho','qjox'),(505,'Chet','O\'Connell','ludie80@example.org','4a54fe712a18d1c23b76fba40b5b34bdaa5232ea','5134 Padberg Island','West Luz','Mississippi','kntn'),(508,'Maud','Metz','garnet87@example.org','d6e79e842bdae12be8b7b2bb74fad5c7852def1e','475 Weissnat Crest','Funkton','Utah','opfp'),(509,'Jamal','Ryan','oren97@example.net','a3232cf91faa48f089f26f8229335267720bf220','9599 Gregory Wells','Jeanneton','Oklahoma','yxzg'),(512,'Timothy','Wilkinson','eudora.goyette@example.org','a1bdc124a4bdcd5c9849c5fcc94ae51a4d5958b6','158 Sipes Fall','New Giovannaburgh','California','pwzn'),(517,'Braden','Hessel','kathlyn.wisozk@example.com','336ccf39a0987be87ce6f86bb632160427a2c30f','0950 Jess Hill','Annaliseville','Louisiana','nemn'),(520,'Verdie','Rippin','vstamm@example.net','3c1fccc464e9ba17daa1cf3186ce65763fb6ccde','64500 Yundt Inlet Suite 194','New Guiseppeberg','Oregon','lscl'),(521,'Aglae','Hayes','hborer@example.net','197f57c442e40f5c06f056eb40504512aae971fa','755 Nelson Trace','Pollichland','Arkansas','hedl'),(525,'Imogene','Armstrong','george.lynch@example.org','5a76844a0279f72f9646a2b992f1ad4aba2b3e6c','3205 Brock Plaza Suite 791','Marionside','Alabama','vrnq'),(528,'Kyla','Conn','xjacobs@example.net','64d3c9695ded128d1776c0ed94e9062845952c76','74222 Champlin Centers Apt. 059','Birdiestad','Arizona','ddae'),(533,'Maxie','Altenwerth','jacobson.mittie@example.org','3f79780a11e4f531f58be18ced73b17af5d27624','5937 Van Turnpike','New Juanaburgh','Utah','ecgk'),(539,'Sadie','Harber','jeffrey.cartwright@example.org','57b45389417c7718c90ae64d55df86eb07b1bcf0','68744 Reynolds Ramp Apt. 900','Port Maximehaven','Florida','htrz'),(542,'Domenick','Grimes','faye59@example.com','3c39e4005c8c5864304174df8d109a09f84a8a91','96708 Rick Ridges','East Hortenseville','SouthDakota','kjaq'),(543,'Lupe','Doyle','maci21@example.org','c5f32a9d67d27f7f4933b8af9dd2972d04e402d7','42317 Delbert Spring Suite 056','Schambergermouth','Iowa','efef'),(544,'Antwan','Hayes','johnathan.cummings@example.com','56b83b234f4a09ee6e4ddc42ed8d160fdc4496d5','75649 Glen Mill Suite 734','Jeromystad','NewYork','zyfv'),(545,'Jevon','DuBuque','ohickle@example.com','e8fc4185d804bf242828f78aae45564b7b0c5b36','411 Kacie Terrace Suite 576','Parisianberg','Louisiana','krbr'),(546,'Oswald','Jenkins','yasmin34@example.net','67716de27e3d08f2a706b66fd0b4ca1f2df4d2ba','9342 Kaylin Ports','East Noehaven','RhodeIsland','bewe'),(547,'Lorenza','Robel','schuster.jayne@example.com','c0deb6d7a50cb1cadeb92a8cbe0fc5a96da1ca56','9546 Cartwright Village','Calimouth','Texas','qdwt'),(554,'Destiney','Douglas','nettie.mills@example.com','8ca6015a33c8302a32b80c141f7032f8784a29e4','8234 Marshall Junction','Hahnburgh','Idaho','afkl'),(556,'Noe','Cassin','larry54@example.com','2e6590c2c2908d1d68edbaeb87bc6992818e9572','9400 Gutkowski Cliffs Apt. 873','Heidiborough','Ohio','udkt'),(557,'Hilda','Langworth','nboehm@example.net','be9112d29fb53257c826742bc6fb01b24026da82','603 Glenna Mews','Jerdeburgh','Delaware','jptl'),(558,'Damian','Senger','orie.vonrueden@example.net','6c9665562bba6de45d07918885a726166deac013','75739 Lakin Springs','West Cristalburgh','Hawaii','tohy'),(559,'Dane','Turner','towne.justyn@example.org','9b0f377321b94553b6ed9a9465371a9ff8ac8bcd','563 Carmel Hollow Suite 033','New Vernonfort','Colorado','dusm'),(560,'Sedrick','Bode','america68@example.org','c40cdb78efd7b8e66a59d2a9854d234b7dbdf746','487 Beahan Via Suite 634','South Henri','Alaska','lxpu'),(561,'Ismael','Bartoletti','waelchi.tara@example.net','1b05f4dc6a22c826d44e5b496ef1792144344f4c','067 Gibson Villages Apt. 035','New Janafort','Ohio','zpig'),(562,'Prudence','Rippin','wabbott@example.org','2a5aeae61203a0f86bcf96024e74e74468d57701','242 Winona Orchard Suite 255','Lake Nora','Alabama','mmzw'),(563,'Erling','Collier','ccrona@example.net','5bac10a0d17205d480f3d2bbdc58d485f80449a2','4314 Zaria Ridge Suite 674','Homenickbury','Colorado','oiai'),(565,'Reinhold','Lebsack','emilio.cremin@example.org','1a5ea2d3990b3dd067561353d7f4ff1a79500287','38940 Aracely Parkways','West Petrachester','Alaska','ciae'),(567,'Garett','Legros','vwilliamson@example.net','41665ba6c64cf1c3b1f0500736335571ec238617','489 Stokes Alley','Mrazville','Michigan','knrm'),(568,'Donald','O\'Reilly','nrohan@example.net','3d87efb132dd033b989ec98e309f41c36a0d7965','9909 Jordan Gateway Apt. 225','Port Jeanieberg','Indiana','dgne'),(569,'Yasmine','Koepp','casper87@example.com','f2f699c260b61cbe3aa977a9eca90195e3c146e9','8667 Dibbert Stream','Lenorestad','Delaware','jzec'),(570,'Tracy','Blanda','tomasa.kautzer@example.org','c641a5f0ef54b0d619618aea3624141327e4528c','4105 Ondricka Expressway','Ianhaven','Hawaii','ldch'),(572,'Monserrat','O\'Reilly','pjones@example.net','3476d59a17c608575dcb14ad2770f4e6e9c43682','73335 Langworth Unions Apt. 653','East Stephaniebury','Utah','idmj'),(576,'Lea','O\'Conner','okeeling@example.org','92df2df4ea5b1a1a621896ec5b4b9a3c6236cc89','711 Demario Fall','Sedrickbury','Idaho','beta'),(577,'Alyce','Schuster','mittie.koepp@example.org','9432b356a576d3e077e5d520859880e1da3ce582','41010 Lenora Highway','West Taliaport','RhodeIsland','oeow'),(578,'Xander','Kautzer','o\'keefe.mabelle@example.net','8fd2f208253498d3d82a15803fa049630867046e','247 Gusikowski Road','Pfannerstillville','Ohio','exvv'),(580,'Rosalind','O\'Conner','labadie.leland@example.org','f776c39236ee01aed0e097ebdf19098f8ceef321','3590 Johns Park Suite 814','Kertzmannport','Pennsylvania','nvbs'),(584,'Effie','Schultz','wmarks@example.com','862c7a9ee92c6b27bca9980400c36df53856c817','922 Johnathon Views','East Alejandrinville','Wisconsin','oujv'),(585,'Justus','Roberts','lockman.alison@example.org','0a7a52ba529f1bfb5a7953f0c1d35593f1712c04','861 Thurman Way Apt. 815','Jakeberg','Nevada','jfwd'),(588,'Reilly','Berge','shand@example.net','150fcc0db7dd51db61d95f14af10715a8edbcbd4','64638 Bashirian Center','Jaidashire','Hawaii','htel'),(589,'Haskell','Skiles','schmidt.wiley@example.org','cd382a213c0a1f772d91641a59ae009901252dac','97184 Senger Ports Apt. 742','West Emmanuel','California','bnei'),(591,'Elva','Gleason','maggio.claud@example.org','bae1452ea987f06b4441d174a5e6d55b2aa81379','6866 Johns Court Apt. 686','Dexterhaven','Illinois','fxar'),(592,'Alberta','Herman','dylan17@example.org','53a448bb645f8b1b8ec2806bb3af25c5b451940c','46437 Kilback Shores','South Lavernaburgh','Iowa','voeg'),(598,'Teagan','Armstrong','pboyle@example.net','5ef410a17aaf70ef096ec551f1773826b678bf73','825 Durgan Mountains','Trevorport','Idaho','qpzf'),(600,'Torrey','Balistreri','elza51@example.org','084d41474456d9c8506c3f9e0922fe6bd705cc4e','232 Nathen Crossroad Apt. 880','North Bart','Nevada','gwfe'),(601,'Annamae','Mayer','orpha19@example.org','d784dc7b0de202ae9bfaf6fd4ca026d1b2b47790','320 Concepcion Point','Port Isabellastad','Virginia','ppei'),(602,'Ernest','Goodwin','cayla.rice@example.com','f4f6e5a6a4516473a6920490ed9663ef11451c31','872 Koby Viaduct','New Jewel','Nevada','jioy'),(603,'Mabel','Schiller','lynch.ricky@example.net','9d518bbb24b6660030c62ac36a67d7759a442958','00665 Gregorio Mountain','Gutmannberg','Oregon','eqtb'),(604,'Alize','Weissnat','domenick90@example.net','5224c9077fe50ba614c6759cf45bd53f55cfbb67','59328 Becker Islands','Blockville','Arkansas','rznj'),(605,'Izaiah','Bosco','wgorczany@example.net','3b7f63574c5a690275e38f3b3f542f86df9c502a','15062 Brett View','Herminiafort','Indiana','rrlq'),(606,'Elsie','Rempel','judy.marvin@example.org','791d5dd1f61ec9dae03818cd14c8bd29a2d7d873','335 Keshawn Pike','Port Cielochester','Utah','gqjf'),(608,'Elnora','Borer','nicklaus50@example.net','2812179629bcd2d027ed76dec00327f4d3113fc8','8403 Kody Crossroad','Mrazside','Delaware','wlzf'),(610,'Diana','Beier','jamie.osinski@example.org','f84270bac27e2832cba0c425610561349a96265a','591 Hayes Rapids Apt. 276','East Georgianaton','RhodeIsland','rigf'),(612,'Ellie','Miller','tyrique.rogahn@example.com','86f64859bf95ced946e96a7a8923a3293b7055ee','046 Damaris Corners','Everetteside','Delaware','ufcb'),(614,'Cathryn','Anderson','aratke@example.org','5d2c88a429163bb4a3aa9aa6133c028fe9e70204','820 Hayes Walk','North Sandramouth','Nebraska','pvel'),(615,'Alexander','Bahringer','von.mervin@example.com','8de1e3b8c2f94709ef98408e2f9f9f48868e617d','1457 Eulah Meadow Apt. 074','Robertoberg','Arkansas','mmwj'),(619,'Lonnie','Huel','sabina78@example.com','68283fc9bba860b65cf4db35b7e767cbb4016c7c','91678 Margarett Harbors','Stiedemanntown','NewYork','hexp'),(621,'Haven','Murphy','pierce.adams@example.org','0e8c7c915b8ac3bba7da0d8c691be077dfe81eb5','66913 Johan Glen','Joehaven','Hawaii','lvhb'),(624,'Vada','Jakubowski','wjast@example.com','bbb881f50bf2334ba969adcab5859418e7a3d3bc','729 Wolff Mountain Apt. 674','East Clovis','California','motc'),(626,'Donnie','Kunde','astrosin@example.net','bef172da7bbc65f4044427c34e9cc8f7ddd9d249','50034 Barrows Via','Ornfort','Oklahoma','whfc'),(627,'Tamara','Shanahan','alice79@example.org','db0e66a84c25ae27c48db43a93521d346070043e','09401 Schulist Locks Apt. 347','West Roselynshire','Delaware','ngme'),(630,'Demetrius','Rempel','frederik.dietrich@example.com','896d52f0235dc58c0c415b16121b41f317f6423e','0619 Arvilla Course','Port Davion','NewHampshire','fofe'),(631,'Alia','Maggio','nikolas.ebert@example.net','d25d0b7757d775d9340bebd8170363fd958691dd','341 Bashirian Rue Apt. 879','Josianneville','California','mjkx'),(632,'Melyssa','Marks','nola71@example.com','230d1817bafc1a5994a9464d13ed2f69992424dc','131 Darrell Ranch','North Alaynaport','Minnesota','gtjq'),(635,'Danika','Hyatt','schuppe.coty@example.net','de6e957a3054214c0f832e02ef5e8bce77b352cf','7013 Ardith Stravenue','Zoieton','Montana','yzfa'),(636,'Donna','Lesch','jason17@example.com','ef5170e00ddc96acb2244fcfb14e01e6b33ee87f','29564 Spencer Park Suite 900','Steuberfurt','California','aysw'),(639,'Keshawn','Nitzsche','sadie.zboncak@example.org','d4ac5c5c06ce87a907f78ead6662a61c6682b05d','41827 Leanna Meadow Apt. 669','East Gladyce','NewYork','mdid'),(640,'Rudolph','Schmitt','kennith44@example.org','77137075e4e3981fb47f11693ff10ad99eabf4b7','884 Lindsay Falls Apt. 317','South Tayastad','Kentucky','awhp'),(641,'Addie','Reynolds','adolf.stokes@example.net','d678e9b187609ea1f3b498748bd47a98ca0e38f3','78708 Hyman Meadow Apt. 470','East Kameron','NewJersey','sueq'),(642,'Layla','Macejkovic','tyrique01@example.com','1698d78aab2e472da6ae76302c713dd2bc386a0c','62740 Gorczany Fields','East Kalehaven','Iowa','xnzp'),(643,'Gus','McDermott','carter.mae@example.net','4d0bbe85dd86e108f4561599bda26e60a9c8727e','3156 Hermiston Fort Suite 905','Madelinestad','NorthDakota','pljw'),(645,'Jeffrey','Kuvalis','clemens.reichel@example.org','56b0432c629343223983e4b39521529fe97a6552','0519 Bulah Harbors','Port Jeraldton','Georgia','csdc'),(646,'Joshuah','Huels','maeve84@example.org','bc0ac1d88da8f5b75619e7693af50592ea250fa1','334 Brandon Plaza Apt. 693','Lake Freidaland','Michigan','vhgd'),(647,'Christelle','Hane','cordia64@example.org','89254b161e786bc7391f1dff5ec95d4a39eff5e2','2518 Antwon Isle','Lake Noahton','NorthCarolina','jpwc'),(648,'Mackenzie','Raynor','jordan71@example.org','50cc1810b76cafc98315ced6eb0a0370c1959001','219 Weber Knolls','East Jeffreyhaven','Utah','ayfy'),(649,'Lonzo','Fritsch','kuphal.dennis@example.com','6dd17af458dd4cdb4e2ff827ab5cef145b476534','08309 King Lights Suite 402','West Aliyah','NewYork','pcke'),(654,'Kali','O\'Connell','ellsworth.dickens@example.net','f121495f629c7c64907cefc5bc749b54b8a10911','73351 Sallie Plains','Raleighfurt','NorthDakota','ozlr'),(655,'Sallie','Corwin','arohan@example.com','d06bb7e83b041f3b8385360d19c20cb6cd0787bf','562 Mayert Light','Nathanshire','Arizona','ptlh'),(659,'Valerie','VonRueden','reagan.altenwerth@example.com','807e670ce3c29a236c0588b6c8804deb633cec92','7000 Murray Forks Suite 882','West Bernhardton','Connecticut','qopb'),(660,'Lois','McKenzie','mitchel99@example.org','924a05b6c84f0a6efad4006b07972607572610a2','4580 Connelly Forges Suite 984','Ziemanntown','Utah','ddiy'),(661,'Elsie','Mohr','marielle39@example.com','e925e5647270c31559dc46f6f41518f6abee46e3','98644 Otilia Island','Eldonton','Iowa','zsao'),(662,'Ransom','Bartell','dhalvorson@example.com','bf80f5f9b60fb4ffc08ab07b1fd3092cd0ae088a','547 Randy Courts Suite 332','Port Citlalli','Illinois','iqgj'),(664,'Alex','Hessel','elsie.morissette@example.net','036eafc85617b6704ba64579a48aebdc6766c3da','8497 Bartoletti Stravenue Suite 845','Port Camila','Nebraska','jbrs'),(667,'Lillie','Collins','adolfo.schneider@example.org','6508990481f964a779849fd8acb397aaa51a2704','45282 Murray Mount','Dakotaburgh','Minnesota','dsxr'),(668,'Hoyt','Walsh','amina18@example.net','a85e13d1803c5c6a0236d0773058845937b9b20f','323 Koch Crescent','Lake Amirside','Alaska','tjhu'),(672,'Berniece','Dooley','npaucek@example.net','3889a5691f01747e58a68b11abb118ba6344a689','71080 Pfannerstill Hollow','Pfefferchester','Massachusetts','lpog'),(673,'Gabriel','Fadel','ferne55@example.org','3672b95fe34d6e56c0ef9e7860f7281c9c70b288','19961 Gerhold Villages','West Charleschester','Oklahoma','qrxf'),(674,'Raven','Goldner','xturcotte@example.org','0caeb8c87102c3728c1272721b159e85afc4e3a5','66840 Howell Corners','Kohlerton','RhodeIsland','abzk'),(681,'Myriam','O\'Reilly','lwolf@example.org','fee2f5eb50aa3cc84a6cc6d7e3fe1249fe14f3d4','7622 Beer Crossing','Ahmedview','Wyoming','gkdw'),(684,'Damian','Quitzon','casper.savanah@example.org','886bda66294bedd2f593f3b77bb1ee5584fa888e','564 Kamren Islands Suite 413','Robertborough','Nebraska','hryi'),(687,'Bryana','Russel','dahlia68@example.net','6980e958400906433be3e4795c041aa0f561e1af','194 Hagenes Bridge Suite 746','Penelopeton','NewJersey','sagp'),(690,'Mertie','Hudson','sterling89@example.net','841921a306cad95202346ad76ada98d54a2a2780','1410 Dare Locks Suite 328','Runolfssonmouth','Indiana','msat'),(692,'Lola','Kilback','hcremin@example.net','efaebc4d380d62b300a07eafaedd55b90eb8f80c','285 Natasha Walks','Tretown','Maine','rclu'),(693,'Ocie','Oberbrunner','zschumm@example.net','ffa993028c61c8179da1ac3e3b232d2daa29d3a6','7292 Holly Prairie','South Ryan','Maine','kazc'),(695,'Orion','Mertz','mann.yessenia@example.org','0914e450457ed0753806f50d1a226dc685d3a1ca','7431 Wintheiser Place','Dedrickfurt','District of Columbia','mdfq'),(696,'Gilberto','Barton','uharris@example.com','c431827f521fd727cd4c81ad16bc910ddca8ab7d','704 Keeling Cliff','Jonesmouth','Wisconsin','trkt'),(698,'Lulu','Olson','dwilliamson@example.net','ec117a2f288d933d3b439bf08daac47787de8be5','8237 Summer Village','Lake Yvonne','Vermont','rlif'),(699,'Miracle','Trantow','krath@example.com','b16406e7efcbe78930ec3eff69f2f6aa769b7569','4776 Willy Forge Apt. 882','Champlinberg','Connecticut','hfqu'),(703,'Gordon','Dickens','mills.karson@example.net','f7295d69877a43565d7bfd08da197b6dcb7d1dbf','7257 Ullrich Shoal','New Randalton','Indiana','lxrl'),(704,'Devin','Bode','skshlerin@example.net','d96b695b7211be628cbf776a9859cd9c6f7354c0','922 VonRueden Key Apt. 569','Kylerstad','Nevada','xdqx'),(705,'Makayla','Hudson','imonahan@example.com','a4b8039f59ecadbdeaddc7c6fbfdeff22a328734','158 Lynch Inlet Suite 686','South Eusebio','Arkansas','zhqb'),(706,'Irma','West','dolores78@example.net','d8f3463d9613636aa5991040bb9820d397c541e2','4612 Larkin Ville','South Briceberg','Maine','fetn'),(707,'Xander','Dibbert','isac.white@example.com','363097e7bc462e54ac6592fd67aedbabfd2c3f60','80066 Harley Inlet Apt. 337','North Sunnyland','NorthCarolina','gdeh'),(708,'Casandra','Lowe','tyree57@example.org','03cc73c8c72550e31ce7c36a2cc1abbb25b5aee6','8535 Rosenbaum Light','Maritzaport','WestVirginia','qufy'),(709,'Dulce','Huel','nels68@example.org','39c22ab808d9ad306e115d2cd303403ddfb6b129','544 Bernhard Lakes Apt. 584','Sallieside','Maine','uwgk'),(711,'Zoe','Renner','balistreri.eladio@example.net','7bf8e4109e4be6d5b787b1ee6e38b8ffdc0dc9ba','67559 Roy Viaduct','Pearlieberg','Minnesota','wnbu'),(712,'Roma','Ferry','amy94@example.net','0c348a1481d0d0521affd068d6855c86cead33dc','39939 Leuschke Plain','West Mitchelton','Oklahoma','oltc'),(714,'Gunnar','Stamm','tbauch@example.org','49515c6a1c919de90b81431f6dc9928ddce65117','7236 Volkman Lights Apt. 247','Darianshire','Arkansas','ajov'),(717,'Addison','Wehner','owisoky@example.org','f50377565c6699d1b26e0f250b2c2e5c25bad07a','7649 Crooks Branch Apt. 617','Maeveland','Minnesota','zmle'),(718,'Gustave','Maggio','trycia75@example.org','c6ce0047a76d4182ffa8403eb523513fc3240b6d','76087 Jaron Pike Apt. 797','West Jessika','Oregon','tqcv'),(722,'Name','Witting','kenyatta.nader@example.com','d600dd952c258325a821ebbc1aa143a267fd58ac','5123 Towne Roads Apt. 627','Port Gregorioside','Colorado','xwfk'),(724,'Max','Adams','herman.estelle@example.com','1243f6cd384881c09100e7d58f28dc9b8baf90c7','14723 Berge Common','Priscillaville','NewHampshire','wsqo'),(726,'Maximilian','Kutch','danny23@example.net','03e2208f905a95d928253bc0901a6f9968264ebe','3169 Denis Mill Apt. 536','Adrianastad','Alaska','zdnz'),(727,'Polly','Lueilwitz','abdul.ferry@example.net','c5218cff56e52af38ae476fccbbfb82355abfa51','86847 Hayley Alley Apt. 827','New Charlesfurt','Montana','wosg'),(728,'Tom','Wehner','chase.stroman@example.net','d005bfc546e0d5437f57b23a7f6fb24a36fd57ca','4171 Adele Crossroad','East Maiya','Wisconsin','tjaa'),(729,'Floyd','Haag','ava.ledner@example.org','d9c039a217fca259e6c1aff4226b7bbc6f390cbc','9409 Brooks Mission Suite 245','Enochberg','Wisconsin','hrse'),(731,'Adrianna','Hills','mccullough.salvatore@example.com','b3d7aabe3496d4da2904d214c4a57c8d774831df','8561 Marquardt Route Apt. 944','West Ola','Arkansas','lvgl'),(735,'Isabella','Herman','clifton.mitchell@example.org','c17f01ab8793820c8112503a6b8ac5c4291c4170','510 Little Parkway','East Darrelchester','District of Columbia','jrvo'),(736,'Halle','Wehner','loma87@example.org','64c7d23a529aabd0fa7642cfd2dff9e10e899509','41333 Walker Forges','North Lonny','District of Columbia','ycfo'),(738,'Cecil','Kunze','eladio.nienow@example.org','08f074bf466f4f8e6f97e87bdfb2e21d9e40435d','4599 Konopelski Route','North Mitchelport','Kentucky','seko'),(740,'Herta','Simonis','flatley.melany@example.org','c67315089bf27be209233e42406230f094f393c5','27089 Alana Burg','Armstrongport','SouthDakota','zkrb'),(741,'Yasmine','Hansen','elenora53@example.com','d88b7f03daa9821f8f198d9be999f54c6b0ac132','1883 Kovacek Mountain','North Urbanchester','Iowa','vmjx'),(743,'Margie','Nolan','cheyenne.considine@example.org','4c0c7f6f3d50c72bd0d0998c0c8546149666d0bc','2595 Antwan Parks','Janahaven','Georgia','gqjy'),(744,'Marcelo','Kreiger','okuneva.amir@example.net','39533259a701f9776454b88fe115ce768cc80189','49970 Upton Radial','Port Makayla','Mississippi','atin'),(745,'Corbin','Botsford','rebeca.mante@example.com','f90117c8aa36da3dc889c87aa9d043fe5429a72e','96477 Wuckert Camp Apt. 098','East Bette','SouthCarolina','pzpr'),(746,'Cornelius','Thompson','ratke.lexi@example.net','c0cc9d5ce203877763a70fc64fdd6227935a4fbb','23890 Brycen Ramp Suite 508','New Mireille','Kansas','iprc'),(747,'Rhianna','Metz','oral68@example.com','f1719b096c805c20cb63a8bc1bbf6516c44d0fc1','375 Dibbert Light Suite 955','New Anselmouth','Nebraska','pjyh'),(749,'Selmer','Pagac','zbrown@example.net','e7708cb00defacecb2326072b4b13ed04f2adb6c','12480 Johns Village','East Lisetteburgh','Alabama','icat'),(751,'Damien','Lebsack','ethelyn.cartwright@example.com','ed74252d647b87f491fa14206c95531115797181','1452 Margarette Well','Port Pedro','Texas','mrmk'),(754,'Christine','Abernathy','julius.kulas@example.net','b97f2531fc1dd51c2ac307841f37fad00ada3fdf','77674 Nikki Stream','Lake Onie','Kentucky','jxag'),(761,'Halie','Fisher','austyn72@example.org','e9d53169f48db5c1e274927b5f4d9365f7f07ec7','19049 Clemens Trace Suite 022','Port Judy','Virginia','rngk'),(763,'Maymie','Nienow','leslie68@example.org','eb0de8b5fff3d315510cc54b7ffe20492254339c','521 Garett Coves','Croninhaven','Nebraska','zkaq'),(764,'Kellie','Farrell','fwunsch@example.org','08d0c42631cfd46ab173467af0a32d50bc54ec6c','587 Hickle Valley Apt. 340','Lake Bridgetteshire','SouthCarolina','opnx'),(765,'Annalise','Rohan','jwiegand@example.net','b2929f3c8ef6d28caf41cb9557681efe22becc51','3181 Schmeler Court','Port Archibald','Alaska','kkju'),(766,'Lawrence','Ondricka','axel15@example.net','303d003e7f5130da9837788817a4165bec630880','94568 Schuppe Turnpike','West Hesterbury','NewMexico','ttiq'),(771,'Dejuan','Quitzon','hailie.schaden@example.net','19c329c8271994bee15f1db00ef4e76d56281524','14953 Kreiger Circle','Darianaland','Alabama','eimk'),(774,'Loyal','Cassin','waino.thompson@example.net','cd8653a4eebdd7937e392f660721da5a5d6192d6','48056 Marquardt Forks','Quitzonchester','Tennessee','ozzd'),(777,'Veronica','Funk','watsica.jermain@example.com','6031bfa7122a8afe17fdd63dbfc9af5db3fefc77','42840 Lemke Hollow Apt. 803','East Louvenia','Hawaii','laqn'),(778,'Allene','Champlin','adeline78@example.com','df1fd6612b1ee6093c20eb99a8c57ccfd48c03b0','3320 Kassulke Land Suite 198','Lake Barrett','Oregon','ebsw'),(779,'Joanny','Rau','lorna65@example.net','095832650231f76f768b7e47d5c383d64216ad8c','378 Octavia Road Apt. 649','Virgieland','Oklahoma','mexk'),(782,'Kaela','O\'Conner','tanya.beier@example.com','8d757e2be4df019ae3e04955e5657c1cb3924086','920 Bernier Village','North Austin','Illinois','nvgt'),(783,'Grayce','Greenfelder','smoen@example.net','5a261627cd9771dbdd72d3bd111c6efaf698d32a','13978 Strosin Isle Apt. 162','Beermouth','Alabama','wres'),(787,'Elmo','Wiza','howell.anne@example.com','969b05b3667edc8c008943ef439e2ac411df48d7','73470 Edna Stravenue Suite 329','Hahnchester','Tennessee','ujiu'),(788,'Jaquelin','Reichel','bstamm@example.com','5291481b015370f990925eeac6dbdd016edba668','93902 Bashirian Greens Suite 201','Loweland','Vermont','wizn'),(789,'Trinity','Senger','chelsey17@example.com','86e2d6e8bd609fc2ffb90a58667272f2797c9cb9','7955 Gina Mountain','South Garfield','NewJersey','lguw'),(790,'Jamir','Jones','stephan.emmerich@example.net','e417757e32feccf64ca7023bc383b3b68953a5fa','311 Korey Meadow','West Natashafort','California','ljez'),(791,'Emil','Mann','ericka67@example.com','efa6d5e2b5548e0dd71ddcaf9cf0dc2cee07fb9a','33189 Tia Unions','South Madelineville','Arizona','ntmi'),(794,'Jefferey','Jast','reva91@example.com','ef1b137fed4a67cce6b0828684c38691daac3677','695 Maggie Meadows','Carolynhaven','California','amui'),(796,'Johnpaul','Blick','ethelyn78@example.net','9c6de847b00dac149b8ea6bdc49f1ee34c95c2f4','7404 Rolfson Squares','Port Sigridville','NewYork','ynfm'),(799,'Kristofer','Keebler','metz.fatima@example.com','efa1e8a1e6b9f4ce84de65e76b6250a164707664','442 McKenzie Lake Suite 659','Jaskolskifort','Pennsylvania','zquo'),(800,'Roxanne','Hegmann','ibrahim68@example.org','5d573de24f77e5b74382a025e4dbd34f0cc84d2f','38319 Hintz Road','Roobburgh','Tennessee','rjyc'),(801,'Floyd','Pagac','owuckert@example.net','b9315a84379a621ff3d031de76495ab1b5b38c85','2861 Karina Ford Suite 261','South Gonzalofort','Massachusetts','ppab'),(803,'Eliza','Johnston','jamir71@example.com','b3427dfb5c002b4be3871a399e3200bee1f1ba66','3096 Bosco Shores Suite 054','Lake Sheahaven','Oklahoma','cvgc'),(806,'Porter','Crona','zhermann@example.net','0eb03c647033b098545b6049e81a103582c39c98','68047 Kuhlman Street','North Linnie','District of Columbia','lhja'),(807,'Felix','Connelly','keaton.mertz@example.org','a5b2a6ecaf3a2109e4df8211c466ea0e0bfc3237','760 Kassulke Centers','O\'Reillyside','Maine','anmo'),(810,'Kim','Bergstrom','wolff.madelyn@example.com','d548ad8e901f24cee91db0ccddae99d124e12f80','677 Giles Dam','Janetmouth','Vermont','nnfc'),(811,'Nikko','Kshlerin','celia41@example.org','e38c5028fc2c31a4e6538e6b51009949d16e85e0','4237 Tillman Drive Apt. 229','Granvillemouth','Oklahoma','emsp'),(813,'Brooklyn','Trantow','pete72@example.com','7623ee6fd9f5f36de5d301fc39f041ef760986f5','056 Lula Village Suite 655','Lottiemouth','Montana','dmfl'),(815,'Fred','Ziemann','benjamin73@example.com','7bad924736d71c7e7c1d99fd2074f7309cf39b1e','9097 O\'Connell Fields','Narcisoberg','Wyoming','yaqm'),(816,'Presley','West','houston54@example.net','df499776cd3e4bdc4d15d5ebc49df1972b0919b4','78850 Koelpin Junctions','Leannonberg','Missouri','hgae'),(817,'Hayley','Lynch','carole.stehr@example.net','45893dd130dad3047e04acb92414514cfe639958','415 Bode Ville Apt. 120','Shawnamouth','Vermont','sonn'),(818,'Arlo','Emmerich','grady.kaycee@example.com','2d1e2e006697c52229b613c2ffb9db635f07e17e','6427 Obie Park','Earnesttown','Oklahoma','yyzx'),(820,'Jett','Erdman','hschimmel@example.org','342161658b5b82589c4ca0a91d437163be1214c0','0505 Runte Points','Volkmanburgh','Nebraska','dtyu'),(823,'Jessie','Bahringer','jlindgren@example.org','a9250ef27aadd18ad3ee574f436d967fd51a314a','587 Goodwin Centers','Wolffburgh','Texas','uuvf'),(827,'Bethel','Haag','ezekiel69@example.com','0495e3f14478b7683bb943237511027fdf05dcb0','1939 Jessy Hollow','South Lorenzaberg','Wisconsin','fmvj'),(830,'Alexandre','Pfeffer','ena.feest@example.net','fed78c590130a65fca6e14332015ae25c8a31ead','3858 Moriah Road Suite 649','New Savannah','NorthDakota','fadc'),(832,'Santiago','Stroman','barrett89@example.net','b33dc126e78870f4f0424f29bf6753094acb199e','9451 Feil Curve Apt. 554','East Elianefurt','NewJersey','wnok'),(833,'Jerad','Prosacco','turcotte.florence@example.org','7ec30afe718650b69d8da0ad006f04c19d679fd1','6146 Grimes Islands','Lake Lavada','NewYork','nsrq'),(837,'Fredrick','Schmidt','houston.tromp@example.net','1287511f2f18b8c192c7e661ea7d47e7603c2e4a','98526 Gusikowski Locks','South Bulah','NorthCarolina','pwgd'),(840,'Caleb','Larson','mikayla26@example.net','51c2d70391b0225cc0b78584260a2fb4d895eb44','1723 Willms Port','West Darrickmouth','Ohio','abzz'),(841,'Raul','Hammes','mariela33@example.net','007ea6cfdd263ee07a4945d9de05e9a0430faf47','07626 Wellington Oval','Larryborough','Wisconsin','blst'),(842,'Ellie','Funk','nruecker@example.com','fcb23b05fc7780da93cab209684bcdfe0fbb160f','80884 Borer Circle Suite 855','Hettingerburgh','Missouri','hzbz'),(843,'Maia','Russel','dusty.dicki@example.net','c574823bb06233218973aad4b3bb53ee04a392b2','9673 Anne Trail','Lake Vincenttown','Wisconsin','ezic'),(844,'Sheila','Jacobson','arno63@example.net','ea4a48b9a149b2b2f2e4591b2871fb90f05732ce','9806 Marquardt Ramp','New Dillanport','Kansas','qbbf'),(848,'Ceasar','Tromp','fboyle@example.com','2df74ec4243da4acff2bba2c7b6def9c1711321e','91264 Jeanne Locks Apt. 507','Leannonfurt','Virginia','zchw'),(850,'Kyra','Klocko','zmertz@example.net','b9ca7036a3d1f8993738d51b813205793d7f754c','97957 Dicki Village Suite 217','Lake Astrid','Hawaii','mcxb'),(853,'Adonis','Green','rosalind.denesik@example.net','93cb8cc5397c5c50e06a00dd29178bee0089d740','669 Pinkie Hill Apt. 537','Lake Rosaliaburgh','Ohio','sdly'),(855,'Jarvis','Fritsch','crystel.gleason@example.net','ddab0f6f3c1f1a5d145d527932d882f08dc9d42c','85272 Murazik Flat','North Ardenmouth','Ohio','sfee'),(856,'Scot','Ullrich','ktoy@example.net','fb0b481cfdddea026a4b6ebfe419381bbc1c3f1f','291 Ward Plain','New Jakayla','Kentucky','caut'),(857,'Jaqueline','Donnelly','ollie.morissette@example.net','d134653187b8e2f8c2ca8fbecaa3c0b7acd9dcb9','3939 Hammes Trail','Hansenside','Idaho','qdtc'),(858,'Rachael','Frami','estreich@example.org','decae7e41ea3b343afae52d00d349c28b5f51cac','873 Prohaska Burgs Apt. 548','Jackiehaven','Wisconsin','duet'),(859,'Jake','O\'Keefe','brannon.strosin@example.com','90dd1844d91c9cd7d6a5f9e9295d7efe4d746223','12625 Eduardo Court','South Everettchester','Indiana','qygq'),(863,'Oran','Kuhlman','malika15@example.com','2bbed9931dcd2d6fabc94a688b590606327a83a0','370 Swaniawski Shoal','Corinetown','Indiana','nfls'),(864,'Tobin','Boehm','khilpert@example.org','7c47bdf01c4cbe5421d1f787739177006e060620','0201 Fritsch Knoll','East Eve','Mississippi','aysx'),(865,'Aditya','Wolf','delphine.kuhn@example.net','8c65c97ff7c3d841f249a4c0d76dd230f26aa1bc','40432 Rosamond Pine','South Jeremieview','RhodeIsland','prvt'),(866,'Alexys','VonRueden','olaf48@example.com','dcb8be2e7f733d1e78c2f0adb6435b6aabd23541','7790 Shane Rapid','South Xavier','Delaware','wiuj'),(868,'Krystel','Baumbach','fwuckert@example.com','92ca780d9f87f359a8a07ece363ff885b3c9785b','868 Myrtle Mills','Ernserville','Mississippi','focw'),(870,'Janelle','Towne','oren.schneider@example.org','bdbb4d29826e8c3d255633b0d81c5d6a92aa1ec6','928 Ondricka Landing Apt. 777','Port Beryl','Arkansas','tvcl'),(871,'Gloria','Schulist','patrick.glover@example.com','7eb46402026bbd6751a5f69d978a795927dd4b5a','99595 Moen Unions','Beattybury','NorthDakota','nnjz'),(873,'Demario','Gutmann','alexandria73@example.net','45c689ce272c4cd32177ec5bba8b036b666e63d2','75634 Liam Mountains Suite 011','Flatleyland','NewJersey','fiiv'),(875,'Felicity','Sawayn','mable.leffler@example.net','602dbbb3be473474fc3f081f7f9c4c32ad5e427c','2309 Keyon Trail Apt. 383','Port Phyllis','Utah','bgdv'),(877,'Korey','Wolf','damian00@example.net','b6bd4fa50b288c251413b53876d29261d0de1358','5963 Zoie Pike','Auerton','Georgia','mvsg'),(879,'Lurline','Skiles','keanu30@example.net','c6d7757b3859272c368b7fbcb937db14f8d1f0a4','877 Demarcus Unions','Rossieburgh','Arizona','upnd'),(881,'Hudson','Hoppe','rreichert@example.net','d77bf01ada28af047690ea509ec94596c2706ac0','15195 Lonie Mall','Millsland','Kentucky','gueg'),(883,'Ethelyn','Reichel','cyrus17@example.com','91ee3d5541ffa40ad7f10d75853a1a1a21bfc55c','0974 Jairo Oval','North Cheyanne','Louisiana','jcwh'),(884,'Jacquelyn','Collier','edythe10@example.org','89be79d79bfdd06064fcc15bf5e4897a9ccd3784','923 Mafalda Turnpike Apt. 161','Port Emilton','Vermont','upua'),(885,'Neva','Howell','roselyn.moen@example.org','ad1ccb68c008f830775a7de3266de92ebae1b192','403 Abshire River Suite 174','Darrenstad','Wisconsin','nxhl'),(886,'Uriel','Turcotte','douglas.jaden@example.com','de9a18d4c4d651acbf503ad2441e528146a20d1c','223 Alessandro Gateway Apt. 078','Corwinstad','Wyoming','mubc'),(888,'Guy','Hammes','melany15@example.net','6e61146e889db2c0f7509cee48179ff93728712d','783 Jaqueline Union Suite 723','Norafort','California','hpte'),(890,'Christop','McGlynn','bdoyle@example.org','63aa5e4e6c013b94488d3dd5b2cdf3bc3763c81f','869 Ryan Square','Lake Nestorland','Arizona','wkmq'),(891,'Issac','Gleason','hoppe.alessandro@example.net','0e879625235405993c27773382ccd1e2401c8279','055 Christiansen Stravenue Apt. 791','East Lilianberg','Tennessee','vbsr'),(893,'Neha','Toy','yolanda85@example.org','593e0925dd9a8e2a0142007c880c40e785cb9804','6317 Percival Landing','West Hulda','RhodeIsland','cdtk'),(894,'Terry','Kulas','shanny.rippin@example.com','b0851a770325c05ff89e8d86c1fef1695015da5e','0983 Zulauf Isle','Port Louveniaberg','Oklahoma','dsdt'),(895,'Maegan','Wehner','hertha.wyman@example.com','ab2bc01073f4dbe87f66a7e4c0822c45fdaa3354','5141 Denesik Plaza Suite 515','Boyleburgh','SouthDakota','gwmt'),(896,'Odell','Schultz','stacey53@example.net','bca0b4f138a92e415dd4e18e3e693754fd143d11','05770 Kaci Fort','Predovicburgh','Missouri','ljzw'),(897,'Dorian','Predovic','danial94@example.com','22d63a228567f80f06b63bf6a745fb5e1192a405','8384 Ciara Meadow','Roxanefort','Wyoming','eqgc'),(899,'Domenica','Reinger','lou.ankunding@example.com','a9d4f2041de1972bdebd91c568e5969d2bbc2c0a','1155 Astrid Wall Apt. 921','Botsfordfort','Minnesota','wxre'),(900,'Juana','Maggio','may.veum@example.org','f4bf336c9e83e70dc769f8e23faaff31180d329f','91020 Richmond Track','Port Adeline','NorthDakota','ilab'),(906,'Hattie','D\'Amore','molly28@example.com','1f019f0e678c0dd4f8d0034cb76382b021e80b25','38285 Liam Summit','New Camilletown','Iowa','ngzp'),(909,'Christ','Harris','sophie.ryan@example.com','bee4fe542a3783d0f0796799a6caedbf877ee045','029 Ruecker Highway','East Princeburgh','Maryland','injj'),(910,'Naomie','Lesch','bschuster@example.net','349e92864efe90e9ec50dc428feb11b369c16f56','365 Christina Landing','Shieldschester','Arkansas','kllt'),(913,'Lysanne','Bernier','aglae.white@example.net','88ecb7f882a86a6c622ad684cc104c47c42c27a0','9475 Maegan Extensions Suite 300','West Lane','Tennessee','ntwp'),(914,'Jazmin','Purdy','runolfsdottir.veronica@example.org','1e4cf04f3405404ef3a4411fdd27f645680cb74d','16016 Zachary Turnpike Apt. 269','East Brett','Michigan','irli'),(917,'Lucius','Smith','candace.pouros@example.com','4f4cb6fcbae766d572759a8610f8bff3a310b979','1290 Waldo Bypass Apt. 748','New Greyson','SouthDakota','apjh'),(918,'Krystina','Miller','ida16@example.net','a4851746ba523920f0c5b490c7402c1a6d23bf0e','394 Wisozk Meadow','Julianchester','WestVirginia','oofo'),(919,'Sunny','Stracke','leannon.carolyne@example.com','2c764e8e92c75cb7e8aa7689fb1dd1d7e174a7f2','6843 Cremin Plaza Suite 186','Rosenbaumland','District of Columbia','ujsc'),(921,'Gerry','Rempel','verlie30@example.net','b450e078a9c40e68e4dace87961eb66acaee60da','83208 Osvaldo Ville Suite 534','Chayahaven','NewYork','hfto'),(922,'Arjun','Ankunding','johnson.stanton@example.com','000fa36c0dea9254a229d31212019b4409d95a0a','83904 Jasper Rapid Apt. 510','South Rebeccamouth','Texas','xsod'),(923,'Lucile','Roob','berenice.gottlieb@example.com','2f796343d3c1f1c4fc7ae25c2eeb5237b73b6812','3561 Janick Ways','Earleneport','Indiana','kwkf'),(924,'Fabiola','O\'Reilly','hcollier@example.net','75d39bcd051f41f08b7a30154bc85087b3f84165','353 King Ridges Apt. 021','West Darrion','Indiana','jllz'),(927,'Betty','Herman','nova36@example.net','c1af84ae88d7be0fc7346bdb0a1d7d02c83ce54a','329 Turner Shoals','Port Darrick','Hawaii','eypb'),(929,'Blaze','Spinka','yfarrell@example.com','1779230f390477e78186de0002e5ca80f0ef12e9','615 Bayer Port','Selenafurt','Utah','nsnz'),(932,'Marlon','Nienow','evans.parisian@example.net','953cb142ced8c78b8700c3f46c6dbb150f212614','549 Upton Fort Suite 352','East Misael','Iowa','izvn'),(935,'Carmela','Watsica','murazik.claudie@example.org','ffca266f3a7349c4bb19654a7252741b46c4290a','588 Branson Roads Apt. 053','Irvingview','Vermont','nczn'),(936,'Shyanne','Goyette','anastasia62@example.org','29c85bf30054b918c43b8e1e2990fa875c571318','11706 Kuvalis Ranch Apt. 637','Leliafurt','Nevada','cphl'),(941,'Waino','Jast','rick14@example.org','ee28ec01b176c94df4bb237f5fe3aa85bb31849d','2120 Ramon Villages Apt. 751','D\'Amorefurt','Arkansas','xzxr'),(946,'Asha','Gottlieb','savanna02@example.org','b3fc5e909588cef1d6661d67bf8cc109af3a8d14','67517 Sandy Route Apt. 646','East Bereniceland','Montana','hlvu'),(947,'Antwon','Gibson','sauer.marshall@example.net','42711998116e1c14e5def278bc19e074f1a4044d','94969 Kihn Junctions Suite 190','South Genesisside','Vermont','mnjg'),(948,'Anabel','Tillman','thompson.anissa@example.net','4d070028aa0234a152eddf56632ea39b904e1c74','092 Price Run','McLaughlinton','Virginia','rlng'),(949,'Savanna','Gulgowski','dubuque.emily@example.com','685c74066ac7d625edc9f2e26e8d15b21e6d8daf','3285 Bahringer Walk Apt. 681','Lake Tamara','Iowa','htca'),(950,'Dayton','Koch','xward@example.org','631e60bb9360c368a823200941d7fe655b451162','350 Maximillian Light','Blandamouth','Missouri','blwj'),(951,'Edwin','Hansen','ratke.helena@example.net','1e2277b8ef9ca4d67a5792f2586487c74f176013','20555 Misty Knoll','East Cleora','NewHampshire','fblx'),(953,'Silas','McKenzie','loyce.kessler@example.org','084413cb54d9faa532b9af9e25b17a2cbae08d8a','037 Kadin Heights','Lefflerview','Connecticut','smoh'),(954,'Vicky','Kuphal','kertzmann.jacklyn@example.com','0f4af85aba73acd6cae3921c85b551ea56c52357','4962 Pagac Camp','West Lorna','Arkansas','sxda'),(955,'Ludwig','Hilpert','bins.cydney@example.net','5c570c1aadf04d032f809416c4b6a01f383ad2db','5248 Schumm Flats Apt. 777','East Linneatown','Washington','eeom'),(957,'Giles','Mayer','concepcion.langosh@example.com','94e1ecc47245bd5d472aa5462615af74b703753f','4621 McDermott Mountains','West Anabelle','Georgia','qnya'),(958,'Betty','Green','durward02@example.org','fe623b20aab712d7a8d9487074d494c349638c5e','28085 Larue Run Apt. 681','North Providenci','Washington','iwgn'),(961,'Darron','Reinger','kuhlman.cordelia@example.org','247293d2c114eb67f05ab4a37c0f2deca0d5085f','31110 Jones Highway Apt. 603','South Jeffryland','Massachusetts','hzww'),(962,'Terry','Price','theo.hickle@example.com','f84e3c8ffa61e23f4b548ba4b1213348ff89a3da','059 Reichel Street','North Tevin','Indiana','rxrc'),(965,'Olga','Kulas','amparo.kozey@example.com','9117e5dc718ba9d197655729d4326c8144b604f4','2850 Dana Point Apt. 452','Port Kamren','SouthDakota','rfkg'),(966,'Blake','Runolfsdottir','yasmeen.stiedemann@example.net','20b387e0f683c9041a44e03878f04212faca5d0d','3209 Theodore Avenue Suite 242','Lake Meghan','Michigan','ouzx'),(969,'Adrien','Smitham','aboehm@example.net','5739cfbb5d3d1bd7f7077de046cbbb0e19ffb111','763 Rohan Glens Suite 707','Port Antonette','Pennsylvania','able'),(970,'Eleanora','Labadie','parker.aryanna@example.com','12e3dbcd73157d2b17bb21576aaed3372650ffd5','336 Gutkowski Center Suite 996','Champlinshire','Mississippi','rimv'),(971,'Franz','Kutch','yundt.raul@example.com','d0e507bf18acac5859226c4667cb6ce34da3ee16','382 Linnie Flat','Minervachester','Louisiana','bxwv'),(972,'Fritz','Wilderman','calista.bernier@example.net','9d9b399458866a1d633bf19754515ab2c9f1277b','555 Garrick Place Apt. 025','Serenahaven','Nebraska','fasn'),(975,'Quincy','Bode','jonatan.goodwin@example.org','37edfcee5281cc431425c1c9c3bffa11d0d61093','6537 Johnson Run','New Rhianna','Florida','anfe'),(977,'Roman','Runte','sconsidine@example.net','7334bca671de7a97368b1238f255864883351bea','313 Kamron Ranch Suite 925','Nikofort','Colorado','xrbe'),(979,'Kadin','Bergnaum','marquise.nicolas@example.net','e150f96efab205d813cee4b546652cd04a7ad878','177 Dietrich Loaf Suite 412','West Katarina','Kansas','wsyh'),(980,'Marcelo','Walter','dell.christiansen@example.org','fd419c197adf13dc3ea936b4e804bcddf0c53f37','691 Alana Village','South Donnieton','Arkansas','bfix'),(982,'Nakia','Mayert','thiel.pauline@example.net','e793087ed83380d1572266b34aa5f87be2d685c6','1028 Geovanny Crest','Casperside','Colorado','mfjp'),(983,'Savanna','Cummerata','zpfannerstill@example.com','dc3bbfc3c6e33fe1754a924034ab8e136f3bca3e','954 Daisha Via Apt. 221','Mariebury','NewJersey','alzo'),(985,'Mafalda','Blanda','orin31@example.net','89dc9136ee6c6c1232b54b634487f2588bc4ab67','6144 Sandra Gardens Suite 177','Geoffreyfurt','Nebraska','rmjw'),(989,'Torrance','Reynolds','littel.carolyne@example.com','d988c94ca08dfd26bcded61966bcb3b9f7337be8','0208 Prohaska Walk','North Keven','Missouri','azwz'),(990,'Bernita','Hessel','araceli.adams@example.net','aad9c8f84c8354ff675fe81b5497a7fb59abdede','30084 Lucinda Springs Suite 410','Port Nestor','Oklahoma','hvrm'),(993,'Piper','Cartwright','skunde@example.org','8cfcd39ba919ba00a38f940c092e143168f5eec5','667 Cormier Landing','Colinshire','Washington','dlnj'),(996,'Jewell','Zboncak','aleannon@example.net','73d7b84b6a4472cacc521a560c7d13adc34de4f2','758 Gorczany Neck','East Rachel','Oklahoma','sfdu'),(997,'Calista','Conroy','qyost@example.net','126401b8c138625583cb6721a69d77ea533b9e9c','6113 Lindgren Circle','Julieshire','NorthDakota','htla'),(1000,'Maxime','Thiel','leannon.elwyn@example.net','765c903442607a6d2077145ecaa156fe6dabfb6a','344 Ledner Skyway Suite 789','West Mylene','Oklahoma','sole'),(1001,'Jabari','Schultz','hackett.chaya@example.net','fb29ec87de9e3fada9d5577076bc42041464a527','02617 Hartmann Ville Suite 232','North Delfinabury','SouthDakota','cbhg'),(1003,'Cordia','Upton','ylemke@example.com','5565b33910b9f51a86656c5ad77b28f2f74c7a64','11076 Elenor Inlet','Avisville','Tennessee','szys'),(1004,'Easton','Denesik','easton89@example.net','17b0791027cda5e13bd88410178bc552f069f151','2798 Casper Skyway Suite 193','East Gunner','Maryland','univ'),(1006,'Dejah','Jones','scrooks@example.com','4ccf97364366cb97006630f95c72c97c20b02c9c','434 Miracle Islands Apt. 929','Arnemouth','NorthDakota','dihi'),(1007,'Arlo','Mayer','tania19@example.net','fcbd4659d3955c363624168369d2ccbbead43517','0267 O\'Keefe Prairie Suite 974','West Jeanne','District of Columbia','dxtd'),(1008,'Oscar','Kiehn','noah72@example.net','5b8de8a54f9e1497ecb7d800ac0b07aa997ecfb5','1298 Millie Gateway','North Wyatt','Connecticut','aush'),(1009,'Catherine','Feeney','king.natalia@example.net','fe12cc04056c39a856818d56fb922a0db8f28b98','3285 Goodwin Plains','Priceshire','NorthDakota','mxpe'),(1020,'Donald','Rempel','pollich.elmer@example.org','cfac5f6ff4f6c071ad80b6c3810700709222be5c','0635 Kacie Point Suite 868','Port Patienceton','Pennsylvania','fdkh'),(1021,'Esta','Klocko','hauck.ruth@example.net','0cf809013a57a8c9392b581617e7c0610b2b965b','3148 Roberts Viaduct','Marlinside','SouthDakota','tlgz'),(1022,'Wilhelmine','Windler','qjerde@example.org','3736240509ffcbde356bab0282a14b19bc0b6a8d','484 Fritsch Via','Izaiahshire','Missouri','nglw'),(1023,'Guido','Armstrong','veronica73@example.net','8dbb6962ba8d90406c49fc43776d72dd5e920a72','982 Windler Dam','Pfefferport','Indiana','rjhp'),(1024,'Tiffany','Zulauf','lehner.morgan@example.net','1ee7cc131277db540f2226424e1fecf0ad7f6af2','6406 Hegmann Inlet Suite 187','South Olga','Hawaii','njzf'),(1026,'Alize','Will','jerad.goodwin@example.com','d3022499432ebbd17ca89bfc94bd1e4abc95e636','925 DuBuque Burgs Suite 965','Ernserborough','Hawaii','hvbm'),(1030,'Reta','Lubowitz','chad.weber@example.org','7641cae3fa3e556daf91f06158df101bd51d6178','6148 Amparo Row','Raymondhaven','Vermont','mjfa'),(1032,'Ryder','Ritchie','santina85@example.org','284c274d5761963a2b9305fa20c1d15e0cb4ffbc','742 Letha Harbor','Elvisbury','Louisiana','wzin'),(1033,'Anthony','Breitenberg','kleannon@example.org','e5e1a008cfda663a485beb0e0eade3e6ff9d6006','6192 Darian Fords','Lake Zariaside','Washington','uqsn'),(1035,'Naomi','Bergnaum','dlynch@example.com','91dc01c89c4caae3a9aaa9aeabdcf903d9257d7e','241 Tina Inlet','Diannaberg','Vermont','cgdc'),(1036,'Princess','Torphy','o\'conner.abbey@example.com','81fdad1688cf040586a48a164c9a104973686d1a','59934 Deckow Creek Suite 096','Pacochafort','RhodeIsland','mxtf'),(1038,'Maurine','Olson','jackeline36@example.org','87ca0c6aedfb3f9f66017c192d85d19c2cd11f60','435 Lakin Ranch Suite 444','East Cassidy','Mississippi','xcet'),(1040,'Daisha','Baumbach','carmela.koepp@example.com','1775d26a09c37ff98ac6d9699110864fd3a2d609','09166 Devon Ville Apt. 787','South Lowellstad','Maryland','eoxw'),(1041,'Lafayette','Larkin','jaydon65@example.com','96d3cf59a581c6eb641d81b5ebb17a3ed592f67e','55793 Jerde Wall Apt. 399','East Malachi','NewMexico','qbsr'),(1042,'Lawrence','Heathcote','aufderhar.darrion@example.net','f91752f9aaf33291d6f148ab66a68ec564571087','4251 Shana Trace Suite 180','Gerholdstad','Virginia','ajmo'),(1044,'Lee','Collins','kessler.adolf@example.com','5210c415714a912c18bc836311bc92ff69a6d396','05171 Greenfelder Centers Apt. 826','Emileshire','Alabama','gmbk'),(1045,'Chloe','Beier','johathan.walker@example.net','e6194b76749129069d1a80016433e318a3e70172','4964 Cora Isle Apt. 666','Lake Vicente','Alabama','qwxk'),(1047,'Jamaal','Sanford','boyer.nikko@example.net','b290e4039a7e6e97ea60acb987772696455cba37','2567 Vicky Divide Apt. 358','Lake Clintonville','Colorado','viuo'),(1049,'Joy','Stark','qtorp@example.com','c097d4930e4adbf7a48ebc5cab8d7c55871a1804','5611 Timmy Park Apt. 692','Joanaside','Maryland','umbd'),(1050,'Haylie','Barton','ofeil@example.net','a1292d27d34bcaf05abe95104c6d3ed636c5cb06','192 Franecki Key','North Maceymouth','Tennessee','kbqa'),(1053,'Estel','Graham','collins.jerrod@example.net','e73f7d49cd4c6b61f298eaccc767fe0711204969','661 Brown Points','Laurineside','Louisiana','pequ'),(1054,'Gabriel','Hackett','borer.riley@example.net','cbd7b27e877342ff483273cb997c9658cc24de75','43816 Miller Summit','West Kennedyberg','Oregon','jhpk'),(1058,'Alex','Legros','zcartwright@example.net','e86980665eb7973387806ce611baa1c8ca0ce203','08435 Reese Oval','Mozellemouth','Hawaii','kmdv'),(1059,'Jasper','Ortiz','bheidenreich@example.com','a92e2b25a49a843981890eb07c0850efd5d71cfc','398 Osinski Passage Suite 337','Port Janaeshire','SouthCarolina','rrgp'),(1060,'Magdalena','Erdman','elena.bashirian@example.org','d864bc012ff646d82a1616f3596f9334cc84af0f','1771 Mertz Junctions','Akeemside','Wisconsin','ucyf'),(1061,'Evans','Reynolds','oterry@example.com','ad45af49d019a2d10bc7b0e90c313b3008413bd6','0582 Kerluke Expressway','Edgardofurt','Michigan','vgdw'),(1062,'Donavon','Casper','bode.mortimer@example.com','37c2872da79c7b588ef0fc3d5dfe2eeff88d8ddf','90481 Luz Dale','West Reyna','Wyoming','bhmz'),(1063,'Janick','Gislason','fisher.sydnie@example.com','31edc4236f1a4d1726a3106570eacd62438a94ba','0191 Stark Shoal','Lake Dannieberg','Idaho','admv'),(1064,'Chelsie','McDermott','josie67@example.org','53a7af684bef6c2bd40fb012374325e11662bf3f','6282 Araceli Corners','Lake Mayra','Hawaii','vvng'),(1065,'Nyah','McKenzie','ettie.bradtke@example.com','4b0c2d5188b0b1c34b4b97c4fd4f469cdc44b8a4','897 Tess Green Apt. 208','North Bria','NorthCarolina','qzii'),(1066,'Cordie','Weber','klakin@example.org','49442df9687aa4106d9549ccfa26267f60f3d070','92851 Elijah Freeway Suite 604','Fritschton','Illinois','njnv'),(1069,'Muriel','Mohr','rgerlach@example.com','196ef69fa0ad308a9d83091b504597d9d20e8159','4400 Swaniawski Brook','Kaileemouth','Texas','vupd'),(1071,'Bernardo','Little','kdavis@example.com','23a3dd7739a4e58a571d6a4d4e378c145ac0185e','9285 Annie Route Apt. 342','Margareteside','Wisconsin','cvwa'),(1073,'Syble','Stamm','kling.rickie@example.org','34ce39189a11c84c8b9b91bfde00cb9b4c71bffe','395 Nelda Drive','Maryport','Maine','vdyq'),(1074,'Mohammad','Pagac','fmonahan@example.net','969395f0a345dc6eded73089a609cfafe424607d','8362 Augustine Spur Suite 333','Katrineton','Nevada','hvml'),(1075,'Maybelle','Becker','edyth.hermiston@example.net','2b7ddd7dcac03e08d760712171b65d02781a9240','070 Karl Harbor Apt. 860','West Julietburgh','Delaware','buax'),(1076,'Sasha','Spinka','bpredovic@example.net','ee01c9dd5c426dcf238585ebcc48b39fbff88ea9','737 Adaline Vista Suite 044','Kovacekshire','Colorado','sjju'),(1077,'Stephania','Ritchie','maria34@example.com','74cc8a4738a3d07de2a53cbcca6dd9fb73a10e47','737 O\'Reilly Course','Crooksfurt','Missouri','gdtg'),(1079,'Yoshiko','Moen','hstark@example.org','bf55687e148101fbdc1fbfe8f9cb2630cf6c8b61','89356 Ruthe Shores','Schmidtmouth','Ohio','jwkp'),(1080,'Mckenna','Beier','dangelo14@example.net','c4683ae970d7ed402274c791219a2882905ea320','1947 Kutch Manor','East Spencer','NewJersey','jnqs'),(1081,'Raheem','Rogahn','richmond.torp@example.net','fbe3404135258bfa225525215e98dd2eef7a4583','095 Amie Fields Apt. 912','Leeton','Michigan','wzis'),(1082,'Drake','Beier','schoen.perry@example.com','5779615afe609b825e76e88c7b7315d4fb7d7f7f','6815 Bauch Ranch','North Sid','Illinois','pvcq'),(1085,'Leonie','Renner','kellen87@example.com','363675775346bc2822753c2d3947c7e608c993e4','250 Hayes Knolls','Aiyanamouth','Washington','axls'),(1086,'Ken','D\'Amore','eulah.schroeder@example.org','51d54076693d5f2a4cdf1e2b1f1fd688bc173da5','668 Kassandra Spur Apt. 645','West Colbyshire','Maine','zrcw'),(1087,'Britney','Kiehn','trystan.pacocha@example.org','23861d4c9d5b9a893d1405844dbe43f7e57d7913','75030 Kelton Mews Apt. 406','South Rydermouth','Montana','beif'),(1091,'Joan','Kertzmann','whuel@example.com','ce46edafff4f198b1dfc0eb8230abda9ecbc2a79','7411 Rosina Way Suite 359','Deborahhaven','SouthCarolina','wvab'),(1092,'Daphney','Heaney','vivien.ward@example.net','0dd5dd88d17d3cea944b4c0df208d2de8d629c8c','213 Walsh Fort','New Bryanachester','Louisiana','jror'),(1095,'Emmalee','Welch','wwaters@example.net','96faa4d597de855949845f2bd8795267c49f5cfe','78456 Kuvalis Spring','West Alexshire','NorthDakota','bwdu'),(1096,'Sylvester','Kerluke','ekertzmann@example.org','e844ae281f3a8fc2dab48a7c9bfa73e98c7fb5e2','262 Deshaun Lake Suite 519','Julianborough','Wyoming','mbsk'),(1097,'Alvina','Terry','anderson.mckenzie@example.com','f8d180717efb8848e759dc53a14f3c2de5b04f60','6193 Fritsch Islands Apt. 939','Frederiquetown','Virginia','gghc'),(1098,'Chance','Williamson','marietta.mayert@example.org','7f6d968b6fd5b69890bf9c92cda9cf6725666dc9','730 Runte Avenue Suite 822','Lake Emory','Delaware','rnci'),(1099,'Florencio','Treutel','alvena07@example.net','3a260f7b62cea23b9e937eff17ca6f9505af7b0c','540 Jast Canyon','Lake Moriahfurt','Vermont','tfmm'),(1100,'June','Wiza','ewald.ondricka@example.org','69dbe3ff42e482c6cd77d9d1f85498ac2165ed82','8368 Stiedemann Trace','Cordiaside','Pennsylvania','akny'),(1101,'Sedrick','Nader','carmelo.bartell@example.com','a3372923c559c22ec6d6156c373f63c60173571a','8082 Mueller Rapids Suite 481','East Berta','NorthDakota','whol'),(1102,'Abigail','Boehm','broderick.osinski@example.org','5a921c60daf34bad72f0518d767c781f2595f2ea','61171 Noemi Key','West Kailyn','Wisconsin','yupa'),(1104,'Christina','Olson','dolores03@example.net','5ed82bd7b3a99c25ba512931c35dd23302a20258','79018 Gerhold Prairie Suite 552','West Granvilleport','Michigan','qfzd'),(1106,'Raymond','Brekke','qbeier@example.com','280f08ed6ab7faf2824677b82043395d06e9c777','2296 Harber Spring','South Andersonview','Maine','nzuc'),(1107,'Charlene','Beier','wuckert.judah@example.org','eb482c934f1add016054beca16725401c7c4bb16','308 Johnnie Circle Apt. 288','Lakinberg','NewJersey','ercf'),(1108,'Delilah','Heathcote','issac77@example.net','260f638281f531909f4e98021bd34e0983c927cd','892 Aditya Drives','Kolbybury','California','yxnh'),(1109,'Everett','Hagenes','oma.bins@example.com','972968e8cabea6e0c740271dc0326be5237ab345','9292 Carmine Mill','West Annabelle','Hawaii','qgkt'),(1110,'Aimee','Metz','ghills@example.com','9aa8b80d938bea425cbb8017a68df1f8bb5641ba','076 Marvin Route','North Ozellaborough','NorthCarolina','jrti'),(1113,'Rosalind','Koelpin','rpouros@example.net','ea167cfd5d4d808a4d2017be8b95fe8484cbb14a','7127 Cummings Route Suite 723','Volkmanmouth','Alaska','oylx'),(1114,'Kelly','Mueller','cronin.jules@example.com','2a77db93782676389a42ac8c1484cec3fda48fad','219 Considine Locks Suite 263','Lake Kristy','Colorado','jcdo'),(1115,'Esmeralda','Hyatt','borer.tabitha@example.com','d4c1420c97db7ed3643e76b8f2d8325147bc732f','1048 Lind Creek Suite 373','New Rafaelabury','SouthCarolina','kmcq'),(1118,'Riley','Tromp','thelma05@example.com','84cca2255aec85d5e137509a69673aa8dfed6c1c','9469 Trevor Streets','East Shanelle','Arizona','ywxt'),(1120,'Ariel','Hartmann','nicklaus.abbott@example.net','0714b34fdd3e600c7f542bfcddb3d4e8a906ac68','4675 Roel Keys Suite 233','South Jerod','Illinois','dfsh'),(1121,'Danyka','Metz','devan.hand@example.org','24d6599ed27d8bb1456004a5500f776637a6b981','09915 Schiller Lights Suite 846','Port Gerardo','Michigan','mnwd'),(1122,'Veronica','Doyle','raleigh.kris@example.net','692969d9913aa25a2ce47e2ba7120964b09461fe','6814 Madie Walks','Thielland','Colorado','jfmw'),(1124,'Vella','Gutmann','colten71@example.net','c46d439f4ea1a913d501a7ad5fbb9efd7e0e9dae','788 Shawna Curve Suite 539','New Elvie','NewJersey','epmg'),(1128,'Mariano','Lang','priscilla66@example.net','ff1c8b7c59d372e4b91ee2a22d9518a861fa7bac','6707 Makenzie Track Suite 920','Gaychester','NewJersey','fsks'),(1129,'Anais','Mills','kenneth.sanford@example.net','95e74494ec1c696282b61b3dd6eeccba60823728','6357 Erdman Burgs Apt. 356','Lake Ryleeview','SouthCarolina','ijro'),(1135,'Shawna','Klocko','ilabadie@example.org','d6eaac5b4d72eee3250510a50061df1d3064ba6e','16396 Medhurst Plain','South Melodyside','Oregon','hqif'),(1137,'Baron','Schinner','susana68@example.net','45e831811e009266081f4e5efba8a9c53bddeddb','779 Hammes Brooks','Colliermouth','Colorado','vhwu'),(1138,'Ines','Miller','xbechtelar@example.com','e8f6667a581a8a69a5a60838899ed2c8da8c684e','651 Gutkowski Rue Suite 487','Torpview','Utah','gakv'),(1139,'Camilla','Raynor','ines19@example.com','ca148c9769e339aa3853a0905d19323ceab5d95d','821 Carolanne Port','Davischester','Kansas','glyr'),(1141,'Thalia','Spencer','christina.turcotte@example.org','5a3965e5bee17f430d70814ffa12d4aa25c79afd','02460 Rashad Key Suite 305','South Scottiehaven','Alabama','alel'),(1142,'Myriam','Stroman','shakira.mayert@example.com','4b5985b6a3b25e636b0337692c0293fd0588e679','873 Narciso Green','Emiefort','Michigan','umur'),(1143,'Else','Corwin','alivia.wilderman@example.org','93a8c1abefb634eb8a1fcf4c856955a5ba526260','650 Reba Plaza Suite 931','Clementbury','Kansas','jqvb'),(1144,'Lafayette','Purdy','maxie77@example.org','46cd8352e603a5c606e391fb205c1eb9eb816e19','9076 Rahsaan Divide Apt. 990','East Willisfurt','Mississippi','rncv'),(1146,'Iliana','Barrows','cordelia.bode@example.net','e0dcd4b61bf3f829b03ea64db7f0f7ccfb4e94e6','671 Berry Turnpike','Berryfort','Nevada','vzdc'),(1148,'Dannie','Eichmann','batz.alexis@example.net','242ce0da3e86745c4a02371ea21f3f31f70de273','78347 Tillman Throughway Apt. 356','Heidenreichport','Ohio','dsfz'),(1149,'Johnathan','Wiza','parker.emmie@example.net','220181a6965b67e57cf8daad0de515e569f51b43','24470 Johnston Highway Suite 555','Eugeniamouth','Colorado','vjnm'),(1153,'Selina','King','rogahn.jaden@example.net','2e3f298717b3619bc7221a42b99204d2df5cc121','504 Celia Plain Apt. 142','West Lewmouth','Kansas','sddh'),(1154,'Jamil','Hand','ofeest@example.org','828115b7aec204a8f8e9c8945564fc03573f79bc','685 Vinnie Views Suite 278','Larueburgh','NorthCarolina','orvn'),(1155,'June','Mertz','adenesik@example.net','7a624ca5c029376ea33375c6bacf94d9d66fad09','4442 Michel Glens Apt. 798','North Mableburgh','Washington','chzt'),(1157,'Sallie','Haag','qdavis@example.com','9f62985f259bfb014b2cc3d82dbfbbb9942f90ca','43713 Rex Pine','Mayerview','Delaware','egmm'),(1159,'Johanna','Botsford','raven23@example.com','5334c50488ce60e7a075488fe18dafa44833be2f','8250 Ralph Points Apt. 536','Deventown','Illinois','plxz'),(1161,'Keegan','Quitzon','ortiz.ole@example.org','a5a13809100b2b3945a4383923bf715785471970','0443 Kerluke Grove','Heidenreichfort','NewJersey','spku'),(1162,'Amiya','Abernathy','mertz.brionna@example.net','cad7e8926a9f7230bb6c0a85b3c5eae0a496a1c7','34904 Estelle Mews','Piperberg','Wisconsin','sigl'),(1163,'Audra','Green','nshields@example.net','f5e8f8c635a7237e510b89b69f3a777cc1f95799','6028 Brekke Neck','Onaland','Texas','vjjo'),(1164,'Maybelle','Mills','reinger.micah@example.net','dc5b9f712418666aebbf5ecf031879e3f7daf6d9','620 Santos Mission Apt. 138','Haleyside','District of Columbia','rxxd'),(1165,'Kariane','Frami','ljerde@example.com','6063dd45bdc08ecac3aac0551ef79f97a384ab7b','4088 Jazmyn Divide Apt. 870','Raulton','Florida','supw'),(1166,'Mariela','Mann','orn.jerrod@example.com','896f46fb6576685f60572a965592796989854732','7273 Eriberto Gateway Suite 575','Vitoland','Virginia','ikrm'),(1168,'Kassandra','Shanahan','jakubowski.ezra@example.org','316ef0dff838d02d4148ce6ecfe1bfb625a5a5da','398 Mitchell Summit Suite 063','Nadermouth','NewYork','knwv'),(1169,'Tommie','Corkery','wunsch.brando@example.net','52fca827b0357188358fb2740aad72ed5ac11135','212 Wilfredo Mission','Port Antoniachester','Delaware','pnwn'),(1172,'Raquel','Rau','houston51@example.net','62ebecc318b4780925fe6c7b6858235fa570c1ba','4366 Botsford Drive Suite 226','Keeblerberg','NewMexico','wcjj'),(1174,'Alyce','Gaylord','conor11@example.com','bbc9239d909ff448220549fa87799f05d1dff448','688 Orie Mountains','Port Rashadside','Nevada','yoow'),(1177,'Titus','Mueller','justine.paucek@example.net','896b00dc3165573046be2f0e82ad359197b1b0a4','94630 DuBuque Walk Suite 290','Connfurt','NewYork','ajqd'),(1181,'Christop','Beahan','smith.daren@example.com','ed11a0c45409f8c445c9ef12c2c1208e20104e2c','144 Renee Plaza Apt. 837','Konopelskiside','NewJersey','tiga'),(1182,'Herta','Littel','claude14@example.com','faae468a394d147a9cf0d8be43df8dec5543d5db','2723 Damien Via Apt. 688','Dillanmouth','Georgia','ovto'),(1185,'Khalil','Watsica','eda38@example.com','dc4ee4b326913187127b19ddcde3a558290ac23a','12124 John Stream','Alishabury','California','kgcd'),(1187,'Kaia','Gerlach','cleo81@example.org','a2caf10ecdc75b71add28e6404e0676328e825dd','569 Catalina Inlet','Hartmannfort','NewYork','zrtg'),(1188,'Colin','Ferry','walker.matt@example.org','0aaa086e0cd5999aed26ebbf31a5201f74f5093d','994 Lilly Bypass Suite 816','South Araceli','Iowa','tsfz'),(1189,'Madyson','O\'Reilly','wendell.koelpin@example.org','ad0125cc49a20650616cd9488da4cd6762bdb376','50010 Terrance Well','Budfort','Maine','atfl'),(1191,'Daniella','Funk','susan.johns@example.org','cb9bd1ec09cdd6b9ad12b55466c4df87c2f448dd','22394 Simonis Garden Apt. 891','Delphashire','Utah','jqgy'),(1194,'Caden','Ernser','aliza.collier@example.org','73697592309995233ae25bd55b9286abd620628c','1495 Wolf Plaza','Hamillburgh','Virginia','wjsu'),(1200,'Vance','Kautzer','karli.schaden@example.net','36c40157074121985b9af97b60e6fccada4700f0','087 Hershel Overpass','Larsonhaven','Oklahoma','rsaa'),(1201,'Jefferey','Olson','skye.ebert@example.org','4e433c875228ed24e73e4d52bd20f203293d8b86','5474 Hessel Harbors Suite 365','New Dorcasside','Iowa','yfjm'),(1202,'Tyson','Gleason','javier48@example.com','569d623c296b8a8dfee36ebde6bbdd6ec57ba4f4','993 Garfield Mall','New Londonburgh','NorthCarolina','qjmm'),(1203,'Stacey','Gulgowski','bridie.marvin@example.org','f9b29ead66cbf7b803269af41b0f1542dfeac2a6','36541 Douglas Path Suite 441','North Melyna','Connecticut','liku'),(1207,'Adah','Schultz','dulce.cremin@example.net','5c55ef72c08d1c5f21b243e0a9e585b7440aebb9','8044 Murl Stream Apt. 136','North Electa','Utah','sobu'),(1209,'Mervin','Schultz','kohler.naomi@example.net','b9249d129e93d0fd8ef9963d221de4d4d2a5dd4e','5433 Carter Springs','Schadenhaven','NewJersey','joma'),(1210,'Reginald','Leffler','sydnie06@example.net','b4da3aa0efe9cc0c31e6a999e5148ec8561d714c','210 Lavinia Port Suite 153','East Thurmanport','Oklahoma','vghy'),(1212,'Jerod','Thiel','vince72@example.com','6b924d911df14b2f18dbaf56c9fb24f84989a70f','77675 Caitlyn Divide','West Adrienne','Indiana','iheq'),(1213,'Tomasa','Cummerata','gschmidt@example.com','0510b23d3ecf1422e94fa3eecd7646acf2b8d1a9','2533 Schuster Ville','West Laishaside','WestVirginia','vwnu'),(1214,'Marilie','Von','cathrine94@example.org','64b92898d56a91ca2985620450a10f1ca41fb709','301 Pacocha Flat','New Dolores','Minnesota','ajvu'),(1216,'Cristina','Bogan','brekke.donavon@example.net','2252dd9d07e3bc716c466adc25a707fddffc3a7d','6975 Mafalda Creek','South Elenor','Kansas','tmob'),(1218,'Maryam','Borer','sim69@example.com','3a7ac5f1b4df992b7ddd89e868eb6c28ce038c2c','1472 Hubert Wall','North Braxtonfort','NewYork','pbvg'),(1219,'Verda','Hahn','dicki.emily@example.org','08fcab623d2841f15240523ec345c8a766d7712b','738 Geovany Via','Breitenbergside','Massachusetts','feim'),(1222,'Neoma','Armstrong','jjakubowski@example.net','f005749972cbec0a6f1a67385413741f92e17659','521 Feil Crescent','New Laura','Florida','ehas'),(1223,'Jessika','O\'Hara','lilliana79@example.net','072be8fbf1d330eaa754b3557a1dc604ed83f2da','679 Dickens Dam','Thompsonshire','Nebraska','dwco'),(1224,'Salma','Weimann','crystel.denesik@example.com','e32055c2405f1edb2920d0572e7050d2a8f4d640','370 Woodrow Estates Apt. 658','New Alejandraburgh','WestVirginia','epmh'),(1227,'Margarette','McClure','daren56@example.com','bde483f1bd886a581cab4b383196429014669f6c','6167 Morar Run Apt. 360','Stoltenbergton','Connecticut','qzqy'),(1228,'Benedict','Bruen','towne.brionna@example.org','16a1210b4b58c4410ccc84bdbe3095901b4b1945','9619 Tito Ranch','Luisamouth','Kentucky','mhzr'),(1229,'Gerard','Kutch','cicero.kuvalis@example.net','1bbc0f3b3ab7584340082311c2f7247d4fb6cd6e','413 Wilson Row Apt. 389','Huelsshire','Missouri','kbmv'),(1233,'Lowell','Ruecker','buck08@example.com','73acc200c3b22042a25b397baced533416b1ad6c','302 Dickinson Inlet Suite 107','Auerton','Indiana','ryqe'),(1236,'Brooklyn','Ward','goldner.rory@example.com','a0c2bbe424b820dd3ce055d2511720ce24f41099','856 Erdman Forest Apt. 223','Noemieborough','Colorado','rxqn'),(1241,'Zola','Graham','saul.yundt@example.com','f22fba6b98f6a24f693070871c23860d57acc4a4','52105 Aniyah Vista','Cassintown','SouthCarolina','iexw'),(1242,'Gerhard','Friesen','kihn.brown@example.org','7619035368ceb9e81ef8917ed46fa56f3818ee93','889 Adolphus Ville','Port Everetteberg','Montana','gviq'),(1243,'Selena','Williamson','kbauch@example.net','0ed7ea3306c2e11b3dbb196161c47c2d901d56d7','71229 Reynolds Plaza Apt. 041','Kutchfurt','Mississippi','gnip'),(1246,'Nelle','Hodkiewicz','tyrese.schneider@example.org','15be34fcfd38cce49cd034468a243bd1152b1b9f','788 Austen Squares','West Nigel','Wyoming','jbmu'),(1248,'Tressie','Kihn','homenick.charles@example.org','2c65aa7dcecbedc6891f0d5ea77de8c6fd82e34d','58050 Alexzander Harbor','Samanthahaven','Montana','ahvq'),(1253,'Brook','Mayer','abraham64@example.org','6ddab5f0a8fd584cd28fe3085304c56ff5d1c84b','39277 Ellie Courts','Brekkeview','Iowa','opnq'),(1254,'Maye','Morar','london.fadel@example.com','7bf336ab6b77988e2e598a47a7603a2abafa962b','1066 Charity Prairie Apt. 943','Lake Hilbert','District of Columbia','uxew'),(1256,'Donnell','Kautzer','karen.mosciski@example.com','d82fce4d04470c1faa96065a0b8bfd2add7a8043','40269 Keven Knoll','New Annabellview','Virginia','jvxw'),(1258,'Allen','Parker','bergnaum.lucie@example.org','bbe4e314d7c90a752ee9fe4f749d43fdfe38bc71','039 O\'Connell Fields','Kirlinmouth','Louisiana','ixzk'),(1259,'Shayne','Feest','brakus.freeda@example.org','6770256752d4e1a3f36d49fdf311cc40ba00545f','6849 Halvorson Mill','North Zachariah','Maine','pnws'),(1263,'Lemuel','Koch','nienow.lauretta@example.com','3acfee30fd2adebfaead79034b6e844cb3dffcfb','656 Ankunding Shore','South Cristopher','Vermont','oxvj'),(1264,'Wilma','Terry','rau.sheridan@example.net','dcdb577f025f8c5d55a036263a3d3a165a0a10d2','41087 Halvorson Underpass','New Casper','Kansas','zkgl'),(1266,'Davonte','Will','beer.rachel@example.net','3bce02a3270ff1832da2c595d9edb8ee0e3d7d3b','038 Stuart Corners Apt. 313','Bethanyside','Oklahoma','uube'),(1269,'Ayana','Leuschke','sydni82@example.net','0825d6f9ae5bc0f635c79039f1c0f193620114cb','1829 Birdie View','Jovannyville','Kansas','tznn'),(1272,'Tara','Wiegand','uconroy@example.org','19c485153b609c84c66b38ca5b6f98a45b4e5d88','164 Jarrett Burg Apt. 034','West Arnoldo','Nevada','getx'),(1274,'Joshuah','Hoppe','mraz.lewis@example.net','307db0537674df2f0f482568b1e03a728c43fd13','404 Earnestine Circle Apt. 547','Jedstad','Maine','xmfu'),(1275,'Ardith','Homenick','dkonopelski@example.net','b82d271de95f36cc3e0cbeee52de3be92e9a1b7a','12792 Grayson Shoal Suite 131','South Rogerland','Hawaii','uaak'),(1277,'Jacques','Rutherford','vroob@example.org','08da29bc2b7eda24fc65233b65376f3583c9f64c','321 Volkman Overpass','Veumtown','SouthCarolina','ddah'),(1279,'Cierra','Ankunding','ruecker.libbie@example.net','72f87fb3adaf7a23ec1cc66a172f0bcf4a091623','00664 Monserrate Island','New Amoston','Colorado','walt'),(1280,'Hadley','Torphy','uryan@example.org','e2057c8a985d43109f5096ed504a678691fd057d','810 Zieme View Suite 854','Denesikborough','Nevada','xvcc'),(1281,'Fermin','Schoen','heber10@example.net','4464925e70447e429451f7019a8280067ed8e98f','0952 Goyette Tunnel','New Antonio','Pennsylvania','lask'),(1286,'Dariana','Brown','marcel.schulist@example.com','e692cc016738ef1deaa19cadad842623c2818ee9','202 Bennie Mountains Apt. 705','West Evangeline','NewHampshire','baoz'),(1287,'Fernando','Macejkovic','thora90@example.net','ece25422f73fae6dfe73821ef8e6ad6e79786c81','951 Lueilwitz Neck','East Marilyneberg','District of Columbia','rigf'),(1289,'Lera','Welch','lance.torp@example.org','ead6a29a43732a5b82fc4c7b2e6e8c22886e7ea6','204 Lauretta Drive','Jarvistown','Tennessee','jmhi'),(1291,'Derick','Shields','zkshlerin@example.org','e7500212d64d3229950aa92f31e3bf15ce65eb46','7149 Hackett Forest','Valerieview','Massachusetts','nrlh'),(1292,'Sonya','Weimann','ldurgan@example.net','39fadc3e716b789359e30abc385e733f5451adf5','987 Balistreri Streets','West Rosanna','NewJersey','rwym'),(1293,'Rene','Paucek','clementine.donnelly@example.com','31e58c18bfe261eeaa20432c58a0ed22d6c1c687','909 Jeanette Loaf','Schinnerport','Alaska','crck'),(1294,'Agustin','Dach','xmacejkovic@example.com','c389cb6adf1b5329d122b182ffaf0db86f4f925f','46789 Jedediah Ramp Apt. 233','Ebonyville','Utah','uqzv'),(1296,'Katlynn','Hudson','schneider.julien@example.org','8df403cabf979d913f5f438f6720c6b326b62e38','5175 Runolfsson Ramp Apt. 298','North Osvaldo','Virginia','ewgn'),(1297,'Thaddeus','Pacocha','farrell.rory@example.org','42e9b29f7b700f8e852d5a75ceea14c28b6b4c7b','6460 Mike Path','New Tessshire','Idaho','thhs'),(1301,'Robin','Weber','jules45@example.com','f6bc9910715721caadd8cdb528a1543b499ebbd6','2616 Hassan Keys','North Velda','Louisiana','vmev'),(1304,'Willow','Harris','kory62@example.net','1fb0529f43a79e9f8081cf2a569987368b3898d5','188 Owen Row','Talonchester','NewHampshire','jowa'),(1307,'Elwyn','Parisian','darien75@example.net','b1d1586b9a13cf3e9699df89ad2dbb263cc6caf9','677 Konopelski Well Suite 961','McGlynnshire','Arkansas','dgrp'),(1308,'Colton','Altenwerth','tracy50@example.net','722b6c88db1d42893b1a5d68c79ae685403606db','3562 Schaefer Mews Apt. 798','Rodriguezborough','Wyoming','guhh'),(1309,'Payton','Mraz','meagan.conn@example.net','20dbfc6c0b2de861f9269738e6a848e8a2d8f183','5487 Upton Manor Apt. 310','Davisstad','SouthCarolina','mxss'),(1310,'Greta','Littel','fpfeffer@example.com','8702bf642ae56e896fd33df3356d1ff2951dc4bc','460 Bins Spring Suite 871','Mayertchester','Wisconsin','ygtg'),(1311,'Cleo','Grant','qwalker@example.net','05bbc5aaa75e940acf5986ebdb065eb16b3c3224','335 Leannon Knoll Apt. 041','Naderton','Oregon','zzko'),(1312,'Moshe','Kilback','johnathan40@example.net','143edf20bca4b9343959134ff99c875140e3f4b1','1388 Bayer Summit Suite 432','Port Burley','Pennsylvania','uyaj'),(1315,'Granville','Hettinger','angus91@example.com','b38ebfa32a4ace162d22119750892f9f179d1309','0349 Bradtke Brooks','Larsonport','Kansas','ardq'),(1316,'Afton','Cormier','oritchie@example.com','71020b43ebec638e2ea89cbcb4b613cdff5b34cc','7610 Freeda Alley Apt. 155','North Vallieberg','NorthCarolina','cgbt'),(1317,'Kaelyn','Boyle','camron.mclaughlin@example.org','a60dead1e5460605126d2738702fccba46963325','0190 Haag Pike','Steuberside','Kentucky','nbvh'),(1318,'Louisa','Dooley','delphine.hermann@example.org','92f191702b8afe132883300b094fde5e1ab11284','081 Nyah Mission','Port Sebastian','Pennsylvania','iuxs'),(1320,'Maybelle','Ritchie','hellen.roberts@example.com','1d384b8dee040b9599c89a05967999d0f861ead2','53413 Mallie Spring','Maximilianfurt','Oklahoma','jktr'),(1322,'Rosella','Monahan','oberbrunner.arianna@example.org','504d5b830b89797ba6cf104950799ffaf90ac777','653 Sauer Center Suite 621','Walkerton','Georgia','yspu'),(1323,'Mallory','Price','austyn.leannon@example.com','097cb73732f3ffe5a1f89ac55472628400109e57','5983 Asia Ramp','Ondrickaburgh','Maryland','byjy'),(1324,'Yadira','Schumm','qhamill@example.com','8284c6adbb263bf8df3f4cef6952bc221c49e27c','91863 Stamm Points','North Pietro','RhodeIsland','nvfl'),(1327,'Amari','O\'Kon','sandrine.murray@example.net','242258650873d6bbc3259f2448164b2c9a8e09c1','29986 Evangeline Via Suite 583','Wiegandstad','Delaware','lyzk'),(1329,'Carlotta','Olson','qskiles@example.com','2508a674f6a495ef44b0efee36b342c0f78c4ed6','32264 Ulises Squares','North Curtside','NorthDakota','hoej'),(1331,'Rosetta','Beer','xaltenwerth@example.net','fbce581d8e1b5831f37ecf6e77b036e0b721dc5b','97481 Ernser Wall','Stoneview','Vermont','pikp'),(1335,'Branson','Goodwin','alba.skiles@example.net','88f1c85cafe40eb288b1d1ea457c15dbe883c0f4','417 Abernathy Fords Apt. 385','Cartwrightchester','Oregon','bhqf'),(1336,'Alva','Gleason','swunsch@example.org','38cb6df341e43bd39fea9b5e9c578a397e523a27','18968 Hansen Overpass','West Danteview','SouthDakota','pnbp'),(1337,'Aidan','Renner','harmon58@example.org','88e15cc8371302afca718c0e1a12b2c8f12d9450','72022 Reynolds Fork Apt. 330','Markston','NewMexico','fqlt'),(1339,'Janick','Predovic','uzboncak@example.net','5ebc21b5a587b1d4649ec068a9fd1f24d514f17e','9956 Kiehn Square','Port Karlieberg','Arkansas','vmga'),(1342,'Mollie','Kulas','ari.marvin@example.com','63f7c2f22174b664fbef27163070b74015ddbfc7','1082 Cronin Locks Apt. 352','Gulgowskiview','Hawaii','gjdo'),(1343,'Walker','Zieme','marvin.jerrold@example.net','8babfa11d2b518eec5df6579650ed358c543797c','73096 Littel Flat Apt. 863','Joeychester','SouthDakota','luyg'),(1344,'Beau','Leuschke','iswaniawski@example.com','a4e748eca771b77efd2f86ec6cff5d454e38815b','76063 Yesenia Flats Apt. 702','Traceyfurt','Maine','bqht'),(1345,'Karson','Blick','xberge@example.net','dbc18f58a1c49a1a575c63c1d6975015e1489afb','83134 Macie Place Suite 510','Hassiemouth','Massachusetts','dnrx'),(1347,'Ezekiel','Wiza','ricky.rempel@example.org','e64a9ba1e54343eec813d4a1471abd3ec672e824','2215 Moriah Hollow Apt. 609','West Nolaburgh','Maine','jkhu'),(1348,'Matilde','Marvin','mara57@example.net','65e86ed5ff2d0c44c231371cb65c5c17ae84bdc2','6026 Rice Ports Suite 943','North Carrollside','Maine','ecsk'),(1349,'Elfrieda','Beatty','uparisian@example.net','a7aaac3784f09412af46ae643e5129f86d339a37','8675 Rodrick Knoll Suite 411','South Larrymouth','Mississippi','qhll'),(1352,'Deion','Kovacek','huel.abigale@example.org','ae3866755bbee485b3da6f2ff738b5e49a9ff35e','44784 Dedrick Road','Hesselbury','Kansas','zekx'),(1353,'Kailyn','Williamson','grayce.gottlieb@example.com','ee24376fac4da17b7ba1ff856cf3f9a629a9c383','077 Brant Lane Apt. 409','South Hilariotown','NewYork','vend'),(1354,'Henriette','Shields','zackary67@example.net','b0b04892d9826fc7114ab8b006249e86fc5398f0','421 Marcelo Rue','East Bennett','Nevada','vlbq'),(1358,'Marianna','Kerluke','mclaughlin.zoe@example.com','c987200ac65ab24392b87ae7d69ab6c53df9fd12','720 Marvin Island Apt. 094','West Maybellton','Mississippi','imtg'),(1359,'Santino','Moore','beverly.ankunding@example.org','e4b4d5759a1810738a1770345b5d426ed4c00a35','948 Dare Expressway Apt. 508','East Easter','NewJersey','trjj'),(1362,'Myrl','Fahey','lreynolds@example.com','01df078ed28a92a42e5ce575ccb9233e41c636df','878 Estella Roads Suite 208','South Noelside','Kansas','xhnj'),(1364,'Jadyn','Hoeger','ona12@example.com','db0b3df42380db320c1ae4692ee55ec864f23283','59302 Lesley Port Suite 877','East Maudport','Washington','iuut'),(1365,'Merle','McDermott','ud\'amore@example.org','7653f51682ca901e6130e4288b8385b4b00bdc0f','174 Efrain Course Suite 319','Port Kelli','WestVirginia','ygcg'),(1366,'Jarred','Crona','vchristiansen@example.com','a79d14dce7a45cd0a4b6bb2ec1b472d485098d83','195 Ritchie Mall','Adriannaberg','Delaware','cdxx'),(1368,'Titus','Hills','maribel.glover@example.org','33cfa0399bbe19bb219d6aae339a9ecd31439867','82685 Price Inlet Apt. 046','Solonshire','Wisconsin','ljsv'),(1369,'Maegan','Cronin','drew.steuber@example.org','c953656dc4faceae8b7617d2f4c0da9a3bbd89c3','05101 Bradtke Cove','Pinkiemouth','Oregon','sfuc'),(1370,'Sierra','Keebler','horacio.kuhic@example.org','21f6cb0fc401367a50943601638c1b4b367e9851','068 Colleen Pass','West Rachelleberg','Mississippi','novc'),(1373,'Tate','Labadie','luna84@example.com','43bd429951cfac95939550b6de3831fa0b7509cc','70504 Evelyn Village','Bergechester','NorthCarolina','ufns'),(1374,'Howell','Torphy','kunze.esther@example.net','2591d6471f702adefae7d1ea25dd70eeb12b53ee','002 Jaclyn Valley Suite 504','Gorczanyberg','Utah','tbjy'),(1377,'Noe','Gulgowski','xfunk@example.com','2ba4b4adc74f7e9e6ffcc27e0cd36fb23e8cfdc5','57800 Adella Orchard Apt. 815','Port Vaughn','RhodeIsland','knvd'),(1383,'Megane','Schuppe','abbie.hoppe@example.net','b9f95c49c3f575c90983ce869a753be51d2c855d','3266 Lucy Lodge','Isobelview','Michigan','faxc'),(1384,'Rebeka','Greenholt','strosin.della@example.com','c82280512a1f7d14ae750192d26ca07076e71059','769 Ernser Pine Apt. 455','Archville','Hawaii','iyue'),(1385,'Schuyler','Gulgowski','melissa.marks@example.org','02d04bb35f7b3eef913dc5d0d637bb6580de8f86','1467 Halie Cliff','Hahnfort','Arizona','vsgd'),(1388,'Larissa','Dietrich','deckow.roosevelt@example.org','8d894d7908019acbf76f314940703a535b7d8b31','03323 Weissnat Villages Suite 095','Goyettechester','Michigan','orsr'),(1392,'Ernestina','Becker','zieme.ara@example.net','6e2ecb7f1ca25c318533b5feb8ab54caababbd91','6023 Kris Forks','New Vincenza','SouthCarolina','ehua'),(1394,'Don','Nolan','truecker@example.net','281aec8cf1e3293fc40b0ecb1f064fa02d9648f0','44968 Carley Trafficway Suite 979','East Jewellfurt','RhodeIsland','jwdn'),(1396,'Rodolfo','VonRueden','shanahan.zackery@example.net','8e560a766f5cbe62120326fb90d0d006b18f9282','39512 Runolfsson Dam Apt. 347','West Kenfurt','Hawaii','oehc'),(1399,'Lera','Romaguera','mac49@example.net','11427d475a8e3243feeebcd2533dfddd547fde0f','93076 Cydney Place','South Rebeka','Utah','asoi'),(1403,'Mariane','Tromp','glenda.schulist@example.org','db9647abd1325acdcb21580918f0cb5523c7c05c','035 Lebsack Lodge Apt. 680','Port Emilieville','NorthCarolina','obey'),(1404,'Rafaela','Mann','emcclure@example.net','c12c5880745ad456aac618b6b926dbd87adc452f','72585 Doyle Light Suite 396','Port Concepcion','Idaho','ckie'),(1409,'Florencio','Goodwin','king.nathanial@example.org','44b2c7870a1121046b8cfcbf2e8fa4066c5acf1b','451 Bobbie Bridge Suite 332','New Grayce','Washington','vpkr'),(1410,'Jalen','Gibson','rachel89@example.com','f377463ef45565070ceda54b585025b22a8b8a48','7219 Bayer Cove','Greenton','Montana','fquu'),(1411,'Russ','Collins','ymurphy@example.com','73b76f122d6531f3dee3dc63dda1bed10d062fa0','049 Macejkovic Walks Apt. 930','West Josefa','NewMexico','lkvh'),(1412,'Carolina','Kozey','bheaney@example.org','b612cecfe5084cb95b85fe8e07170478086b693e','495 Johanna Glens Apt. 664','Rohanhaven','Virginia','yfam'),(1413,'Dana','Haag','bednar.russel@example.com','452867be73ac83162029525916a4652290282aec','8405 Colby Vista','Port Giovanniborough','Texas','humj'),(1416,'Jonatan','Gutmann','aosinski@example.com','401e9a31ada24caf4f48b5b4429d35f52609e485','5239 Lourdes Oval','East Delmermouth','Missouri','pbrf'),(1417,'Ramona','Fahey','sschaefer@example.com','f32a0963a07aab0a4e0ea41ae35e023eccd5745f','8922 Aiyana Row','Reillystad','Nebraska','leqv'),(1421,'Mackenzie','Nikolaus','nfay@example.org','b97ccba100a7c402427b7d2241638dbfe505f92f','62485 Jeff Path Suite 113','Zboncaktown','Missouri','rtyl'),(1422,'Jett','Gislason','porter.jaskolski@example.org','0d6ae0b49f7b4b93bc6a58c2931c2f90969a2cb4','1434 Nona Knoll Apt. 460','Port Hassie','Massachusetts','uvwn'),(1424,'Archibald','Klein','block.constantin@example.org','54db1b6d0b5c739a7d66ba3e788dcd0863182307','12310 Fannie Plains','Selmerstad','Alaska','qtbr'),(1427,'Nicholas','Kuhic','cicero.koss@example.net','4fbb0a4754c6387d9e703105b79692c62dd4aecd','16110 Wilderman Plaza Apt. 817','Strackeland','Wyoming','mttr'),(1428,'Magdalena','Wolf','baby.streich@example.org','d2e57eed8b0d6f6733b5c53aeb10685b81c700e4','056 Ransom Station Apt. 937','Port Natashaborough','RhodeIsland','mbud'),(1429,'Lavada','Bogisich','melissa37@example.org','52a5f641b96aec7a0e3feffe76640460e482d7f1','752 Heather Tunnel','North Joanburgh','Oregon','laak'),(1432,'Brenden','Lakin','xstanton@example.com','ebb76aff838abd9606a50fe6036f40b1d33d5772','3224 Celia Plains','South Loganberg','Pennsylvania','govm'),(1433,'Orlo','Doyle','wheaney@example.net','ff332e2ed7c9ebbd8629d483d7778bb135f875f9','1825 Buckridge Creek','Paigeview','Maryland','htnc'),(1434,'Terry','Metz','bsteuber@example.com','829da1c43661efc624f70fa9084fc7b77f2b3cf7','99930 Khalid Alley Suite 846','East Tristonshire','California','jzrl'),(1436,'Rubie','Stokes','ttreutel@example.org','abdb322766f36fca105cdf327e82c221e99a63c2','293 Jakubowski Camp Suite 740','Archibaldmouth','Iowa','bkgi'),(1440,'Maymie','Wisozk','kris.dayana@example.net','d27d4b8ad68179587a53562ff564c40d83471925','1936 Sawayn Track','Millerfurt','Maine','jcgr'),(1441,'Kacey','Hermiston','yblanda@example.org','64d70fff3dcc50bfcc8a385e17c226f632bfeb80','9812 Genoveva Squares','Leschville','Wyoming','tmwb'),(1445,'Mikayla','Wintheiser','johathan02@example.net','05c39c8c47b7bce3ab6c33ec5e527d82b006033b','23496 Labadie Meadow Suite 112','Boganside','Nebraska','znfh'),(1449,'Aurelie','Watsica','bernice70@example.com','9bd261c32415cbea0dd3d3d77781245d6a858b5f','810 Kenna Common','Port Ferne','NorthCarolina','qpse'),(1451,'Nels','Schinner','providenci70@example.org','fdd220319ca1fbcf979754c08baf85c9b114f498','68464 Douglas Passage','East Dollytown','RhodeIsland','crjn'),(1453,'Jody','Brakus','ardith.collins@example.org','aa570226b0754f44d00b2b0ca3496e51659f7ed9','4012 Collier Estates','Billyview','SouthDakota','avpm'),(1454,'Ole','Brekke','equigley@example.net','6b64eb76ace3d0831e2d70b66164b7b52bb82c9a','822 Hilll Rapid Suite 784','Nitzschetown','Pennsylvania','opgt'),(1456,'Garrick','Kshlerin','aurore34@example.org','9abae3c877cb5765cdcd23be82ad1c1887c1bef2','2395 Tyrel Crossroad','Ameliashire','Alaska','zcbn'),(1460,'Monte','Sauer','schmidt.stephania@example.net','88bf775f9ac44d2ab6b70e597c6cd2c331f8fe19','6426 Trantow Green','North Austen','Oklahoma','vwbd'),(1461,'Verner','Batz','hildegard98@example.com','bdca77dd3adf40bddd1505503d4277fb3d83d252','68074 Toby Square','West Laurine','Alaska','igaj'),(1462,'Shannon','Nienow','regan.bayer@example.org','bd2e62ae7415023a0b44cc2b6c50cffa750947f7','7200 Edythe Mountains Apt. 444','East Helmerbury','NewMexico','fqzm'),(1464,'Rodrick','Homenick','elvie.mertz@example.com','3957aa6a0b4d5365d0e1f38b21188860e7d40ae4','257 Stokes Shores Suite 719','West Samara','California','mptu'),(1465,'Cruz','Ruecker','zjacobi@example.com','52062df3a87d0a31f50f3cecf9b98e6636c1f7fe','64909 Nikolas Spring Apt. 644','Cummeratahaven','NewMexico','kajl'),(1466,'Kelly','Pfannerstill','fritsch.vida@example.org','66644666c38b8c23756d40eaa321b8f3c4759b9b','87551 Rosemarie Port Suite 268','Kaylahberg','Colorado','leia'),(1467,'Lyla','Auer','robb46@example.org','9a1459e1189c361015f6357a5c41fe77bc18d2f9','7018 Mylene Port','Reaganfort','Nebraska','qiul'),(1468,'Orville','Auer','jerde.boyd@example.org','b07ae71f7140163884a029575546b31c51713b65','1408 Mills Springs','North Cordeliachester','Ohio','xroq'),(1469,'Maci','Stoltenberg','gail.zulauf@example.com','d5aabe97965d7f07687fb4947ab2737b9e045a65','70332 Christ Park Suite 779','Brigittetown','Georgia','lxmj'),(1471,'Jennie','Stiedemann','logan19@example.com','a223d185d690a535b00f0e2a7c90b19e537cb9c1','182 Orn Stravenue Suite 425','New Marisa','Nevada','xwpz'),(1474,'Princess','Turner','waino82@example.com','c0dcf2557f3455080881bb5b3db2588c362c7982','977 Little Manor','New Andre','NorthDakota','fvdl'),(1476,'Shanelle','Kerluke','ottilie.reinger@example.org','adfd137d601b64a6faded45f7a4a1399bcdfd9e4','603 Aliza Overpass','Princessstad','NewHampshire','pjke'),(1478,'Isaac','Hagenes','hturcotte@example.com','0a7ca928b79e343d686e14240714376f09f04a55','352 Champlin Mountain','Port Roman','Kansas','irld'),(1482,'Santa','Kassulke','towne.andreane@example.org','9f9db2e6ba8a537974c7e40a8f82269f04f0e50e','005 Lura Falls Apt. 199','East Turner','Kansas','pyip'),(1483,'Alexandria','Satterfield','erdman.andy@example.net','563d5cf76dfe0227d3f4e229586655c395002154','7688 Stiedemann Well Apt. 276','West Edison','SouthCarolina','mwcc'),(1491,'Nora','Murazik','eden70@example.org','a886b1c5dbe922d561e861520d4022b5d28a6072','348 Rosanna Extension Apt. 770','McKenzieburgh','Arkansas','ruyn'),(1495,'Clemmie','Jones','frederic00@example.com','795d9b7b84a56416c946fd5ad326ca051a717c88','74946 Torey Cliffs','Port Jazmin','Illinois','qldr'),(1496,'Hilton','Barrows','xrunolfsdottir@example.org','28d6a1e38edd484df6c8bb2682c1ee5730c6a775','1592 Doyle Cliff Apt. 778','South Kaseyton','Kansas','xupr'),(1498,'Liliana','Padberg','van.yost@example.net','d07c06d19cf35167054c96db906ac44e8ba00ba3','529 Edwina Circle','West Freddyhaven','Illinois','cvwl'),(1499,'Myrl','Muller','lsmith@example.net','44427986983756f03b036cda4e155b6539c4755a','85464 Nolan Island','Blancheburgh','Montana','kvpv'),(1500,'Dane','Raynor','hand.lavern@example.org','3e0587a0e8d792222ff0e27f4965a3da29997084','47185 Nitzsche Station','Lake Turnerborough','Indiana','emog'),(1502,'Osbaldo','Daniel','sylvan.kessler@example.com','deacf996ef55b345090bd5409d415b8c6faf52a5','034 Paolo Passage Apt. 690','Kurtberg','Nevada','iqpx'),(1507,'Amalia','Kunde','akutch@example.net','7f1161210064f886d52adaeb28841b56755afa35','839 Pearline Lake Apt. 037','Monahanburgh','Georgia','fqbn'),(1511,'Larue','Lubowitz','nkutch@example.com','936dce5e18543e20aeac3fe394d2db1b746eeb10','4728 Jakubowski Stream','New Jasenstad','Hawaii','xjlp'),(1512,'Shayne','Wisozk','otowne@example.net','024849e3c2dfcda84946a2f5e2a15299c9ab2a2b','2484 Adolph Pike','Balistrerifort','Alabama','qpon'),(1513,'Delphine','Mosciski','ywyman@example.net','1cc25033a923ecf596300946d76e025e37fdee19','098 Jacobi Parkway','Rogerborough','NewJersey','cuul'),(1516,'Oliver','Ullrich','vandervort.pattie@example.net','39de67f0089a9e64a9a79125691a44408cc06604','1745 Carter Lodge','North Aubreyview','Utah','pevu'),(1518,'Citlalli','Murray','grayce.eichmann@example.net','7835f674be38f3566269e5b6d7142dd777918f77','82764 Harrison Branch Suite 847','West Meda','Arkansas','tthq'),(1520,'Kacey','Ondricka','janie50@example.org','e2a75b8d0e4e8ee45ff2f0744b65d863a5b33b6b','9469 Predovic Crest Apt. 007','Nyaland','Michigan','cxoo'),(1523,'Mariam','Lynch','umarquardt@example.net','dad5093b4ce09a3aeb024cb4b38e90f84bc33ba8','4540 Homenick Ford','Lavonfurt','Georgia','cizv'),(1529,'Abby','Barton','audrey.lynch@example.org','6542a8fc4ba5e227fcd986284757f4ec21e41ffd','24583 Terry Villages','Port Alyssonburgh','Wisconsin','zrng'),(1530,'Walker','Feest','ellsworth30@example.net','9165c546f8b24ed6a2b4e4036152868c41ece308','8663 Deanna Valleys Suite 407','West Esperanza','Vermont','ascy'),(1531,'Gus','Powlowski','kschultz@example.net','bc82458c44735a2ff2f7d81449516e7c71a7f2ea','2388 Spinka Path Suite 483','Klingfurt','Virginia','crmq'),(1532,'Alex','Lehner','jacobi.jaylan@example.net','4b86e74a17106414d8270cd2c65de02c52ed7db4','340 Reilly Light','Tomasaville','Pennsylvania','sruw'),(1533,'Everett','Brekke','kaley85@example.com','257f3594be1812f6df1b59e089af12df4759339e','099 Kaela Mountain Suite 324','Lake Hubertbury','Virginia','zpxz'),(1535,'Jannie','Yundt','savanna39@example.net','3249718ec14ecd8d199c545df8fbb79eabbb601d','214 Cremin Track Apt. 222','East Earnest','Nebraska','vguv'),(1536,'Jaden','Stracke','ernser.collin@example.org','a8254ba134e31b39b99a69f32dea9fda2e96b97f','27804 Lesch Vista','Belleside','Kentucky','lhsb'),(1538,'Rebeka','Bergnaum','cadams@example.com','bb230071ad860aef5aada778e61261e94b42b33e','955 Casper Circle','Savannabury','Florida','twwc'),(1540,'Dan','Graham','thansen@example.net','501ea7999d5676ec6d2f9936c09e089256c1b86b','19089 Wisozk Route Suite 350','Lindgrenville','Kansas','zqtx'),(1542,'Rhiannon','Brakus','schmidt.florencio@example.org','db41fd970ee76675ea1877b190d3309827a27571','2200 Niko Mountains','Lake Domenico','WestVirginia','wxky'),(1544,'Shaylee','Langosh','krajcik.lafayette@example.net','0dde3b635c7b2f55433d9c3aec0f1cdc688c8e10','7185 Hailie Shores Suite 497','Lake Jayne','NorthCarolina','ewxt'),(1545,'Lucio','Smitham','fay.raquel@example.com','fcffa3ff7a37891d6aca00c704376ea88d4a8e4d','0466 Dibbert Glens','Angelitachester','SouthDakota','oojo'),(1546,'Lavada','Hickle','kathryne.glover@example.org','cec6b18dd1ff4b885ce064973be50e47fe74d769','8289 Brakus Passage Apt. 353','North Tannershire','RhodeIsland','pcoa'),(1549,'Candace','Senger','aufderhar.giuseppe@example.org','36f1960315af7497a767ff8ad1aa914b51dc0852','2130 Guadalupe Vista Suite 933','Lake Delfina','Louisiana','kowc'),(1556,'Federico','Bailey','cziemann@example.net','92a495f1957eef7808aaf3c4beff99eef67f4a49','3661 Augusta Corner','Shanelleside','NewMexico','itbp'),(1557,'Kane','Bahringer','jo\'reilly@example.org','a36fceb3666995198f8f77f8bf8a01b6e721dd3d','707 Reilly Walk Suite 102','North Stephany','Iowa','nujx'),(1558,'Ola','Moore','ole.o\'connell@example.org','6c61125b16a3f34f238421392514727bce00c611','44699 Zieme Row Apt. 467','West Golden','Colorado','zmgt'),(1563,'Elliot','Shanahan','zrenner@example.net','58a77caa5998d893730f09c7c684949bd8ec9c44','03388 Hirthe Brook Suite 361','West Alf','Louisiana','ntqu'),(1565,'Casey','Dare','euna40@example.org','d5a61287e148165ae33d6954a8d82e1e990a6423','782 Koch Radial Suite 516','North Chauncey','SouthDakota','gjih'),(1567,'Katheryn','Hackett','fhettinger@example.com','fb4d3c8dbde125d2a90bb6d38430f553604eb9d9','3526 Maximo Trail Apt. 484','Labadiemouth','Kentucky','cghy'),(1568,'Royal','West','johns.eloisa@example.org','901cc63d9f6d1d642962e87b0e2669ebf1cc574b','427 Casimir Cliff Apt. 690','New Howardmouth','Illinois','hhtb'),(1571,'Gerson','Collier','marcelo72@example.net','3ca846d4890a569002e28f92c39e9060077cfe95','330 Muhammad Wells Apt. 073','Lake Juanita','Alaska','wvjk'),(1572,'Stephany','Beer','hagenes.alana@example.net','3380e5930f3d05b21e49493826c12ad70ab1077c','24289 Cleve Meadows Apt. 004','Lake Kiaraborough','Hawaii','oihj'),(1576,'Amira','Mayer','juston00@example.org','a1fafa0afc3678867fdfa560ab643b9aeaefdaef','368 Esta Centers Apt. 234','South Tomasaville','Arkansas','wzlt'),(1577,'Madonna','Bogan','bernhard.franecki@example.org','3604eac1f8582fa1791bd88bccb2e13be2028c13','26661 Calista Parks','New Ewellfurt','Maine','jjnm'),(1580,'Enola','Watsica','keven.bogisich@example.com','b18071fee7859cacc641862a3385413ddf78efee','98171 McDermott Gardens','Brakusstad','Texas','dntn'),(1581,'Frederik','Grady','glangosh@example.org','c03edd585ef18d2c17a0709af64f30af784d5974','27820 Blaise Tunnel','West Cecil','Pennsylvania','cqqy'),(1586,'Ahmed','Balistreri','miguel13@example.org','6e1cba290bcd675b11d44b358650463e44f477f8','07291 Heidenreich Summit Suite 739','Clevelandberg','Mississippi','tump'),(1587,'Iliana','Stehr','aklein@example.net','703f167d1f714e09f231ac609429fba68ac44bb2','44266 Denesik Light Apt. 313','North Serenashire','Alaska','zsbp'),(1589,'Evan','Kertzmann','jamel17@example.org','c9aa5bff82e3425cbc1161962924cc6e011bf096','31206 Shanny Mill','Mullerborough','Indiana','amvt'),(1590,'Beatrice','Hartmann','holden.herman@example.org','5568c5f71e33c421100fe6d7aee60571c6ee3f25','835 Madeline Stravenue Suite 454','New Estebanfort','WestVirginia','mouf'),(1591,'Kaci','O\'Hara','imogene.schumm@example.com','e3022bb62851bd5611ddcfa635ecee110e534ac9','91519 Von Mission Apt. 477','Lake Oren','Washington','wkms'),(1593,'Una','Lockman','domenica.toy@example.org','f8c537b456ded55e0449c759e40c07bb63116870','704 Austin Road','Andreanneshire','Virginia','arzm'),(1596,'Rosie','Hand','jhane@example.org','d731d29879c88a4c4442d9d2762a11d80dda7c51','838 Hahn Turnpike Suite 247','Port Georgiannachester','Oregon','cklr'),(1597,'Bruce','Bins','mia.jacobson@example.net','1438015463bafd0563c6440c97e13d3d4e4d56ad','5364 Renner Park','Lake Richmondland','Indiana','flhw'),(1598,'Karine','Volkman','sward@example.net','62069f40eb9f1eb3699c1ed66efdd4e84d61fa97','7927 Margarette Ports','North Arnoldo','Texas','ubhn'),(1599,'Kolby','Brown','carter.jameson@example.org','06f2ac9a49c290c90d677aa3557725131710baeb','904 Ethyl Mountain Suite 656','Kunzehaven','RhodeIsland','vpwj'),(1600,'Ruby','Goodwin','leola.hackett@example.net','ff9dd769cabbbc0b3e379980c1402ae59ab2c90d','359 Kaylee Trafficway','Lorenzoton','Idaho','qfkf'),(1601,'Sanford','Stracke','cmoore@example.net','99fe53641ff6cb522cb2dae5962591dccc390934','40973 Hettie Land Apt. 580','Eichmannbury','SouthCarolina','rebd'),(1607,'Nichole','Steuber','ihilpert@example.net','47af7edd097d21d167d7423ef53aa80ac1bea118','7383 Israel Forges','Kariton','Oregon','huwr'),(1608,'Mozell','Fahey','avolkman@example.net','12fea1da68078911dad56aca63aad1de038e38ef','7217 Muller Path Apt. 010','South Jenifer','Nebraska','zwbd'),(1609,'Nigel','Grimes','cartwright.antonetta@example.com','ab895afd8fd579db4146f0d6ad6c88b2c54a8d89','6548 Delphine Dam Apt. 541','Littelshire','Louisiana','ymki'),(1610,'Terrance','Funk','jeanette25@example.org','1c5711af1d2bcb066a6f1619b43ac706debe0852','94802 Gulgowski Curve Suite 459','New Mariliemouth','NewYork','qjgj'),(1611,'Denis','Witting','herta31@example.net','503d015bb25808f73ad1665a0d7941e7716b1169','77936 Maxwell Park Suite 832','North Darioton','Georgia','coom'),(1613,'Halie','Abshire','breanna.hayes@example.com','93d90a75c3970e0322b62924c3be779bc49ac144','58978 Shanahan Cove Apt. 342','Port Anderson','Idaho','zset'),(1618,'Vella','Ward','keely05@example.net','a2eb6e53ab9e457c4b25b1ee8472b72106b81aa6','6245 Clementine Plain Suite 995','New Lilianahaven','Iowa','qtte'),(1621,'Maida','Feeney','kozey.hassan@example.com','9673c62c51cdb0cd1611bf0c8f7c398094a0c479','7538 Esther Prairie Suite 817','Port Emanuel','Arizona','hqvq'),(1622,'Rahul','Toy','jayson.hermann@example.net','312452cc61af2d8d32f61308de68029d0b57d72c','95887 Schiller Ways Suite 444','Harrismouth','WestVirginia','bymu'),(1623,'Adolf','Beatty','nlueilwitz@example.org','0eec038487b3ea71e72b6b86ce8bdd97dd078303','577 Pouros River','Port Charleneland','Colorado','ilec'),(1624,'Buck','Emard','flatley.francesco@example.org','be56e2d4a09f5f26c3d1237eb34ada72142ef76e','626 Monique Burg','East Laurystad','Mississippi','hhph'),(1625,'Katlyn','Stehr','evan.schoen@example.org','3e9597089dfac9288dd16dedb7a7b6ec4c0fac75','96195 Weissnat Mount Apt. 887','Rogahnchester','NorthCarolina','bnjb'),(1627,'Sabina','Bosco','lklocko@example.com','b89eb719641675262ad09a5de8163caa5cbd112e','6186 Delphine Shoal Apt. 776','Isadoreberg','Nebraska','pypp'),(1629,'Shaina','Trantow','otis.wiza@example.net','a670cb97af94fa6e28075d8ae855a1f0eb34bd5c','013 Sterling Groves','Lake Archibald','Wisconsin','gmaq'),(1632,'Ashleigh','McCullough','padberg.scarlett@example.org','7f50ad739c889882aad85c0b3e6f17c8d7a98aa2','478 Ibrahim Unions','Budhaven','Minnesota','eioj'),(1633,'Jennyfer','Mitchell','fay.frances@example.net','ce050ca3dffd4ee812280b93d2c73eb8829e47a3','327 Micaela Passage','Katrineton','Idaho','sptq'),(1635,'Judah','Sporer','kirstin46@example.org','602a56bb1d8051f14b8fdbdea85e10c1ec348eca','42251 Francesco Grove Suite 984','Runolfsdottirfurt','Alaska','ddej'),(1638,'Alena','Bins','imelda.bruen@example.net','c5386e91201af0ecd4fc2960ca3c59a59b47395e','276 Lila Lock','South Giovanni','NewJersey','gfac'),(1641,'Maida','Bayer','dooley.ludie@example.com','ea9b8096406509cd91515b278a154abb2fac966b','9865 Jayda Ports','South Roxanneport','Louisiana','iwai'),(1643,'Francis','Durgan','ora.murazik@example.org','00f5e271c408515e1b1523117307f227609c1eb4','5066 Swift Squares Suite 733','North Edwardotown','Louisiana','clst'),(1645,'Jett','Rippin','lwolf@example.org','22cefd8ea0c37ba255402f6ee6574f9badb198f1','4834 Turcotte Extensions','North Trenton','Ohio','lerw'),(1647,'Kathryne','Krajcik','verdie.keebler@example.com','3a555f8fdc38949cb024fc26612ecc288102f5bd','4757 Freida Union Apt. 740','Port Linnie','Georgia','hfyk'),(1648,'Kip','Doyle','roslyn.konopelski@example.net','f2248c0addda4534a8567ce2a8929035527ec81b','055 Shannon Lakes','East Jovannyland','Alabama','iasm'),(1649,'Frank','Shanahan','arielle77@example.org','d8da45fbfc335e179b28c62426a2cfafdc485456','6546 Donnelly Shore Suite 692','Langoshberg','Virginia','emcl'),(1650,'Baylee','DuBuque','amiya99@example.com','d4b2e6cdaba5ddba4023076055e00cdd79502c71','771 Leopold Dale','Jadaside','Oregon','ijuw'),(1655,'Mafalda','Lang','xmcglynn@example.net','68ff3787a8ebd3caf43658713b2d896c0ff8d7fa','83095 Quitzon Plains','Jaceshire','RhodeIsland','hvng'),(1656,'Jennie','Reichel','mhoppe@example.net','ec59209f1e6a34f012c75a459be84ffcaad8ef1c','385 Thiel Lights','North Zachariah','Montana','imkx'),(1657,'Triston','Treutel','ohessel@example.net','728691e7ceeda9dbf111bf2ee3741939126c2fc6','268 Baumbach Inlet','Walterberg','NewMexico','zwkb'),(1662,'Ed','Breitenberg','metz.elyse@example.com','17d666ad3ecf480a8cc7dc3d0896ff8be996c271','701 Annabell Coves','Lake Frederic','Minnesota','hwza'),(1664,'Vanessa','Maggio','prosacco.miller@example.org','8065fa6445115d09768c67e2c06694ec32f1b204','230 Christiansen Mountains','West Stanton','NewHampshire','nimv'),(1666,'Irma','Goldner','frami.kay@example.org','437e2ced4d051af03ccecda05b0785dd61b802f2','96990 Lamar Mountain','West Dellaside','Arizona','gipi'),(1667,'Baron','Cartwright','rolfson.torrance@example.net','c3e631110836cecd6a6cb5b2f82f7f82831b122c','58973 Bartell Union','Turnerburgh','Wyoming','ngqi'),(1668,'Peter','Schuster','ybode@example.com','4515c04123f1b654a76b400df0d435dd0af0ba23','867 VonRueden Parks Apt. 181','Mohamedside','Idaho','blbw'),(1669,'Cleveland','Murphy','trantow.bryce@example.org','f5f127d1689506c653919a41e21cbae4e89c5563','940 Columbus Burgs Apt. 203','Gulgowskiburgh','Utah','gnwa'),(1670,'Rodrigo','Gulgowski','tomasa.oberbrunner@example.org','efe381de67c3a307256f65ac0525e7fb8e635b8c','586 Violet Port','Tyriquemouth','Vermont','xkyj'),(1671,'Presley','Hayes','thowell@example.net','5c8c0f46e75a55afd8b05e00d01352192b55f0e5','5313 Ebert Green Apt. 894','West Maeve','District of Columbia','tgxj'),(1672,'Lisa','Watsica','cummerata.felipe@example.org','2fac7c6e8be01d046ae8c217521c1dcfcd96242f','867 Hills Courts','Lake Kylie','NorthDakota','bbci'),(1673,'Chaim','Farrell','ledner.filiberto@example.org','5fe563b252a8a31b00df8c856518a4233b665ca4','4734 Maximillian Plaza Apt. 393','New Beauton','NewMexico','gzpa'),(1676,'Kyra','Grimes','amparo24@example.org','a4844ca923f4dde4b162601b17c2f4ca74522798','820 Kuhic Trail Suite 252','New Augustusstad','NorthCarolina','yftv'),(1677,'Ebba','Huel','bechtelar.nils@example.com','996a89cfbba982cec2a78fd9f15f3bd0d8542e5b','32316 Dustin Spring Apt. 932','Leschchester','California','ouox'),(1679,'Lorenz','White','jillian.adams@example.net','d81c475a67f5c460ed8282e6a16e1ad782bddfb7','42342 Baumbach Flat','Medhurststad','Missouri','kejs'),(1682,'Jules','Schmidt','rkreiger@example.org','70a90209e746ccc8cb6f97c91f4d8ca9f8ce3611','974 Lorena Valley','Stehrport','Utah','ctwf'),(1684,'Antonio','Balistreri','estrella41@example.org','9669b005ac385885e5ca947a7b855a9c21e55d1f','217 Lebsack Mill Apt. 284','South Hubert','Alaska','dgyz'),(1687,'Brennan','Bayer','morissette.nash@example.org','9b28a8b5881571e4c56bb2d6871eb9bdb12c48ff','24948 Cooper Way','Monahanberg','Arizona','vbpn'),(1691,'Linnie','Mills','hope52@example.net','d388d7489c1a1ff40def96507bf42364ccd99f51','878 Robel Burg Suite 944','New Annamae','NewYork','udvg'),(1693,'Margarett','Turcotte','breanne63@example.org','7bd09e2cb11423ac0192b3313d6ab8d2b1171e01','8270 Humberto Heights Apt. 892','Nitzscheland','District of Columbia','wzje'),(1695,'Milton','Brakus','ro\'kon@example.com','b2172ce658252e7e16dd69f032e73d6b916e3d1c','5801 Kerluke Divide Suite 546','East Kayliborough','Alaska','iigz'),(1696,'Rodger','Murray','chadrick.yost@example.com','2e608ba41c156bab39a81aad184cbbcc1d15742b','8816 Casandra Ridge Apt. 198','Port Tremaynefurt','Iowa','kwms'),(1697,'Karianne','Wisoky','gleason.otho@example.net','0545d2e71405388a6a5b24ef00837a8b9777aae8','139 Lenny Highway','Braunland','Connecticut','yyzg'),(1698,'Leann','D\'Amore','trantow.lenora@example.com','f10f134b2c9b00a4a8ad2a8f2e467b91e58a8df8','922 Greenfelder Spring Apt. 773','North Libby','Pennsylvania','mfdc'),(1700,'Rossie','Stroman','oledner@example.net','ed43ec2bc8d18571417d84dc749f52d093d35897','37422 Ondricka Meadow Apt. 576','Maryammouth','Hawaii','hfur'),(1703,'Maria','Stamm','tromp.bette@example.net','8974167ca9abc2704daceee7b669c826e88122a5','49012 Simonis Plains Suite 740','Lake Maddisonville','Ohio','oscf'),(1704,'Enrique','Leuschke','enoch94@example.com','906af2dfae4234d5b033053a01a78a4041bf13f0','646 Sipes Pines','West Timothy','Maryland','husk'),(1705,'Tremaine','Adams','zackary.pouros@example.net','207f2066f8e9202e1f11ebf918a57662a52735b4','00062 Trudie Mission Apt. 828','Macejkovicport','Ohio','igjj'),(1709,'Hank','Hansen','dominic.pfannerstill@example.net','615d5717f2a7352fbf356badf584f610cb2ccff6','645 Matteo Islands Apt. 281','Arishire','Idaho','wkzf'),(1711,'Corrine','Romaguera','beahan.ivory@example.net','5a3798790db348857e30eaba48397251d54969e1','02670 Erdman Hill Suite 471','Spencerstad','Massachusetts','iwds'),(1714,'Jordane','Fisher','vosinski@example.org','af4bb34c2052808655ffc6bb8d70e7f7ed48841d','950 Schoen Vista','Raheemfort','SouthDakota','cwtg'),(1716,'Hailey','Dare','pacocha.ernestina@example.com','f5ddb2d21b427ac7d0bf8540677557658dd4d9ac','07445 Makenzie Ville Apt. 020','Odietown','Wyoming','yofj'),(1718,'Eileen','Gerhold','garret.dare@example.com','305297d55271fe5c5ba6b239444e6c645a6e60b3','8244 Laverna Ramp','Dimitrimouth','Washington','frym'),(1719,'Jewel','Metz','vabbott@example.org','0fd23db5d1a63d13662ad285e19e75ffbb7aa00c','55774 Destiny Stream Suite 064','Winnifredborough','NewMexico','ltry'),(1724,'Wayne','Fahey','nwalsh@example.com','77c58ecc04f50990c6fd627878d95e14fd14b53c','0742 Kara Lodge','Maidaton','California','uuze'),(1728,'Gene','Quigley','kimberly18@example.org','d40e2b399b32c453ed970fe5e089d740dd45940e','69013 Bayer Mill Suite 755','Ziemebury','Alaska','ibqk'),(1733,'Fritz','Schimmel','heller.murphy@example.net','f535eabeb566e4b7cc63de3ef283cc7bf0a99275','784 Feest Centers','Olsonland','Pennsylvania','nfkv'),(1743,'Carmel','Eichmann','lizeth09@example.com','d28e194ee747c73b584551e225a2eac97ece1187','606 Chanelle Fall Suite 488','North Kaileeshire','NorthDakota','lpax'),(1744,'Diego','Kulas','oruecker@example.com','5deec143ca89c4df47ba647f6128e82aab725b98','466 Kilback Drive Suite 435','New Tyrell','Maryland','ggyb'),(1749,'Karianne','Hirthe','watsica.blanche@example.com','e7d487f5955f31995f6197bc3f4de2ad526027d7','155 Ernser Ranch','Aldabury','Vermont','xman'),(1750,'Kiarra','Lowe','clay89@example.net','f29dc3a1eb8d5c544632404eca0cf67671cb0855','918 Johnston Green Apt. 096','Stammview','Michigan','pxmd'),(1752,'Sammie','Fritsch','kelly.armstrong@example.com','e7767a55e9e69543104366a82b662215d8fb7ad4','63363 Nigel Oval Suite 858','Lake Anissa','Maryland','zxlh'),(1753,'Sophia','Rogahn','naomie.hagenes@example.net','4ac8cbc79f61d72176741f6f21436585d44f0040','353 Sawayn Manor','North Kendallfort','Louisiana','vzul'),(1754,'Paris','Considine','nbuckridge@example.com','312074bbdb4fad091f0be85df14b314f95b6ce30','6750 Keanu Stravenue','Veronicamouth','California','crfc'),(1756,'Piper','Vandervort','smuller@example.net','94f3324b12804692f71de88a06738064c3c2cb64','00635 Maxine Trace Apt. 064','Emmetttown','Delaware','evpu'),(1758,'Mathew','Swaniawski','valtenwerth@example.net','48749459e30f61446748e0f5812c8ce6dfd76964','53102 Lehner Park Apt. 611','Berylton','Ohio','taxp'),(1761,'Isaac','Collins','claudia41@example.com','7d0c63216c414f4a36e0f05a0b023fd4b8904d3e','259 Grady Key','Carlibury','Idaho','ffiq'),(1762,'Otto','Grant','ratke.adolph@example.net','994e708fefc0c76717ae9348f67da7323cadaace','1312 Maurine Inlet Suite 957','Shaunport','NorthCarolina','rewf'),(1763,'Liliane','Schinner','korey.johnson@example.org','8cd54f0effc32fbb9ae788f61e2754077c0983d9','470 VonRueden Mountains','East Tellymouth','Wyoming','foir'),(1766,'Zander','Barton','everette.wolff@example.net','37f01b1eb92a0e6547f079c08f3fd7b1ba0210bc','20268 Laury Port Apt. 144','Port Laurybury','NewHampshire','yuzn'),(1767,'Jeremy','Pollich','viviane.thompson@example.net','6d4113f4ac4747827cb09b99716d0cffd9b3ab13','6949 Pfeffer Drives Apt. 530','East Eastermouth','Kansas','jwmg'),(1768,'Fannie','Feest','tromp.janice@example.com','a06d0df418917fb64a7b5a7404118dc517dbc94e','99630 Schamberger Turnpike Apt. 637','Lake Skylarview','Nebraska','mybf'),(1769,'Bill','Franecki','cheidenreich@example.org','5b080f1645c960d746d1e8354bb0680c99cc10c3','5576 Simonis Heights','West Sandrine','NewYork','ndsc'),(1771,'Diego','Anderson','rau.keyon@example.net','dbdf29011e5886d233da018b5896481d7e8ca332','5860 Leonie Divide','Jadeland','Iowa','plmi'),(1772,'Orie','Little','xkovacek@example.net','ed398af1b88990ea04165dfab07844f255fb95d0','909 Hirthe Crest','Lake Forresthaven','Florida','uvrh'),(1773,'Melvina','Greenholt','tillman.ava@example.org','4a44d291064b83569110daf267b979d29ad92752','234 Runte Club','Wisokyberg','Washington','gayk'),(1776,'Lelah','Moore','gennaro.bruen@example.org','4a7465eb0f4f9e7a09fa75cbd891520735e1d74e','1119 O\'Hara Isle','Paulville','Virginia','byne'),(1777,'Julia','Dooley','lgreenholt@example.net','27d8f0ae84fa0821482f5b1c3a948c59c5f8aad5','729 Barrows Path','Quitzonburgh','Michigan','umla'),(1778,'Reid','Corkery','reilly.elmira@example.org','e735c53f1690ccf353082dc0288f6b7c5a98c840','2340 Wiley Hill','Macejkovicport','SouthDakota','dxnh'),(1780,'Daren','Lehner','hayes.brian@example.net','d283eef06605aedc68f650ea1f2a2f4bfec1325b','7861 Camille Orchard','Daughertyberg','Tennessee','ncmb'),(1785,'Kali','Pagac','zoie.raynor@example.net','b33b8a5395d0177f5e153614b4d6a7cfdab7dfe6','69597 Dolly Springs','East Kaciside','SouthCarolina','ebei'),(1790,'Scottie','Emmerich','patsy.kertzmann@example.org','75675291aa692cec4af4383c25e2ba4b81075549','067 Goyette Via','Edaville','NewJersey','ntrm'),(1792,'Sister','Weimann','khansen@example.org','30b74b9b8d961b84b2908a8b4ecb469321d6f58a','360 Zora Station','Lindfurt','Nevada','yqop'),(1793,'Mackenzie','Maggio','littel.jillian@example.com','bf0c7793062635f70a1be49fd607585696b063d8','75716 Schaden Squares Suite 042','West Ewald','Virginia','ozse'),(1795,'Antonetta','Corwin','pierce68@example.org','c6f2b7fc6b63a4604b6d7ff03831de6ce8aea7ff','5781 Kunze Hill Suite 975','Joshuaborough','Arkansas','yufg'),(1796,'Brandon','Lubowitz','quincy17@example.org','d54486cfc871ef97ba5229956ab9d16cc09628d4','7626 Rocio Island','Lake Milestown','Idaho','bpfb'),(1797,'Florencio','Carter','hmcclure@example.org','adea22b0f10d63366925c717a117b06ae0b1b087','2652 Torphy Way Apt. 939','West Wilhelmfort','Texas','pvvk'),(1798,'Elena','Hayes','drake.howell@example.org','40ffb255505aa62cbfbc3bbd43346b3afe977e9e','44063 Ethelyn Park Suite 066','Funkbury','Nevada','ybhn'),(1800,'Alfonzo','Hammes','vicente.ullrich@example.net','67516fef2cf1f88c09bc5901a48cf6c293c07bba','17369 Hilbert Mills Suite 696','Port Bessieshire','Georgia','cmpa'),(1801,'Rosie','Gutmann','camila.gerhold@example.org','47b9be2dedf421c3eb2c67622b134f97c0ac87c9','85768 Denesik Groves Apt. 127','Romaguerahaven','Nevada','encm'),(1803,'Lottie','Upton','fanny44@example.com','d276473725f686d33d58549f7d4be1859645364e','81335 Elyssa Course','North Aliyah','SouthDakota','ffgf'),(1806,'Yessenia','Schulist','mosciski.alec@example.net','d2960784c77cf88984822b5cc62845a83f567c4f','4495 Cruz Field Apt. 157','Alliefort','NewHampshire','raed'),(1807,'Elnora','Labadie','cyrus85@example.com','6324ad64b1e230aae32b5c798d1b180a075bdfa5','844 Cruickshank Motorway Suite 667','Lake Twila','Minnesota','emau'),(1808,'Nelda','Klein','muller.mona@example.org','82e8fa48a4853f185190e795db8202fc2663398b','5680 Merle Groves','Jeanieburgh','NewYork','xbdc'),(1809,'Vada','Herman','gd\'amore@example.org','f42516de1eb5f3bb5000907f9c7c46afa4a79cfa','20867 Noelia Light','New Abigale','Maine','oawa'),(1810,'Fleta','Turner','lia24@example.com','163c70f3c0ce79fe2942cbdbb42547c2b629ca9a','4420 Kenya Island','North Nelsonborough','Iowa','ndya'),(1811,'Kaci','Tillman','lehner.giuseppe@example.net','81af5435f72c30769bc09e01f5da23ce7486c54c','963 Walsh Trafficway','Watsicaberg','Colorado','mjls'),(1812,'Pattie','Streich','delpha15@example.net','86c5b44f1e2c36c8e96eccd7784a02f699db580f','17017 Wuckert Isle','New Nicholausport','NewYork','zuik'),(1813,'Cody','Ondricka','udickens@example.org','51f9eb0caddf1c47e3417fc4efaf6fbcdf05e34f','25975 Schaden Parkways','Boriston','Indiana','hgen'),(1814,'Bertrand','Schulist','dylan43@example.com','109c4880abde3f64aa63c2606440e4d5b3e30cfb','1738 Veda Ramp Suite 307','New Dorthytown','Idaho','srey'),(1815,'Westley','Welch','mckenzie.kelli@example.org','67e5e439ae734a543efdd7c6c664b7ca35c695b2','08148 Danika Junctions','Adolphport','Nebraska','lvcb'),(1817,'Daisy','Spinka','mina09@example.org','dffaf1325d0f59a84539231a3eb954af1bce5a21','9338 Emmet Gardens Suite 974','South Isadoreburgh','WestVirginia','hbgf'),(1818,'Audreanne','Bauch','julia.weissnat@example.org','2f66f0710ac2a5f3e26389a49b276d26255e3d7c','87619 Deja Creek','New Myrtisport','California','rqjl'),(1820,'Eduardo','Corwin','darrick.kling@example.org','27c0be781d3993061b9b6c33a51444022f73a3d5','4921 Ashton Forks Apt. 760','East Roman','Montana','kopg'),(1821,'Leatha','Kub','ashtyn16@example.org','3cef3813451f187fb0acf79587bcae5154ba5d78','0496 Dakota Circle','Wildermanland','Florida','pvov'),(1822,'Maia','Swift','leonel23@example.com','83bb27fb117b6f0120416a82a643303b6402ecb9','1376 Dare Summit','Grimesmouth','Kansas','jjox'),(1825,'Retha','VonRueden','cyundt@example.net','864e2ab7c854fc04facb022ca55c85266517def8','499 Crooks Brook Apt. 661','West Jordychester','Indiana','nkvf'),(1826,'Hassan','Feeney','hhammes@example.net','7e722180546af58ed0c4c7866fd12c449b7fa6d3','830 Baumbach Plains','Emmerichbury','NorthCarolina','qojd'),(1828,'Nils','Armstrong','econroy@example.org','fc5f4068b11f6676784f09e90813679d1a621446','427 Nannie Station','Doloresmouth','Nevada','jene'),(1831,'Sally','VonRueden','jessica14@example.net','b1c318ce37b6893073bef556007b5cc07c76b046','09561 Russel Fort','East Benedict','California','shys'),(1834,'Peggie','Williamson','zconnelly@example.net','7fb8fb2c7db2b3d1d9d10e43589921e7d8ed3ec4','949 Eliane Stream','Tarynshire','Maine','ijwf'),(1836,'Maybell','Hackett','watsica.francisco@example.org','611eb82e73fe9b036bf4422e3abf38a37edd2e81','109 Oberbrunner Groves Apt. 743','Jamesonbury','Georgia','iwhf'),(1837,'Alf','Gerhold','zmosciski@example.org','06797d065b1c6813ba3496790067aee31ed581b8','0894 Yasmin Views Apt. 487','Uniqueside','SouthCarolina','ejnv'),(1843,'Brook','Reichel','renner.edward@example.org','547f1c235c48df3e4553e5dd236c07514a87e222','60410 Hegmann Village','Port Abelardoview','Oklahoma','xykx'),(1844,'Andreane','Erdman','dubuque.christopher@example.org','f748e5d49f33450d06baca221737e7885e3e3b3a','1696 Kaci Cape','New Jaqueline','Hawaii','vxsc'),(1846,'Celestino','Abernathy','marquardt.zackary@example.net','f14a1837e0f4a8416aa3358202fd2d452402efec','0766 Walter Hills','Port Juliofort','Indiana','ohvg'),(1847,'Hillard','Fritsch','luis.lynch@example.com','ae02a5893d979cb9ca98cc897223de48afe0bd22','6370 Murray Inlet Apt. 286','Dorothymouth','Utah','awtn'),(1849,'Diamond','Kessler','tessie.kshlerin@example.net','8b12c5e0dad97806ab1c232f0ee74d176d374eab','2561 Audreanne Bypass','Lefflermouth','Utah','pzpt'),(1851,'Peggie','Bechtelar','reynolds.elissa@example.org','f614edbd5471767e61166bd17e604ec8f2a8f5bf','775 Nona Meadows','East Jolie','Maine','hptr'),(1852,'Vidal','Franecki','walsh.kaleb@example.org','797567ae0c333b07fb7510d35816e696c46eaf04','818 Domenica Fall','Lolaborough','Iowa','aerj'),(1854,'Rhianna','Cremin','llemke@example.org','51c403224d5fabfc03b321b8b9e2af44f6ecc170','02922 Ardella Freeway Suite 972','Lindgrenburgh','Montana','dydw'),(1855,'Royal','Stamm','kling.jennings@example.org','a36ace6aa97ffc8eb89531f61bf863fabc5e5724','179 Merl Springs','Shanahanfort','NorthDakota','wcee'),(1856,'Irma','Abernathy','levi52@example.net','7d041e2f184e1c70826038d88831c9dc2e5e76b6','495 Mayert Fort Apt. 477','Stewartbury','Oregon','ilje'),(1860,'Sophia','Daugherty','fkrajcik@example.com','b6717a5a4a6ad05fbbf086393d602ec447357b15','9298 Bogan Unions','Orphachester','Georgia','nikn'),(1861,'Angelina','Renner','ubauch@example.com','47eee73279d24ffaf4f7c0ee122b8ffbcd3e61af','7455 Becker Point Suite 574','New Christianfort','Vermont','yqvp'),(1862,'Karine','Legros','octavia.lemke@example.com','1ab266d9a00396ba346e561589cfd439f05b425c','7820 Runolfsdottir Pines Suite 204','New Cedrick','Minnesota','iswk'),(1866,'Nedra','Schroeder','sawayn.hosea@example.org','388fc3aa07dc03390f033111c1cdbbc4d9bbfdfb','976 Jadon Roads Apt. 494','East Alexieberg','Georgia','jucn'),(1870,'Franz','Auer','clyde.weimann@example.net','af172354bd3011b0cc47699b22a3c5aa91bc54c4','002 Blick Vista Suite 976','Olsonberg','NewHampshire','dbuj'),(1874,'Lonzo','Ortiz','heller.cassandra@example.net','cc3d96703ed0974f1acb6263028ad8d5c3d6d348','59787 Bode Field Apt. 970','East Milo','Nebraska','lkjf'),(1878,'Earlene','Jones','stracke.maybell@example.net','4427537b7c5d1c81820a7386e194bd9f8f807810','865 Nicholaus Cape','Lake Giovanny','Idaho','wjsm'),(1882,'Maud','Abbott','sammie.brekke@example.com','299ad3224992e79a58f2b815ee1b2325977ab36c','5596 Huel Prairie','Schmidtville','SouthCarolina','vbxl'),(1883,'Scotty','Morissette','wilderman.randal@example.org','cba42e7e0feea5347d168835ea4fa76f38e1b796','862 Lynch Orchard','East Arvel','RhodeIsland','xxzm'),(1884,'Gayle','Labadie','karen.tillman@example.org','a23bbedfe886708cd1558cf4908f978ed63a48b4','69013 Lind Harbors','Vonton','SouthDakota','autq'),(1887,'Amir','Parker','lemuel.goldner@example.com','a4ac1bd56bcbd312cb2d1a24654c4af17a478d5a','32799 Wuckert Spurs Apt. 392','East Thalia','NewMexico','uszn'),(1889,'Wade','Mills','litzy.beer@example.net','2db38801a7b342a9f1377c4a971a76473d2dcf04','594 Schneider Greens Suite 222','West Jordibury','NorthCarolina','vpkb'),(1890,'Ross','Cormier','shana15@example.com','8295239f0c32e742318c099a65e3f94a7369f2f9','10024 Julius Plains Suite 991','Port Margieborough','Maryland','rcis'),(1892,'Rae','Schumm','emedhurst@example.net','c39173500c3dd8f05b64dc16fe03f955e958c6a8','11561 Vivian Glens','West Winifred','Missouri','rnrq'),(1893,'Maximus','Gutkowski','umuller@example.com','27e6dd24ed686ea75982e6391bc45391e952446f','16330 Madalyn Plains','Amyastad','Maine','hrau'),(1895,'Alessandro','Metz','ternser@example.net','98f0c025137612aebd08e975ff468133cc25a6f6','570 Lurline Canyon','Murazikchester','Alabama','xpko'),(1896,'Brooklyn','Bogisich','trycia.powlowski@example.net','c7eeac24970a08b14b92a91f9b4da5f3251366f4','2173 Champlin Overpass Apt. 447','South Clementina','Hawaii','qavg'),(1901,'Pietro','Wolf','hugh.fay@example.com','3ca0f568c5da95329ce568518c64e27eb8fe7f01','78540 Rachael Circle Apt. 304','South Dana','Pennsylvania','vgqn'),(1904,'Justine','Schimmel','fritsch.jeremie@example.net','781106fc1124397b6becd9b6c1de2b3f44e3695d','7701 Arvel Manors Apt. 775','North Issac','Indiana','tbux'),(1908,'Hassan','Watsica','wjohnson@example.org','861164ccb297365be0fea54873248f314da82e0a','21919 Abernathy Mews','Schummborough','Maine','tqcw'),(1912,'Clara','Johns','ofay@example.net','a764e3092ac3687389a1dec3f74b033a41e76cd5','9223 Oswald Knolls','West Zoeytown','NorthDakota','etia'),(1918,'Mireille','Gerlach','rosalinda.oberbrunner@example.net','4dcee6c7e8a6d5a24fd7dde013e10ea435b0433f','7161 Schaefer Ways','Emilianochester','Florida','hmvm'),(1920,'Harry','Wunsch','lcorwin@example.org','5571c575e603a96ad75714532f5959b25a90f658','760 Jacky Harbor Apt. 541','Herzogchester','Washington','lcwp'),(1925,'Alicia','Russel','skilback@example.net','0775ef2a16203ec72dca37407830618df2bd1bd3','947 Hegmann Prairie','Sincereborough','Idaho','eidx'),(1927,'Nathanael','Kohler','ukoch@example.net','e94a62df950872ceeb1da234a43564bc4a6e1859','084 Rosalinda Shoal Apt. 668','Joanytown','Arizona','wchg'),(1928,'Elwyn','Lakin','carli.cassin@example.net','6bdd6062d5b9fcc1f5c75a6aa012cf432a73b5b3','15154 Klocko Plains','West Maryamton','Maryland','wmcx'),(1929,'Chadrick','Mante','litzy72@example.org','821ffdad651043325f216734f2a0eee234bdc26c','84366 Bruen Circle','Reillychester','Nebraska','ehbe'),(1932,'Chanel','Smitham','darron.smith@example.com','186c206bdb646652c320f42bd6c2528f4733d21d','1211 Beatty Port Apt. 950','East Keshawn','SouthCarolina','tutd'),(1934,'Justice','Orn','aaron.vandervort@example.org','ba81f70106144d9fd020981975b8088f062b5955','5899 Hayes Dam','New Buddy','SouthCarolina','advo'),(1941,'Cary','Nolan','mosciski.samantha@example.org','cc43a3c4740a7d5274191462eaae9c9ae04b93a5','86558 Helene Lodge Apt. 676','Katrinemouth','NewJersey','kvil'),(1942,'Vern','Cronin','palma.feest@example.org','6cef78216d0ab0e37943b8d89e2355cf0de8b42c','02135 Mayer Prairie','Russelchester','NorthDakota','pjvf'),(1944,'Jazmin','Kling','elise.kovacek@example.org','dffc0184f65c1dc1866cfc046f0f1fa2abd7a6bb','206 Kreiger Dale Apt. 581','East Dylanmouth','RhodeIsland','aljz'),(1946,'Natalia','Orn','amos31@example.net','e895c9475da8a01098a28c3f5c0f29bed32d6570','89564 Muriel Stream','Port Lizethland','Indiana','btvu'),(1947,'Domenick','Langworth','pagac.nellie@example.org','d7dcace480af7d6d27bce68e2c27ee17e5a46dff','33006 Constance Throughway','East Daniella','Vermont','xuqm'),(1951,'Myra','Hills','eden05@example.org','9126e359da6ea9121ba9edcacd0daf35b17c2914','78452 Cornelius Light Apt. 533','Millershire','Washington','oxfn'),(1952,'Efrain','Brown','aiyana99@example.com','0b240df2344fcad7f56b4f7cd4da86c32c749133','333 Parisian Fork Suite 312','Lake Deonte','Missouri','ksmq'),(1954,'Veronica','Walter','mschinner@example.net','6a277dcc110cd6a0f4e456fb70414b65c65c0725','88847 Benedict Roads','Lakinton','NewYork','arcw'),(1957,'Jaime','Koepp','michel.upton@example.org','801dd8474c5e2af40c6928ee3ab41d1d1c38e2d2','00714 Khalil Tunnel','New Cydney','Pennsylvania','tcru'),(1958,'Yadira','Cruickshank','tvolkman@example.net','9a6c76743d6f8f3e3e83c3764a45871e28b81aaf','53092 Christiansen Ranch','New Aileenport','California','jgiz'),(1959,'Raven','Monahan','beatty.lourdes@example.org','8d6f81f65c2e6c86377ab83136ffc6d5316f9d2d','67161 Ora Tunnel','Elmostad','Vermont','izyu'),(1960,'Lyric','Rodriguez','rutherford.vidal@example.com','2622167c76d2b17e22e123363d96c9337f00b141','04926 Bosco Circle','Masonton','Montana','zxsd'),(1961,'Pierre','Altenwerth','ervin.kuhic@example.org','bc64dc2bb175e12be707511b7de0b324449a8065','879 Buckridge Trail Apt. 653','West Herminioville','Kentucky','emyl'),(1962,'Nettie','Harber','green.howell@example.org','ccebefac7669f33b431b255b14d6140b8191108a','876 Moore Tunnel','Veummouth','WestVirginia','xvlo'),(1965,'Reba','Dickinson','okuneva.lilyan@example.net','375352e01b815ba5072094f27352feb1fd35d1e5','08677 Kuvalis Junction','New Eduardo','Kentucky','cjei'),(1968,'Lavonne','Tremblay','hgleichner@example.net','ac07c7f02f990e8217bf257741e5ea55dd497bb3','7582 Bridie Spring','North Eliane','Colorado','prfp'),(1969,'Alexie','Hettinger','larson.judah@example.org','421192f9acbda8a2c26fa6cbfaaa68af976c3561','85713 Reinger Spurs Suite 260','Hoegerhaven','Kansas','xeth'),(1972,'Ilene','Harber','ryann85@example.org','9b5f90ea766f372df75072f9de327e53c63a302c','4007 Madie Crescent','South Alfredburgh','Pennsylvania','ixdy'),(1973,'Angelica','Abshire','nick.kuhn@example.org','4dcb5165a504b230aee7843cb8199768fb694f00','8454 Keebler Wall Suite 983','Sipesfurt','Louisiana','wmsi'),(1974,'Lavern','Medhurst','wbergstrom@example.org','316220b0147d7c3fa6d4e450e42ca8958016441d','189 Schaden Pines Apt. 320','O\'Connershire','Louisiana','kmfn'),(1979,'Blair','Bogan','lucas.lubowitz@example.net','85e4c97c37d663dde3128fc25941ce139756d437','5838 Borer Harbors','Brauntown','Michigan','wnni'),(1980,'Darren','Altenwerth','kferry@example.net','1afe29fcf215ab388c5727b3c9bcca5ca1b27229','19365 Von Villages','West Georgette','Oklahoma','myce'),(1985,'Sherman','Johnston','jakayla27@example.org','1ff3ce510139e91159a359b643cd5346fc545826','436 Jovan Drive Apt. 716','Lorimouth','NorthCarolina','ojjx'),(1986,'Fatima','Tillman','champlin.carleton@example.net','806b7f2aae0ab70faafdafa5ae6bf1cefe2cfe24','1784 Barbara Forge Apt. 828','Murazikfurt','Michigan','arig'),(1988,'Vladimir','Hermiston','uhessel@example.net','f7c99d5d4014434b0bd0249b039affc3c33f15dd','867 Sauer Garden Apt. 128','Erikaborough','Ohio','evvk'),(1989,'Ottis','Beier','west.taya@example.org','db4af8103d1ab6ddd5718aa3536e8a4a9d14b00d','605 Quitzon Inlet Apt. 978','Jarredville','Indiana','xdqb'),(1990,'Crawford','Kuphal','pasquale81@example.net','395d5036f89b67cce96e8ebd43d1f90874144504','52032 Barbara Centers','Lubowitzton','Nebraska','fjqu'),(1991,'Noemi','Kunze','walker90@example.com','e6543b5d6bd739764ae72ffee5798ad680400d2f','252 Onie Club Suite 737','Cordiaport','Connecticut','ltuz'),(1993,'Candelario','McGlynn','kaleb14@example.net','d2de6617097c0e57f28beeacc8bc9becb9b43236','271 Kiera Ferry Suite 190','South Isabell','Michigan','qdjx'),(1994,'Freddy','Lowe','justine.hamill@example.net','b4484f7bce3a01944eb919eba040d0c4d3640d71','2313 Herman Heights Apt. 384','Mayerborough','Arizona','bthp'),(1996,'Blair','O\'Kon','ara.heller@example.org','c7ed67982ac5d5c38ce80a26dea14ae5e2fe8bb9','01316 Ebert River','Port Joanbury','Iowa','hdyd'),(1997,'Mariane','Stanton','stan.wiegand@example.net','fd164b19838fd7aca573458d9d44fcbd174b7304','6981 Kendrick Crest Suite 625','Port Jamelbury','Kansas','mqhl'),(1999,'Genoveva','Moen','kenyon.robel@example.org','168aeba3ff993e50047e138e00143786c4437de2','9635 Pete Ports','Jaquelinberg','Nevada','dcrq');
/*!40000 ALTER TABLE `customers` ENABLE KEYS */;
UNLOCK TABLES;

--
-- Table structure for table `departements`
--

DROP TABLE IF EXISTS `departements`;
/*!40101 SET @saved_cs_client     = @@character_set_client */;
/*!40101 SET character_set_client = utf8 */;
CREATE TABLE `departements` (
  `departement_id` int(11) NOT NULL,
  `departement_name` varchar(50) NOT NULL,
  PRIMARY KEY (`departement_id`) USING BTREE
) ENGINE=InnoDB DEFAULT CHARSET=utf8mb4 ROW_FORMAT=DYNAMIC;
/*!40101 SET character_set_client = @saved_cs_client */;

--
-- Dumping data for table `departements`
--

LOCK TABLES `departements` WRITE;
/*!40000 ALTER TABLE `departements` DISABLE KEYS */;
INSERT INTO `departements` VALUES (0,'ipsa'),(2,'quo'),(3,'ut'),(4,'error'),(5,'alias'),(6,'velit'),(7,'nobis'),(8,'rerum'),(9,'et'),(10,'rem'),(11,'qui'),(12,'nulla'),(13,'quod'),(14,'ea'),(16,'dolores'),(18,'fugiat'),(19,'nemo'),(20,'voluptas'),(21,'ratione'),(22,'doloremque'),(23,'in'),(24,'voluptatem'),(25,'esse'),(26,'explicabo'),(27,'maiores'),(28,'quis'),(29,'aspernatur'),(30,'sed'),(31,'architecto'),(32,'et'),(33,'quod'),(34,'totam'),(35,'nemo'),(36,'non'),(37,'enim'),(38,'repellendus'),(39,'magni'),(40,'esse'),(41,'consequatur'),(42,'excepturi'),(43,'quae'),(44,'iste'),(45,'et'),(46,'necessitatibus'),(49,'a'),(50,'est'),(51,'maiores'),(52,'autem'),(53,'ducimus'),(54,'placeat'),(56,'recusandae'),(57,'autem'),(58,'aliquam'),(59,'debitis'),(60,'et'),(61,'sed'),(62,'rerum'),(63,'ratione'),(64,'itaque'),(65,'qui'),(66,'totam'),(67,'ut'),(68,'est'),(69,'ut'),(71,'reiciendis'),(72,'deleniti'),(73,'omnis'),(74,'qui'),(75,'vel'),(76,'omnis'),(77,'et'),(79,'numquam'),(80,'in'),(81,'alias'),(82,'est'),(83,'consequatur'),(84,'iste'),(85,'delectus'),(86,'repellendus'),(87,'exercitationem'),(88,'rem'),(89,'est'),(90,'maxime'),(91,'rerum'),(92,'libero'),(94,'porro'),(95,'alias'),(96,'harum'),(97,'voluptate'),(99,'eum'),(100,'et'),(101,'doloremque'),(102,'esse'),(103,'corrupti'),(104,'aut'),(105,'vel'),(107,'nesciunt'),(108,'modi'),(109,'facilis'),(110,'aut'),(111,'dolor'),(116,'eius'),(117,'aut'),(118,'qui'),(119,'vel'),(122,'incidunt'),(123,'sunt'),(124,'neque'),(127,'et'),(129,'eum'),(130,'ex'),(131,'repudiandae'),(132,'earum'),(133,'vero'),(134,'maxime'),(135,'accusamus'),(136,'cupiditate'),(137,'optio'),(139,'id'),(140,'aut'),(141,'minima'),(142,'tempora'),(143,'libero'),(144,'sed'),(145,'iure'),(146,'alias'),(147,'et'),(148,'tenetur'),(149,'praesentium'),(150,'qui'),(151,'aliquam'),(152,'ut'),(153,'dicta'),(154,'qui'),(155,'nesciunt'),(157,'dolorem'),(158,'est'),(159,'et'),(160,'sed'),(161,'esse'),(162,'atque'),(163,'id'),(164,'voluptatum'),(165,'nobis'),(166,'asperiores'),(167,'delectus'),(168,'eos'),(169,'magni'),(170,'dicta'),(171,'omnis'),(172,'voluptates'),(174,'qui'),(175,'quos'),(177,'cupiditate'),(178,'qui'),(180,'eos'),(181,'ullam'),(183,'quam'),(184,'possimus'),(186,'est'),(187,'veniam'),(188,'ut'),(189,'amet'),(190,'vitae'),(191,'dolor'),(192,'facere'),(193,'voluptatibus'),(194,'ullam'),(195,'odio'),(196,'atque'),(198,'consequatur'),(199,'quia'),(200,'dolorum'),(201,'aut'),(203,'voluptates'),(204,'ad'),(205,'officia'),(206,'ad'),(207,'ea'),(210,'quia'),(212,'aut'),(213,'placeat'),(214,'doloribus'),(215,'quia'),(216,'hic'),(217,'tenetur'),(219,'et'),(220,'voluptas'),(221,'nulla'),(223,'alias'),(225,'consectetur'),(226,'fuga'),(227,'officia'),(228,'veniam'),(229,'reprehenderit'),(230,'iste'),(231,'quidem'),(232,'blanditiis'),(234,'maxime'),(235,'necessitatibus'),(236,'ducimus'),(240,'ut'),(241,'molestiae'),(242,'omnis'),(243,'pariatur'),(245,'eligendi'),(246,'distinctio'),(247,'voluptas'),(249,'est'),(250,'rem'),(251,'iure'),(253,'in'),(255,'tenetur'),(257,'fuga'),(258,'minima'),(259,'magni'),(261,'vitae'),(262,'omnis'),(263,'illo'),(264,'debitis'),(265,'et'),(266,'est'),(267,'minima'),(269,'vel'),(271,'labore'),(272,'dolore'),(273,'ut'),(274,'incidunt'),(275,'culpa'),(276,'soluta'),(277,'voluptas'),(278,'maiores'),(279,'voluptates'),(280,'autem'),(281,'dolores'),(282,'aut'),(284,'voluptatem'),(285,'totam'),(286,'rerum'),(288,'sit'),(289,'eos'),(290,'quasi'),(291,'commodi'),(292,'tempora'),(293,'iusto'),(295,'et'),(296,'et'),(297,'eligendi'),(299,'nisi'),(300,'est'),(301,'molestias'),(302,'vel'),(303,'non'),(304,'et'),(305,'amet'),(306,'facilis'),(307,'et'),(308,'et'),(309,'facilis'),(310,'non'),(313,'officia'),(314,'et'),(317,'iusto'),(318,'totam'),(319,'tenetur'),(320,'atque'),(321,'explicabo'),(322,'nam'),(323,'qui'),(324,'quam'),(326,'incidunt'),(327,'tempore'),(328,'quam'),(329,'cumque'),(330,'sint'),(331,'magni'),(333,'est'),(334,'nam'),(335,'cupiditate'),(336,'assumenda'),(337,'eos'),(338,'sit'),(339,'voluptatem'),(340,'id'),(341,'iusto'),(342,'in'),(343,'voluptatem'),(344,'officia'),(346,'eum'),(349,'vitae'),(350,'ipsam'),(351,'nesciunt'),(352,'et'),(353,'esse'),(354,'tempora'),(356,'quis'),(357,'ut'),(358,'expedita'),(359,'repellendus'),(360,'dolore');
/*!40000 ALTER TABLE `departements` ENABLE KEYS */;
UNLOCK TABLES;

--
-- Table structure for table `orders`
--

DROP TABLE IF EXISTS `orders`;
/*!40101 SET @saved_cs_client     = @@character_set_client */;
/*!40101 SET character_set_client = utf8 */;
CREATE TABLE `orders` (
  `order_id` int(11) NOT NULL,
  `order_date` date NOT NULL,
  `order_customer_id` int(11) NOT NULL,
  `order_status` varchar(50) NOT NULL,
  PRIMARY KEY (`order_id`) USING BTREE,
  KEY `orders_customers` (`order_customer_id`) USING BTREE,
  CONSTRAINT `orders_customers` FOREIGN KEY (`order_customer_id`) REFERENCES `customers` (`customer_id`) ON DELETE CASCADE ON UPDATE CASCADE
) ENGINE=InnoDB DEFAULT CHARSET=utf8mb4 ROW_FORMAT=DYNAMIC;
/*!40101 SET character_set_client = @saved_cs_client */;

--
-- Dumping data for table `orders`
--

LOCK TABLES `orders` WRITE;
/*!40000 ALTER TABLE `orders` DISABLE KEYS */;
INSERT INTO `orders` VALUES (1,'2009-04-05',544,'Vero illo repellendus in aut. Non tenetur sed faci'),(3,'2005-03-21',1629,'Esse iusto commodi officia maxime sequi ullam ex. '),(4,'2008-12-25',714,'Recusandae eveniet et non voluptatum. Et ut omnis '),(7,'2005-10-31',11,'Molestiae molestiae sunt tempora eveniet vero. Ips'),(9,'1980-08-12',1676,'Soluta voluptates quo ipsa laborum dolor aut. Vel '),(10,'1977-12-11',1233,'Voluptas odio ipsam fugiat suscipit placeat qui ni'),(11,'1980-09-29',559,'Aliquid eius deleniti vel aut voluptate reiciendis'),(15,'1997-09-17',727,'Magni earum suscipit reiciendis culpa maiores inve'),(16,'1993-12-10',1994,'Vitae ad natus at doloribus quae optio. Enim quos '),(19,'2016-12-31',1851,'Optio pariatur vitae asperiores perferendis est ip'),(21,'2010-05-03',1142,'Voluptatem soluta reiciendis quod ipsum. Asperiore'),(23,'1970-06-16',1467,'Autem perspiciatis qui quia id tempore. Atque dolo'),(24,'2004-08-27',1188,'Dolores quisquam culpa doloremque soluta voluptate'),(25,'2011-08-21',1822,'Totam libero sint dolores itaque natus. Sunt sint '),(27,'1970-02-28',1256,'Velit minima voluptatum ut. Maxime sint sit offici'),(29,'2013-06-26',547,'Fugiat recusandae autem rerum nesciunt sunt perspi'),(31,'1988-01-17',1624,'Et animi molestiae voluptatibus modi et in. Animi '),(32,'1978-04-20',64,'Ut facilis aut delectus itaque harum neque. Autem '),(36,'2007-05-05',1404,'Non tempora dolor fuga vel. Aut natus recusandae v'),(38,'1979-07-10',364,'Recusandae dolore eius quia quia. Accusamus aut re'),(41,'1984-02-06',1202,'Ad in ut omnis aliquid voluptatibus et eveniet qui'),(42,'2012-05-09',1219,'Vel est quo eveniet dolor. Ullam et earum quia aut'),(44,'1999-03-22',307,'Eum consequuntur sequi itaque enim ea omnis. Nam a'),(46,'2018-04-27',827,'Suscipit et quasi vel quis et necessitatibus. Corr'),(48,'1975-01-01',1320,'Quod numquam maxime natus sit sint accusamus. Aut '),(52,'1998-05-25',1772,'Quis maxime sapiente sed sit. Vel voluptas quisqua'),(54,'1975-01-01',1852,'Dolores cumque eius nulla in nemo ea sapiente. Dol'),(57,'1977-10-21',376,'Cupiditate non aliquid rerum omnis adipisci numqua'),(59,'2010-12-18',1846,'Debitis possimus omnis quisquam quo. Itaque consec'),(60,'1974-11-08',1345,'Ut temporibus voluptas nisi velit dolor aut. Conse'),(61,'1987-05-25',681,'Aliquid eius qui dolores maxime fugit eos eos. Vel'),(62,'1973-12-24',966,'Est in reprehenderit voluptatem blanditiis. Accusa'),(67,'2009-09-05',1212,'Sit iste sequi illum nihil. Nostrum doloribus sed '),(68,'2018-05-19',1272,'Quam omnis molestiae sed perspiciatis aspernatur q'),(73,'2009-12-22',957,'Ut porro et accusantium quo repellendus corporis. '),(74,'1978-07-12',972,'Sint nobis ut ut veritatis totam. Explicabo accusa'),(75,'1980-11-15',799,'Porro maxime qui eos. Libero possimus iste et nesc'),(77,'1983-08-16',1826,'Quibusdam rerum pariatur qui ex eligendi temporibu'),(78,'2008-03-24',1277,'Vitae enim pariatur quae quidem velit. Ratione acc'),(79,'1982-01-28',1121,'Unde et est qui natus eum ea cumque ipsam. Recusan'),(80,'1996-02-20',1753,'Accusantium voluptas voluptas vero. Aut maiores qu'),(81,'1989-03-06',315,'Magni voluptatem ut voluptatem ipsa eos. Repellend'),(83,'1993-06-05',1766,'Odio eos et voluptatem odio hic commodi nihil. Aut'),(85,'2011-01-26',672,'Ea et fugiat eos pariatur voluptate. Neque repelle'),(86,'2013-01-11',921,'Dolorem et quos labore quia voluptatem ipsam quae '),(92,'2006-10-09',806,'Perspiciatis maiores provident vitae magni a volup'),(94,'2000-03-06',1535,'Eius excepturi vel doloribus vero non repellendus.'),(102,'2016-07-14',508,'Vitae ex qui in quis et porro itaque. Soluta et co'),(104,'2011-12-24',765,'Autem delectus nam in rerum repellendus. Odio fugi'),(107,'2010-06-18',165,'Iste ducimus magni maxime ex sapiente non. Expedit'),(108,'2017-09-26',1587,'Sint similique ad alias quasi in possimus. Accusan'),(109,'1972-12-10',917,'Et iste ab magnam distinctio. Officia reiciendis v'),(111,'1984-03-30',1310,'Dicta pariatur est voluptates distinctio enim. Con'),(114,'1996-02-05',708,'Aut voluptatem placeat autem illum odio. Unde aliq'),(115,'2015-03-18',1207,'Sint eveniet labore iste. Maiores facilis aspernat'),(117,'1995-05-23',853,'Repellat distinctio accusantium voluptas harum sol'),(119,'1988-04-23',1108,'Voluptas expedita quaerat ad ut. Fugiat occaecati '),(120,'2016-03-11',699,'Eos hic vel quisquam optio minima. Tempore dolorib'),(122,'2009-05-21',1374,'Blanditiis alias aut ut inventore. Accusamus volup'),(124,'1978-03-10',796,'Dignissimos magni odio eos exercitationem alias di'),(128,'2021-11-06',1337,'Fuga consequatur doloribus ipsam omnis harum et ut'),(130,'1998-11-03',71,'Nisi et id consequuntur. Sapiente consequuntur sit'),(132,'2000-08-06',21,'Natus sapiente quaerat consectetur odit. Vel id et'),(135,'1975-02-12',1008,'Non facere eius illo natus. Soluta autem quo dolor'),(137,'2011-07-29',1409,'Aliquam enim expedita consequatur eius et earum ut'),(142,'2019-12-14',1274,'Id doloremque velit dignissimos architecto laborum'),(143,'2019-08-11',467,'Voluptatibus ut quam ut animi neque est. Sunt vel '),(144,'2021-10-26',1691,'Quibusdam eius dolor repellendus id. Harum volupta'),(145,'2020-08-28',565,'Consectetur beatae sint aut sunt nostrum officiis.'),(147,'2008-12-10',578,'Ducimus expedita ipsum nemo in natus est ut. Tempo'),(148,'1979-05-14',327,'Sit quia ex mollitia excepturi. Voluptates officii'),(151,'1987-03-28',406,'Impedit saepe nesciunt veritatis dolorem qui quibu'),(155,'1988-05-01',1621,'Ab voluptate est doloribus accusamus. Nesciunt in '),(158,'2001-06-02',855,'Cumque in qui blanditiis perspiciatis. Qui et nihi'),(163,'1975-05-22',1820,'Nihil tenetur recusandae similique atque explicabo'),(164,'2012-09-30',283,'Voluptate est nulla provident. Quam suscipit exerc'),(165,'2007-09-06',1883,'Totam repellat doloribus dolor et. Nihil velit dol'),(168,'2006-07-05',1656,'Voluptas nostrum modi voluptate accusamus molestia'),(169,'2000-04-10',1154,'Autem eos quos voluptas rerum vel aut sit. Dolorem'),(172,'1978-09-17',1491,'Dolorem mollitia et eum modi voluptatem a. Beatae '),(175,'2004-11-19',1960,'Aut eos eaque rerum ullam et debitis voluptatibus '),(176,'1993-01-17',123,'Id corrupti adipisci dicta et deleniti sint animi.'),(178,'2001-11-21',1763,'Debitis qui magni fugit sapiente magni ab. Laborio'),(179,'1995-02-20',1589,'Facilis corrupti consequuntur voluptatem consequun'),(180,'1998-08-22',1469,'Reiciendis omnis autem itaque illo amet velit. Cor'),(181,'2015-01-31',1968,'Vitae iste animi molestias est eveniet alias. Volu'),(184,'2015-07-04',817,'Quia deleniti vero nulla nulla. Doloribus commodi '),(186,'1971-12-12',1758,'Sed asperiores tenetur voluptatem corrupti saepe u'),(188,'1994-02-08',1362,'Voluptatem labore voluptatem est in illo quas ea. '),(189,'1970-05-11',1609,'Aut et soluta pariatur vel voluptas. Aut sint temp'),(192,'2018-05-02',145,'Dolorum dolorem quis aut ipsam atque ipsum quia. I'),(194,'1998-10-21',348,'Doloribus qui id rerum atque unde debitis aliquam.'),(195,'2010-03-13',1563,'Doloribus unde inventore et corrupti sequi et. Fug'),(196,'2015-03-27',743,'Saepe alias error itaque quia harum. Hic id est do'),(198,'1975-06-07',1796,'Quae recusandae sed voluptatem dolores sit et iust'),(200,'1995-01-25',1471,'Magni est quos voluptatibus error ipsum. Esse duci'),(203,'1974-07-10',1165,'Quo molestiae qui delectus. Tempore laborum assume'),(205,'2000-03-02',979,'Tempora ad consequuntur perferendis expedita numqu'),(206,'2013-08-12',632,'Sed quia cupiditate qui incidunt amet eos et. Et n'),(207,'1982-07-26',1499,'Non id optio soluta vel. Cumque quam veniam aut qu'),(210,'1999-12-24',636,'Sit reiciendis expedita quis aspernatur laboriosam'),(212,'1996-10-22',766,'Eligendi eum animi rerum autem. Sint inventore eli'),(216,'1997-11-19',1164,'Modi impedit impedit qui nihil est occaecati autem'),(221,'1990-12-19',1818,'Non sint dolores non aut. Quam illum optio nisi qu'),(223,'1995-02-26',751,'Dolorum beatae rerum consequatur et aut magnam est'),(224,'2014-11-04',1297,'Dolores expedita consequatur facilis quam possimus'),(228,'1971-11-06',1513,'Est eveniet alias eius. Quidem rerum omnis rerum n'),(229,'1995-09-04',1162,'Qui et vel quia ullam inventore. Ducimus ea accusa'),(231,'2002-12-16',18,'Magnam sapiente similique est fugiat exercitatione'),(232,'2021-09-14',1843,'Optio expedita quas perferendis ut quod. Quidem la'),(240,'2012-04-12',36,'Vel autem eos aut veritatis quo odio nihil porro. '),(241,'1995-02-05',1073,'Doloribus sit ut et ut odio. Libero quo rerum inci'),(242,'1988-02-17',474,'Praesentium aut voluptas molestiae a. Et aperiam q'),(244,'1980-08-06',1137,'Accusamus dolorem et sit commodi quam nobis. Volup'),(246,'1999-01-15',1296,'Corrupti dolores ad deleniti assumenda perspiciati'),(251,'1999-05-23',438,'Molestiae culpa doloribus nisi qui veniam vel enim'),(257,'1977-09-08',1339,'Iste consequatur et architecto voluptates est. Atq'),(259,'2020-08-13',1668,'Sit autem iure quia odio. Neque architecto harum b'),(261,'2020-04-30',1711,'Iure ut porro quisquam. Itaque enim occaecati sit '),(263,'1998-11-30',111,'Aut quia reprehenderit soluta aperiam officiis. Se'),(264,'1984-06-08',1673,'Repudiandae aut doloremque eum dolores tempora. Qu'),(265,'2004-03-23',1952,'Velit voluptas vitae molestias. Quia dicta culpa d'),(268,'1989-11-13',1749,'Blanditiis veniam rerum aut ut sint totam iusto et'),(271,'1984-04-19',110,'Voluptas laborum nemo ut quam architecto ad accusa'),(272,'1975-11-30',841,'Itaque vel et provident saepe. Odio sed excepturi '),(273,'1986-09-06',673,'Ea voluptate et et quam a cumque et perspiciatis. '),(277,'1971-05-27',598,'Et velit eum veniam id. Doloribus et reprehenderit'),(279,'1989-09-21',605,'Nihil minima nihil sunt sit quis inventore repella'),(280,'2018-07-01',341,'Non natus qui animi et. Minima et expedita illum s'),(282,'1996-09-11',525,'Iure rerum consequuntur est nulla voluptatem animi'),(286,'1988-03-23',648,'Libero est pariatur voluptates ullam. Eligendi qui'),(287,'2015-11-10',1965,'Reiciendis omnis error pariatur dolore quae autem.'),(289,'1993-04-26',1531,'Perspiciatis ut voluptatem sed explicabo et rerum '),(291,'1986-08-13',309,'Ut sapiente pariatur est facilis recusandae dignis'),(292,'1981-04-02',1308,'Voluptatem velit repudiandae debitis voluptas pari'),(293,'2019-05-31',1289,'Dolor rerum illum commodi quod quis dicta magni. S'),(294,'2014-06-25',674,'Perspiciatis voluptatem ut et eos. Repellendus et '),(295,'1980-06-23',1812,'Reiciendis dolores qui et officiis id sunt provide'),(296,'1994-12-28',272,'Et qui voluptatem sint consequuntur. Qui qui vitae'),(298,'2007-12-30',1275,'Sunt deleniti exercitationem officia et unde quo c'),(302,'2008-05-16',1021,'Rem et molestiae velit molestiae natus. Eum ut aut'),(307,'1984-08-11',306,'Animi quisquam et rerum eligendi at ipsum error. S'),(308,'1984-10-17',830,'Voluptatem eaque qui reprehenderit autem. Error ut'),(309,'2018-11-07',545,'Facilis enim neque enim rerum vel autem delectus. '),(313,'1970-09-22',1182,'Quisquam qui quod officia eos quia id. In nam porr'),(314,'1996-06-03',1041,'Minus exercitationem qui vero necessitatibus elige'),(315,'2012-01-06',1638,'Commodi commodi dicta laudantium qui animi. Iusto '),(317,'2004-02-02',1533,'Exercitationem voluptatem aut ea laborum. Amet del'),(319,'1986-11-24',1085,'Odio rerum qui sequi ut sed qui iure. Delectus et '),(320,'1971-10-11',777,'Occaecati et omnis nihil praesentium. Est ea quia '),(322,'1990-06-27',1529,'Veritatis est consequatur nam sit alias est. Optio'),(323,'1979-06-19',1369,'Ab exercitationem non molestias voluptatem sint de'),(324,'2018-12-17',1478,'Enim omnis distinctio delectus ut. Quia qui sint m'),(325,'1981-07-02',1214,'Sed placeat aliquam aut esse repellat molestias re'),(326,'2005-05-29',660,'Non vel qui quasi quis consequatur voluptate. Eos '),(327,'1986-08-26',1342,'Qui aut dicta ab est cum numquam. Dolorum illum du'),(328,'1991-03-08',997,'Est aut aut odio perferendis facere. Maxime est vo'),(329,'1989-07-17',212,'Aut est ducimus fuga vel fuga. Ipsum eveniet animi'),(331,'2011-08-25',328,'Quis ea fugit fugit dolores maiores facilis et min'),(332,'2007-12-26',13,'Perspiciatis similique molestias dolorem qui quod '),(333,'1972-10-16',41,'Voluptatem consequatur est ipsum consequatur nostr'),(334,'1991-08-25',489,'Quos minima laborum eos animi quia. Officia neque '),(335,'1976-06-22',614,'Quae et magni quos sequi quos quos. Doloribus cons'),(337,'1972-10-10',993,'Voluptatem nulla quis a doloribus ut. Quia cum sed'),(338,'2011-05-05',367,'Repellat harum hic quo sint. Iste voluptatem et re'),(339,'1982-02-05',475,'Dolore libero placeat error voluptates. Sit et mol'),(342,'1977-02-07',608,'Harum et voluptatem recusandae. Maxime voluptates '),(343,'1989-04-04',40,'Suscipit quasi aut quia enim nobis error dolores. '),(345,'1972-04-25',543,'A qui voluptate provident velit hic. Omnis unde su'),(346,'2015-02-10',97,'Occaecati adipisci commodi distinctio dolor quis. '),(347,'1977-09-22',863,'Voluptatem consectetur sunt eius id accusamus omni'),(352,'1973-11-08',1003,'Rem perspiciatis quisquam et enim repellat consect'),(356,'2007-06-25',1468,'Cumque est autem ut modi. Tempore veniam eaque dol'),(361,'2002-02-01',1168,'Quod quod eos quia autem eos culpa. Eos minima ten'),(368,'1997-02-23',1040,'Magni distinctio id reprehenderit qui. Et rem et e'),(369,'2014-04-01',954,'Sapiente repudiandae quod minus occaecati neque no'),(371,'2002-02-23',1677,'Blanditiis iste velit odit sapiente earum voluptat'),(376,'2020-03-26',899,'Numquam dolorem dolor et inventore ipsum praesenti'),(377,'1976-12-07',1054,'Ipsa porro saepe repellat quaerat quia repellendus'),(378,'2017-01-03',127,'Earum laboriosam est et. Dicta aut ut aut vitae mi'),(379,'2011-03-05',879,'Impedit et officiis mollitia sed sapiente. Eos qui'),(380,'2015-02-04',457,'Veniam quod qui et eius in velit labore. Praesenti'),(381,'1976-04-21',883,'Saepe ex quibusdam pariatur et nobis ratione. Et s'),(383,'2006-05-14',424,'Ea molestias ut maiores architecto id nam. Aut sun'),(384,'1996-03-11',289,'Velit voluptate sunt eveniet porro aut recusandae '),(385,'2019-09-22',1912,'Saepe veniam autem distinctio aut distinctio volup'),(387,'2005-01-28',1854,'Quam officiis et neque sequi repellendus qui. Beat'),(391,'2021-01-02',30,'Cupiditate aut ut et cupiditate eos ut. Corporis e'),(394,'1977-10-24',1684,'Quo rerum iure corrupti non fugit mollitia. Ut omn'),(396,'1996-10-30',1451,'Sit sunt et laudantium neque. Provident laboriosam'),(400,'1981-07-25',286,'Labore et quibusdam iusto. Quisquam ut quas volupt'),(401,'1981-05-30',1959,'Occaecati temporibus ea voluptatem illum. Exceptur'),(404,'1998-10-29',240,'Mollitia accusamus minus iste perspiciatis delenit'),(406,'2017-05-20',1507,'Repudiandae earum consequatur voluptas. Culpa est '),(408,'1980-03-17',266,'Illo delectus hic corporis maxime qui quidem. Est '),(417,'1977-02-22',1498,'Similique distinctio soluta in. Sed laborum dicta '),(419,'1996-10-04',1693,'Odio atque voluptatum quia nisi voluptatem eum. Of'),(420,'1992-07-05',1817,'Laudantium ut aut minima quo. Ut tenetur id velit '),(421,'1979-11-05',75,'Fuga maiores iusto maxime dolorum sint incidunt ut'),(422,'1996-10-13',1810,'Sapiente quod ut molestiae cumque temporibus. Sit '),(423,'1992-08-18',1662,'Velit officia rerum ad sequi voluptate. Provident '),(430,'1988-12-01',1087,'Voluptate enim consectetur nostrum aliquid blandit'),(431,'2009-03-07',384,'Doloremque sapiente quidem dolor quia neque sapien'),(432,'1998-04-20',294,'Tenetur eum quis perspiciatis quos quod libero duc'),(435,'2005-07-26',1814,'Sed voluptas ratione impedit quas. Et voluptatem i'),(436,'1989-01-20',881,'Architecto et possimus qui odio. Odio sit quia cum'),(437,'1971-07-28',619,'Consequuntur et voluptas quam soluta. Voluptatem c'),(440,'1980-10-03',1581,'Porro sed ut sed est eos est deserunt. Sint magnam'),(443,'2003-05-25',1394,'Doloremque voluptatem quod itaque ducimus. Explica'),(445,'2001-12-10',729,'Dolores perferendis aut et repudiandae officia ips'),(446,'1975-09-23',914,'Occaecati laborum ducimus eius dolor et voluptatem'),(449,'2011-09-20',823,'Delectus rem assumenda qui sapiente asperiores. No'),(451,'2009-04-22',654,'Omnis dolore exercitationem quia eos. Fugiat tempo'),(452,'1984-12-22',918,'Voluptas qui dolor unde eum. Ex sint quibusdam cup'),(455,'2004-06-16',640,'Sapiente ea sunt rem cumque. Libero aperiam ex inc'),(460,'1988-12-22',1033,'Qui ipsum quasi officia quas animi illum. Aut et q'),(461,'1989-04-23',1315,'Et culpa mollitia sed inventore nostrum aut. Vel a'),(464,'1985-01-18',736,'Fuga incidunt vel voluptate et. Dolorum quia nisi '),(467,'1998-06-10',810,'Doloremque eum voluptatum inventore qui ducimus pr'),(470,'2002-02-15',1185,'Quae minus consequatur magni. Et non et et quo vol'),(471,'2013-11-02',1384,'Eum velit cupiditate non. Itaque iste perferendis '),(474,'1991-10-17',1586,'Nihil vel et magni sapiente doloremque. Laboriosam'),(476,'2009-10-23',1307,'Voluptatem minima ducimus est blanditiis. Omnis co'),(477,'1977-05-28',961,'Quidem ut quae et voluptatum dolores. Ipsam consec'),(480,'2014-04-20',49,'Illo magnam sunt nisi qui aliquam minus architecto'),(481,'1973-01-28',301,'Numquam eos ullam voluptatem id vero. Eaque est vo'),(482,'2017-12-06',1432,'Sit eos quo rerum rem. Harum reprehenderit ratione'),(483,'1998-11-20',142,'Id iure est qui voluptatem porro. Explicabo et qui'),(486,'2009-04-22',1934,'Magnam quia dolores ipsa repudiandae enim pariatur'),(487,'1986-03-22',221,'Eaque doloremque delectus et ea. Id neque molestia'),(488,'1983-01-21',837,'Eius numquam id vel cumque pariatur optio dolorem '),(489,'1973-10-13',1324,'Sint vel non dolorem. Quidem eligendi animi archit'),(490,'1990-07-30',615,'Enim vel quis odit hic modi debitis. Enim rerum do'),(492,'1973-08-28',277,'Earum adipisci et non maiores ea sit odit. Dolores'),(493,'1997-01-26',1036,'Odio ipsam quia impedit. Enim ut explicabo autem t'),(495,'1981-08-16',1520,'Et alias rerum assumenda. Necessitatibus ullam rep'),(496,'1972-04-06',910,'Qui aut et temporibus hic tenetur non sint accusan'),(500,'1982-08-29',296,'Quae dignissimos officia molestiae voluptatibus qu'),(501,'1981-04-12',735,'Eum aut magnam in doloribus nihil adipisci magnam.'),(502,'1999-05-10',1086,'Architecto qui sed ipsa voluptatem. Sit ea aut dol'),(503,'1993-07-10',394,'Dolore sunt pariatur dolorem recusandae aspernatur'),(506,'1975-05-20',895,'Perspiciatis tempore architecto consequatur volupt'),(507,'1974-07-28',870,'Perferendis praesentium cupiditate voluptatem assu'),(509,'1999-12-20',46,'Ex ut ducimus vero deserunt autem et. Deserunt quo'),(510,'1984-01-24',1413,'Recusandae natus quia voluptas adipisci et ab. Qui'),(515,'1989-07-29',695,'Corporis est impedit voluptas et aut assumenda lau'),(517,'1995-11-30',558,'Et accusamus nostrum et ad. Ratione maxime dolore '),(520,'1988-03-02',1997,'Ut commodi nemo blanditiis. Ut sunt nemo dolorum c'),(521,'1983-07-01',958,'Ut voluptas sapiente ipsam ad cumque ab at laborio'),(523,'1982-04-23',746,'Odio dolorum assumenda hic quia neque. Laborum ut '),(526,'1971-08-19',1166,'Facere ea assumenda sed iste adipisci maiores cons'),(527,'1983-09-13',1718,'Nisi perferendis ut cum aliquam qui. Sed assumenda'),(529,'1980-09-12',1972,'Cumque qui voluptatibus natus qui at. Neque verita'),(530,'1987-08-27',222,'Nobis beatae reiciendis eum rerum quis maxime veli'),(531,'2022-03-10',1434,'Atque vel at non possimus rerum cumque consequatur'),(533,'1974-01-07',273,'Quia soluta maiores veniam corrupti. Laudantium ve'),(536,'1997-07-01',542,'Placeat nihil saepe sed aliquid. Unde voluptas vol'),(537,'2014-04-17',1544,'Aliquid asperiores sed aut esse in labore eius. Qu'),(539,'2004-01-19',1613,'Quia maxime sunt sit voluptatibus. Magni ducimus t'),(540,'1997-11-03',533,'Saepe ut quia at facilis velit. Maiores dolor simi'),(541,'1977-12-08',761,'Explicabo ut iure praesentium fugiat quod eveniet.'),(543,'2007-09-10',1719,'Enim fuga qui quidem omnis omnis fugit ipsum volup'),(544,'2003-06-13',1756,'Voluptatem temporibus et quis iure ratione corrupt'),(548,'2013-02-28',1750,'Voluptates sit velit voluptates laboriosam. Dolore'),(549,'2021-12-31',42,'Ad sint repudiandae a est in expedita. Aut omnis v'),(550,'2020-09-12',932,'Aut quod omnis voluptatum quo. Nobis incidunt reru'),(551,'1991-09-16',398,'Accusamus quod culpa blanditiis ut dolores. Qui ab'),(552,'1999-10-26',116,'Nisi expedita non similique enim et incidunt. Reru'),(553,'1997-01-18',1590,'Maxime repellat et exercitationem non aut nisi. Su'),(556,'2006-01-28',170,'Deleniti voluptate eligendi doloremque. Illo omnis'),(557,'1978-04-19',950,'Velit quos sunt necessitatibus quia. Culpa quo qua'),(560,'1991-04-21',1200,'Velit dolore eum repudiandae nulla. Vitae eos ut e'),(561,'1988-05-18',94,'Est ducimus iste quos officiis perspiciatis modi s'),(563,'2002-10-07',1364,'Ut modi tenetur sed omnis. Sunt quia qui sit magni'),(564,'2020-05-09',789,'Quas sunt aperiam aut nisi qui nesciunt rem. Numqu'),(565,'1996-01-07',1576,'Earum deserunt aperiam ipsa consequuntur corporis '),(566,'2008-02-24',1146,'Voluptas sequi ex quas quidem quibusdam voluptatib'),(569,'2014-02-25',1114,'Occaecati fugit aspernatur libero dolores et dolor'),(570,'1993-02-25',947,'Enim ipsam incidunt et molestiae voluptas. Esse iu'),(572,'2017-03-27',312,'Aut veritatis sint reiciendis voluptatem rerum. Od'),(573,'1988-09-27',444,'Voluptas odio fugit in qui sed. Qui dolor cumque a'),(574,'1972-03-26',1035,'Inventore perferendis necessitatibus atque vel in '),(577,'2008-07-13',92,'Saepe nihil veritatis accusantium iste quae ea in '),(578,'1972-03-30',388,'Delectus aut nihil sed esse sequi enim nobis dolor'),(579,'1971-07-19',807,'Possimus voluptate eos voluptate qui. Minima ut so'),(581,'2021-04-12',788,'Quisquam iure labore facere numquam voluptas nisi.'),(582,'1993-07-26',977,'Natus eligendi nesciunt similique commodi. Optio c'),(583,'1991-08-18',1957,'Veniam et expedita expedita debitis. Dolorum archi'),(584,'1995-01-20',1110,'Praesentium qui harum consectetur voluptatum aut o'),(585,'1994-09-10',1218,'In dolor maiores quasi cum. Repellendus libero rep'),(588,'1977-12-09',1591,'Possimus et ducimus velit optio dolore atque. Eum '),(591,'2013-05-30',1266,'Ut architecto nobis magnam est excepturi eius nece'),(592,'2020-04-22',1203,'Repellendus dolore adipisci sit ratione aut rerum.'),(593,'2015-04-03',77,'Voluptas voluptas illum inventore nihil eos aperia'),(594,'1986-03-13',897,'Odit aut quibusdam nulla odio. Animi harum et offi'),(599,'1982-04-13',226,'Corporis placeat est hic consequatur fugiat dolore'),(600,'2015-09-16',1253,'Tempora vel necessitatibus impedit voluptatem et a'),(601,'1978-05-18',1058,'Aut id et beatae ut deserunt id in. Et et fugiat r'),(602,'2013-07-20',292,'Quia nisi rerum tenetur aliquam molestiae reiciend'),(604,'2008-09-29',1622,'Labore autem ea rerum voluptas quasi iure rerum et'),(606,'2017-07-28',1316,'Vero exercitationem voluptas ducimus id. Est quia '),(608,'1982-06-03',1831,'Aspernatur deserunt ducimus id architecto quo nihi'),(609,'2006-09-11',1293,'Dicta rerum dolor autem eius. Est cum ea molestiae'),(610,'1991-08-14',155,'Eveniet fugit ab vero placeat omnis eos. Facere ad'),(612,'1995-10-09',245,'Et a dolorum quidem vero enim. Optio ut ut necessi'),(613,'1995-08-09',1098,'Quo distinctio doloremque reprehenderit facere dol'),(615,'1984-12-25',1373,'Vitae ducimus voluptatem omnis consequatur. Sapien'),(617,'1973-04-02',1989,'Et atque asperiores quasi ab rem excepturi illum. '),(623,'1979-04-19',1311,'Velit dolor dolores at adipisci minima. Voluptas e'),(624,'2009-05-22',442,'Nam quasi et numquam. Expedita omnis temporibus au'),(625,'1988-11-14',1335,'Ut quaerat blanditiis autem. Maiores repellendus e'),(626,'2013-04-12',1918,'Blanditiis dolorem voluptate vel numquam ut rerum '),(629,'1984-07-04',1941,'Esse eos velit totam ratione numquam blanditiis. R'),(631,'2006-01-18',1986,'Autem occaecati laborum quas ducimus qui. Beatae a'),(633,'1980-10-21',450,'Adipisci corporis et excepturi. Dolore molestias e'),(634,'2016-11-12',1991,'Sit placeat blanditiis quo libero sed. Est molliti'),(636,'1981-04-04',953,'At aut maiores suscipit impedit. Quia pariatur mag'),(637,'1990-09-07',493,'Est aspernatur exercitationem nulla harum illo vol'),(640,'2012-07-17',779,'Aliquam ut dolores voluptas nihil hic nemo labore.'),(641,'1989-07-10',1139,'Qui consequuntur consectetur est molestiae tempora'),(642,'2003-11-07',1329,'Natus sit non dicta sed quae occaecati enim. Rerum'),(644,'1974-02-20',1038,'Ut cumque laboriosam voluptates consectetur. Non e'),(647,'1982-10-02',125,'Officia illum quia at autem voluptas tenetur nihil'),(648,'1982-06-26',1572,'Qui libero assumenda qui aut dolorum. Enim officii'),(650,'2017-07-09',1671,'Quis commodi incidunt harum quod omnis iste. Persp'),(654,'2004-09-10',843,'Id officiis deserunt sed et. Voluptas nihil laboru'),(656,'1979-08-03',572,'Fugit enim ullam corrupti qui. Ipsa mollitia dolor'),(659,'1983-06-28',68,'Nulla consequuntur delectus sed dolorem. Esse dolo'),(660,'1978-12-10',621,'Laborum deserunt rerum impedit omnis iusto vel vel'),(662,'1997-08-16',1568,'Nulla assumenda odio error eius ex dolores quas co'),(663,'1986-09-06',919,'At unde quia eum est sequi. Ut eveniet totam iure.'),(665,'1975-07-19',1724,'Asperiores a dolorum recusandae quam. Provident nu'),(670,'2004-03-06',820,'Quia quaerat eaque repellendus rerum officiis. Pro'),(672,'1995-10-31',252,'Quasi aut pariatur occaecati incidunt similique do'),(674,'2015-12-11',891,'Amet occaecati sequi esse delectus nulla officiis.'),(677,'2020-08-11',365,'Laudantium voluptatem et sunt perspiciatis ex et e'),(679,'2010-05-27',429,'Adipisci sed excepturi est culpa. Iure sed sint sa'),(682,'2014-06-25',214,'Voluptatum tempore iusto sit quia. Repellendus nat'),(684,'1971-02-22',668,'Totam nam incidunt aliquid eligendi dignissimos op'),(685,'2014-04-20',1666,'Accusantium adipisci et molestiae sit dolore dolor'),(686,'2018-05-18',1803,'Quia dolor est distinctio molestiae sequi voluptat'),(687,'1998-06-03',1412,'Maiores quae perferendis reprehenderit eum volupta'),(690,'2017-02-28',1716,'Nostrum et et non. Error repellendus officia labor'),(691,'2013-02-02',1263,'Dignissimos voluptatem recusandae qui quasi a magn'),(692,'1986-08-26',1901,'Sequi dolores dolores ut. Tenetur voluptas saepe n'),(693,'2013-10-11',239,'Doloremque cupiditate excepturi cupiditate. Ut sim'),(694,'1999-09-20',1122,'Voluptatem aperiam ipsum sed et veritatis vel. Fug'),(697,'1982-04-03',1669,'Modi ipsum sed cumque tempora. Hic impedit error a'),(698,'2015-11-03',1944,'Deleniti dolores ducimus perferendis adipisci comm'),(701,'1981-12-30',1153,'Adipisci quaerat hic odit minima ipsum. Ullam nobi'),(702,'1974-07-06',1530,'Dolores exercitationem nihil consequuntur assumend'),(706,'2012-01-22',279,'Qui provident natus reprehenderit. Non tempora sed'),(709,'1989-10-02',1641,'Sunt culpa suscipit autem. Et earum quidem labore '),(710,'1983-04-13',890,'Asperiores velit quod eum dolorum et cum non quis.'),(711,'1974-10-08',288,'Alias dolorem velit alias ipsum fugit est. Dolores'),(712,'2019-04-21',337,'Nam ex illo iusto. Sed voluptatem non animi corpor'),(716,'2000-12-02',1135,'Voluptate impedit asperiores harum quia odit. Ex e'),(717,'2002-10-11',230,'Sint consequatur distinctio odit aperiam nobis sus'),(718,'1974-04-10',61,'Maxime dolores quam dolore consequuntur exercitati'),(719,'1971-03-30',1866,'Iure tempora molestiae possimus quam dolores. Rati'),(724,'2004-06-04',641,'Maiores et rerum ut placeat. Animi sequi occaecati'),(726,'2002-12-14',1022,'Perspiciatis enim illum et consequatur. Necessitat'),(728,'1987-10-11',639,'Sed quae ea est adipisci dolorem. Sint accusamus c'),(730,'1994-08-01',314,'Laborum vel facilis iste sed ratione. Beatae maior'),(733,'2011-05-06',1767,'Earum enim placeat provident est. Molestiae deseru'),(737,'2002-04-29',336,'Architecto ipsa et soluta qui voluptatem. Et aut p'),(738,'1973-10-07',276,'Sunt ducimus omnis quidem molestiae et. Quae delen'),(739,'1979-12-05',182,'Praesentium natus quis minima delectus est sint. E'),(740,'1994-02-02',1349,'Reiciendis ab odio corrupti assumenda ratione offi'),(743,'2006-09-19',1687,'Iure dolores distinctio voluptates recusandae quam'),(744,'2002-05-19',1856,'Commodi deleniti tempora quibusdam iure laborum en'),(747,'2016-01-22',1932,'Id et modi fugit rerum odit. Aut cumque totam non '),(748,'1976-07-16',426,'Dolore corrupti aut numquam est ut quis enim persp'),(750,'1984-12-01',1743,'Voluptates at enim in quia autem nihil. Est qui bl'),(752,'1984-12-23',1474,'Aut similique tenetur et magni recusandae ex cumqu'),(754,'2006-04-18',771,'Quo assumenda reiciendis assumenda nemo distinctio'),(755,'1990-02-10',626,'Hic iste autem quos facilis fuga distinctio molest'),(756,'1971-05-30',1223,'Hic asperiores ut molestias. Magnam aut repudianda'),(758,'1985-09-03',803,'Velit quibusdam nihil officia ipsam eum perspiciat'),(760,'1975-04-18',1246,'Et sunt nobis laborum. Ad atque quo facilis optio '),(761,'2001-06-27',856,'Alias dolore ea aliquam nesciunt dignissimos. Aute'),(762,'2007-05-02',631,'Dolore voluptas facilis est eos suscipit. Corporis'),(764,'2006-07-09',722,'Soluta harum reiciendis voluptatem magni consequat'),(765,'1985-09-10',1942,'Aut modi voluptas voluptas quos. Sit ipsam sit ips'),(767,'1972-12-17',1365,'Natus eaque et eveniet eum aut possimus hic. Sequi'),(769,'1983-12-05',1979,'Maxime dolore officia reiciendis natus nostrum des'),(771,'1997-08-04',1532,'Asperiores eos vel nobis placeat autem non illum a'),(772,'1979-07-13',1301,'Expedita est minus voluptate qui laudantium blandi'),(773,'1996-06-20',1837,'Ut ratione molestias officiis. Facere repellat rep'),(777,'1988-09-12',696,'Dolorem est blanditiis molestiae et. Illo quidem n'),(784,'2002-04-12',1312,'Explicabo aut facere explicabo perferendis at. Ess'),(790,'2019-08-06',1542,'Assumenda eaque voluptas amet ex expedita adipisci'),(791,'2006-08-19',1030,'Temporibus sed est iste facilis perferendis eum di'),(792,'2001-01-06',1348,'Deserunt aliquam ut eveniet quasi ratione saepe ea'),(793,'2000-10-03',1512,'Velit asperiores qui quis incidunt. Illo beatae to'),(797,'2011-02-06',1427,'Totam id et voluptates et consequatur. Sint quos s'),(799,'1988-04-29',1428,'Ducimus minima explicabo molestiae pariatur dolore'),(800,'1977-09-19',584,'Distinctio ullam incidunt est consequuntur odit si'),(801,'1983-09-07',193,'Quia at eum in magnam. In eligendi aut tempore cor'),(802,'1996-01-15',1243,'Facere fugit ut soluta sit dignissimos. Deleniti e'),(803,'1994-06-07',1655,'Rem ea aut reprehenderit non est laborum. Dolore m'),(806,'1975-08-25',505,'Debitis non quasi atque ut aliquid porro atque. No'),(811,'2017-05-20',91,'Sed rerum dicta et dolor voluptas voluptatem numqu'),(812,'1985-07-17',357,'Et sunt sint natus. Quas consequatur omnis laudant'),(814,'1976-08-23',1516,'Et tenetur similique architecto omnis. Eligendi te'),(815,'2000-04-02',698,'Quia et illum ipsa nesciunt et consequuntur aliqua'),(816,'1970-02-19',143,'Voluptas inventore modi voluptatem similique cupid'),(820,'1997-08-17',135,'Sed dolorem et molestias neque saepe laboriosam nu'),(821,'2016-04-11',1849,'Inventore accusantium sit laboriosam ab et rerum q'),(823,'1975-11-20',1647,'Quasi et odio ut id rem. Quis iste saepe neque dol'),(824,'1971-07-12',87,'Quis odio aliquid amet ex explicabo nemo omnis. Cu'),(825,'1995-04-27',1433,'Animi culpa rem saepe fugit ea. Sint dolores qui c'),(827,'1971-03-12',26,'Qui quidem iusto qui sed assumenda cumque. Dolores'),(830,'2016-09-06',1599,'Eos rerum accusantium officiis ea. Et in ea evenie'),(831,'1996-11-17',1980,'Et et libero iure alias reprehenderit molestiae ea'),(833,'1996-08-16',1495,'Nobis minima nihil aut eos. Fuga minus quis mollit'),(841,'1985-05-19',1449,'Eos a exercitationem et sed. Quis rem aut dolorum.'),(842,'1999-06-04',924,'Id omnis voluptates vel. Aut numquam rem dolore it'),(843,'1986-02-14',98,'Nihil non rem autem ut. Ea fuga illo mollitia quis'),(844,'2009-12-12',1993,'Impedit iure aliquid dolores autem sequi. Molestia'),(848,'2004-05-31',86,'Et delectus eveniet qui quasi inventore. Sunt volu'),(849,'2018-07-05',709,'Saepe laboriosam omnis alias et ullam voluptatem. '),(850,'2013-04-29',1149,'Voluptatem dicta nobis voluptas aut et. Omnis ad o'),(853,'1993-09-16',816,'Nesciunt soluta aperiam quas dolor aut. Impedit am'),(862,'2010-06-07',1060,'Quisquam ut odit dolore consequatur qui quis. Eius'),(863,'1997-12-15',1064,'Earum non facilis soluta quis quia. In quo occaeca'),(865,'1993-11-05',1540,'Voluptas laboriosam qui rerum non et dolores alias'),(869,'2016-05-16',941,'Ipsum ex et similique laboriosam. Magnam sed nihil'),(870,'1985-08-19',79,'Quod et labore et. Eum et deserunt expedita sit. E'),(871,'2007-07-26',602,'A eum minus et unde accusantium. Blanditiis ut off'),(873,'1972-05-27',1815,'At dolorem iste nostrum. Perspiciatis magnam dolor'),(874,'1993-07-25',1279,'Et officia iure omnis totam magni aliquam. Provide'),(876,'2000-08-26',1309,'Ipsum ut quos non voluptas nisi voluptatem. Simili'),(877,'2021-04-08',630,'Sit quia temporibus eveniet ipsa reprehenderit eaq'),(878,'1970-05-25',1571,'Natus corporis repellat accusantium tempore. Dolor'),(879,'1975-06-04',1222,'Animi fugiat est rerum esse molestiae. In suscipit'),(882,'1983-08-03',63,'Reprehenderit corrupti quia debitis consequatur ap'),(883,'2010-04-12',1453,'Sunt ea nam atque eos. Quos earum sequi animi aut.'),(885,'2003-01-25',707,'Sint occaecati delectus non dolorum est. Quia erro'),(886,'2020-02-29',1698,'Ipsa quam nobis natus facilis. Iure eveniet error '),(888,'1982-08-03',1776,'Iste qui ad sed eos. Quam in quo rerum accusantium'),(889,'2015-10-31',1874,'Veniam dolor voluptatem dicta qui commodi. In reru'),(891,'1973-03-11',1096,'Perferendis voluptatem officia sed non. Quibusdam '),(892,'2002-07-03',1076,'Ut repellendus consequatur ratione. Tenetur facere'),(893,'1981-09-06',113,'Sunt quia sint veniam voluptatibus tempore officia'),(895,'2001-12-29',124,'Qui laudantium impedit ex quo. Voluptas ea volupta'),(896,'1979-12-23',1004,'Earum doloremque porro sapiente odit iure. Delectu'),(898,'1981-02-24',1664,'Aliquam ut accusamus vel dolore magnam excepturi. '),(899,'2002-06-28',12,'Ipsum et quas blanditiis aperiam. Officiis est quo'),(904,'1997-04-06',390,'Voluptates quia maxime voluptatibus id nam nemo au'),(906,'1983-02-03',517,'Vel eum aut error sed eos dolorem. Natus error dol'),(908,'1990-02-27',159,'Laboriosam dolores reiciendis qui ut modi. Hic rem'),(911,'1980-05-10',476,'Omnis repellendus corporis delectus quisquam sit s'),(913,'1979-10-07',377,'Ullam animi aspernatur vel et dolore. Expedita nat'),(914,'1987-09-12',1007,'Sed velit fugit fugiat aut qui. Sunt odio quis ut.'),(916,'1996-02-15',1951,'Fuga totam sapiente ratione. Ut et porro aperiam e'),(920,'2010-08-13',1172,'Ad et deserunt nemo voluptas eius. Magni laboriosa'),(921,'1994-02-13',1294,'Corporis qui quisquam commodi deleniti deserunt nu'),(922,'1978-01-08',815,'Voluptate quibusdam magnam cumque at odio. Invento'),(923,'2000-08-25',1106,'Voluptatem velit est enim tempora. Excepturi volup'),(924,'2009-06-06',1143,'Et optio quis explicabo natus. Et eius praesentium'),(925,'1997-11-13',62,'Qui eos error aut dolor eaque nihil. Maxime odit c'),(927,'2009-12-26',1608,'Aut sequi tempora quasi sed assumenda. Dolorem mai'),(929,'1992-07-05',1828,'Dolores aut debitis minima incidunt magni quae. In'),(930,'2007-12-03',1893,'Ut id suscipit pariatur beatae nesciunt est fugit '),(931,'1975-12-17',150,'Ut rerum corporis accusamus voluptatem voluptate q'),(932,'1976-06-29',402,'Dolorum optio voluptas provident rem. Placeat ut e'),(933,'1980-03-10',1065,'Iure fuga ullam nihil rerum voluptate. Sit hic sin'),(934,'1984-12-01',48,'Sit totam repellendus et nam quo dolores qui. Dele'),(935,'2010-11-21',1441,'At dolores aperiam dolores vero dicta aut animi ut'),(936,'2005-09-28',246,'Magnam animi sunt et facere sit molestiae. Illo qu'),(937,'1983-12-06',1224,'Voluptas deleniti debitis est autem blanditiis ut.'),(938,'2012-08-12',560,'Et qui et veniam qui explicabo qui magni. Doloribu'),(941,'1989-02-12',247,'Eaque sed eveniet sed sequi qui ullam. Non et blan'),(942,'1975-10-03',749,'Et quia dolorem et sit commodi. Natus non tempora '),(944,'1973-06-22',206,'Asperiores dolor minus et porro atque. A earum aut'),(947,'2022-02-06',1399,'Omnis nesciunt et non dignissimos est. Aut sunt no'),(948,'2010-11-21',1635,'At error explicabo sint laudantium non. Iste digni'),(949,'1992-05-20',832,'Non et accusantium iure totam sint voluptas dolore'),(955,'2001-11-20',1785,'Qui cupiditate aperiam et eaque. Quis ducimus numq'),(958,'2015-12-26',693,'Voluptas quia vel in. Nam veritatis perspiciatis p'),(959,'2008-02-26',1500,'Veniam iusto cupiditate ducimus sapiente debitis c'),(963,'1981-08-21',381,'Laborum non adipisci aut numquam in quia. Ullam au'),(964,'1994-10-31',1242,'Assumenda velit nisi ut id ducimus. Amet sunt null'),(966,'2013-01-19',1496,'Ut debitis consequuntur in fugiat. Rerum non sapie'),(968,'1996-02-23',1598,'Aperiam autem ipsa laudantium eaque officia vitae '),(970,'1991-05-30',868,'Porro amet qui et nihil alias. Laborum fugiat et v'),(971,'1988-03-28',1762,'Aut dolor et omnis voluptatem aspernatur reiciendi'),(972,'1992-06-19',1388,'Nostrum inventore enim fugiat nesciunt et officiis'),(973,'1983-10-29',1109,'Iste fugit tenetur eveniet assumenda. Eum ut tempo'),(974,'1976-03-29',1483,'Repellendus nihil atque magnam doloremque eveniet '),(975,'2017-02-19',213,'Fugit et consequatur placeat explicabo rem similiq'),(976,'1995-07-07',1577,'Libero rerum tempore provident ut fuga accusamus. '),(980,'2004-12-17',1248,'Et et voluptatem quia error velit dolorem. Omnis q'),(981,'1971-12-03',1216,'Ea dignissimos debitis nemo provident. Deleniti eo'),(982,'2015-10-05',774,'Velit explicabo non quasi vitae. Rerum temporibus '),(983,'1998-12-28',1422,'Quod esse necessitatibus nam cum. Sit vero dolor m'),(984,'2020-12-26',1383,'Et suscipit similique eaque sint est saepe unde. E'),(985,'2003-12-19',59,'Temporibus distinctio magnam et iure doloremque. H'),(986,'1978-09-25',1870,'Deleniti ducimus exercitationem amet. Sint aut inv'),(990,'2007-07-21',185,'Est nihil consequatur magni ab architecto dolores.'),(994,'1983-02-07',204,'In ut laboriosam adipisci sunt vel eum est. Porro '),(997,'1983-09-10',1754,'Ex qui nesciunt expedita et rerum sapiente. Eum a '),(998,'2014-03-25',1069,'Maiores atque quam aut vel. Omnis exercitationem t'),(1002,'1979-12-20',539,'Ab quo voluptates ratione aut illo et neque. Quod '),(1003,'1992-06-20',1545,'Id cupiditate mollitia eum iusto ex est. Repudiand'),(1005,'1989-01-13',1370,'Quo asperiores ad sint doloribus. Beatae dicta eum'),(1006,'1999-12-15',764,'Libero ipsum et eius. Ut qui alias blanditiis dolo'),(1008,'2010-11-22',1291,'Ad ratione sint et dolores doloribus. Voluptatibus'),(1011,'1970-11-30',857,'Perspiciatis sint necessitatibus recusandae. Volup'),(1014,'2015-04-18',1969,'Ea dolor et est corrupti autem. Est omnis quo quam'),(1015,'1999-03-27',562,'Voluptatum architecto dolor aut provident id sed. '),(1017,'2019-07-18',1795,'Inventore fugiat facilis ea labore quia est volupt'),(1021,'1999-04-07',975,'Eaque ipsam voluptas enim ea reprehenderit aperiam'),(1023,'1976-02-08',1169,'Rerum est voluptatem hic. Ea quasi repellendus com'),(1028,'1985-09-21',1385,'Est vero et officia commodi corrupti et eum. Aut i'),(1029,'2017-02-07',1417,'Vero maiores similique debitis omnis sunt. Fugiat '),(1030,'1971-02-22',754,'Similique rerum iste eum cum. Quasi dignissimos at'),(1031,'2006-01-20',338,'Atque adipisci itaque voluptatibus reprehenderit. '),(1032,'1972-02-12',128,'Error ipsa itaque vitae enim accusamus maiores qui'),(1033,'2012-09-07',1229,'Veniam vel voluptas consectetur nemo. Neque neque '),(1036,'1982-09-29',692,'Ad enim consectetur aut ea ut aliquam. Qui sed off'),(1037,'2021-10-17',840,'Rerum aliquid veniam molestiae et. Porro perspicia'),(1039,'1991-08-08',1649,'Dignissimos magni labore magnam eum quaerat tempor'),(1042,'1977-07-03',188,'Repellendus laboriosam amet nulla odit dolorum des'),(1044,'2005-08-13',189,'Magnam similique tempora sit eligendi corrupti et '),(1045,'1981-01-08',724,'Tempora ea possimus aut et vero. Dolorum excepturi'),(1046,'1982-04-18',1440,'Commodi animi id itaque ea. Excepturi quos omnis c'),(1047,'1971-12-17',1323,'Animi ut et ipsam quia et et enim expedita. Sed eo'),(1051,'2001-08-30',936,'Nostrum et rerum laborum molestiae voluptatem ut i'),(1053,'1989-10-11',577,'Ullam fugit voluptatem quae amet veritatis magni d'),(1055,'1995-10-02',368,'Voluptatibus iure repudiandae omnis molestiae. Tem'),(1056,'2018-03-18',228,'Sapiente consequatur voluptas magni et. Quos ad no'),(1066,'1972-12-12',894,'Voluptatem itaque voluptas soluta pariatur. Conseq'),(1067,'2009-12-01',1082,'Totam eius expedita et enim amet voluptatum et nob'),(1071,'1997-05-19',1697,'Illo harum temporibus reprehenderit numquam qui ut'),(1073,'2015-10-10',112,'Et quo et optio magnam a reprehenderit. Sit nesciu'),(1075,'2016-08-16',1596,'Vel et aut non in commodi nostrum. Quia tempore ve'),(1076,'2015-09-30',1009,'Et tenetur repudiandae rem magnam. Eum reprehender'),(1077,'1982-07-27',971,'Ad cum eos delectus suscipit et. Accusamus amet vo'),(1079,'1976-01-20',51,'Non animi numquam et qui quae et non. Voluptatem i'),(1080,'2000-05-23',203,'Eius iusto sit dolor qui architecto at placeat adi'),(1081,'2002-03-21',970,'Et placeat dolores ullam sequi vitae occaecati aut'),(1084,'1987-08-03',647,'Nulla odit laudantium dignissimos voluptas ipsum u'),(1089,'2006-07-05',233,'Laborum velit fuga voluptatibus voluptatem. Non ul'),(1092,'2005-11-14',1567,'Voluptatibus et hic repudiandae consequatur natus.'),(1095,'2000-11-15',585,'Perferendis architecto dicta modi et vel dolorem. '),(1096,'2008-07-30',225,'Maxime nobis incidunt voluptas quia et voluptatem '),(1102,'1985-07-07',407,'Natus libero consequuntur laborum facere ad sit at'),(1103,'1986-01-23',132,'Cum et laudantium deserunt cum minus doloribus. Ap'),(1105,'1993-06-16',417,'Facilis voluptatem aut maiores eos voluptates. Rep'),(1106,'2020-10-22',1292,'Et ut tenetur ut minima nihil. Rerum totam aperiam'),(1107,'2021-01-05',1821,'Nemo placeat aut autem porro quod est. Et qui quis'),(1109,'1986-11-07',731,'Ex temporibus quia at. Pariatur ex atque itaque la'),(1113,'2011-04-14',90,'Ea officia et temporibus exercitationem et nam. Vo'),(1115,'1974-04-08',1466,'Dolor dolores ab et. Placeat et ducimus ipsam magn'),(1117,'2006-06-24',900,'Reiciendis blanditiis a autem quam quisquam sequi '),(1118,'1979-01-15',1925,'Libero corporis necessitatibus in cumque. Nam assu'),(1119,'1975-08-31',1618,'Atque consequatur et ex consequatur. Cupiditate om'),(1121,'2019-10-07',1101,'Voluptate nobis non libero ut aliquid cupiditate. '),(1122,'2009-02-02',927,'Enim quae est voluptas repellat laudantium molesti'),(1123,'1983-12-23',600,'Debitis optio eos laboriosam sit repudiandae. Fugi'),(1126,'2015-07-12',1460,'Atque vel sapiente ut esse. Debitis cum minus temp'),(1127,'2001-09-05',1882,'Dignissimos exercitationem accusantium autem sint '),(1135,'2006-04-16',1502,'Ratione ut eius eum asperiores recusandae. Enim ni'),(1136,'2020-02-25',1163,'Aut quia ut et aut consequatur et illo. Ea quae do'),(1137,'1977-07-27',1209,'Eos molestiae autem beatae harum. Eius et at ipsa '),(1138,'2005-01-08',200,'Sed dolores ut minima aliquid ut facilis vitae. Mi'),(1139,'2016-04-10',885,'Eaque sed minima magnam libero asperiores velit. E'),(1141,'1972-11-27',1752,'Ipsa quibusdam molestiae fuga. Mollitia quibusdam '),(1143,'1999-03-27',865,'Consequatur dolores suscipit cumque iure laboriosa'),(1145,'2011-06-16',787,'Modi quibusdam in rerum sequi a ut quas id. Aut ab'),(1146,'1975-06-25',1059,'Qui corrupti laudantium molestiae molestiae tempor'),(1147,'1995-11-30',1610,'Dolore aliquam non dolore iure error inventore. Au'),(1154,'1986-05-29',431,'Ipsum omnis est tempore maxime nisi. Velit modi re'),(1155,'2003-06-17',392,'Laborum ut ut minima. Officia ullam porro in accus'),(1156,'1984-10-25',1424,'Rem quia iure eligendi quod. Qui praesentium facer'),(1157,'1998-07-13',153,'Sit optio optio odio quae rerum voluptate qui labo'),(1158,'2010-07-09',1317,'Corrupti quis delectus esse eum eum cupiditate. Ma'),(1160,'2005-08-18',248,'Aut labore quia iste animi commodi. Omnis iure rep'),(1161,'1990-12-28',1187,'Aliquam distinctio dolores et in quos qui. Cupidit'),(1169,'1998-07-15',1482,'Praesentium odit nulla voluptas doloremque ab. Et '),(1174,'2006-12-12',1287,'Nostrum magni sed voluptas iure. Laborum eos dolor'),(1178,'1987-04-28',969,'Laborum iusto molestias architecto occaecati. Ut a'),(1179,'2008-02-16',554,'Molestiae consequatur nesciunt aut velit earum tem'),(1180,'2003-12-04',1954,'Est repellat sit voluptatum. Fuga suscipit archite'),(1181,'2021-09-26',643,'Consequatur placeat illo et vitae exercitationem. '),(1183,'1991-10-06',1580,'Culpa sit necessitatibus ut omnis id. Libero neces'),(1184,'2020-03-05',1174,'Nemo et sit voluptatem doloremque sint in. Sint vo'),(1185,'2021-06-03',1066,'Quaerat ut voluptatem eveniet corporis. Architecto'),(1186,'1976-08-04',1813,'Facilis totam ex optio similique. Repellendus fugi'),(1188,'2006-09-20',610,'Sed corporis asperiores repudiandae dignissimos vo'),(1189,'2005-05-13',791,'Possimus aut in occaecati unde impedit ad. Repella'),(1190,'2005-12-03',1189,'Laboriosam quod fugiat eius dolor possimus. Quibus'),(1193,'1991-04-08',1806,'Sint asperiores ratione et et nam. Voluptatem occa'),(1194,'1980-12-23',1280,'Corporis quis inventore enim natus consequatur. Ma'),(1195,'1991-11-16',23,'Veniam sit non impedit numquam atque praesentium c'),(1196,'1975-04-20',453,'Sed temporibus delectus laudantium et non. Ratione'),(1199,'2013-08-05',1929,'Consequuntur eveniet voluptas veniam assumenda nat'),(1202,'1992-04-09',1344,'Nihil natus sunt nemo. Dolorem suscipit enim assum'),(1203,'1983-01-12',1210,'Beatae eius esse asperiores ut tempore iste explic'),(1204,'1972-01-14',1538,'Dolorem modi debitis amet et rerum non ullam. Aut '),(1205,'2016-06-05',1892,'Dolore enim qui sit et in qui. Aliquam sit ut qui '),(1207,'2006-06-25',913,'Vitae ut sed veritatis quis optio fuga. Dignissimo'),(1209,'1997-05-24',1071,'Sed soluta quos officiis ut numquam. Sunt in lauda'),(1212,'1977-06-25',747,'Iusto et repudiandae voluptate est ea. Qui ipsum i'),(1214,'1986-07-24',29,'Officia officia perspiciatis delectus. Velit neque'),(1215,'2011-03-11',1695,'Voluptatibus laboriosam minus dolores sunt sapient'),(1222,'1991-04-16',1861,'Est aut voluptas qui ratione pariatur sed. Ea rati'),(1224,'1995-02-28',1593,'Accusantium qui amet suscipit omnis. Voluptatem do'),(1225,'2005-06-25',1557,'Omnis blanditiis dolorem culpa distinctio totam. A'),(1226,'2017-12-02',576,'Aut impedit similique quia saepe. Et recusandae ex'),(1228,'1988-01-17',149,'Sed esse tempora quidem id consectetur earum. Et r'),(1229,'1991-10-31',1705,'Modi id non eum dolorum rerum aut sunt. Officiis q'),(1231,'2011-12-06',1024,'Aperiam temporibus ut dolorem et voluptatum. Conse'),(1233,'1982-09-14',1436,'Excepturi quasi pariatur sequi. Optio velit ut asp'),(1234,'2018-06-08',1050,'Nihil dolorum voluptatem ea eos debitis ipsum nemo'),(1237,'1988-01-08',197,'Qui consequatur aspernatur sapiente harum occaecat'),(1239,'1995-03-13',864,'Ullam voluptatem sapiente amet autem velit digniss'),(1241,'1991-10-10',1095,'Praesentium sed et ab iste id voluptas. In corrupt'),(1242,'2000-02-01',1236,'Consequatur qui eum at corrupti. Consequuntur minu'),(1243,'2019-06-24',1161,'Rem ducimus cumque impedit quia in officiis. Conse'),(1249,'1986-05-04',1191,'Aut unde cupiditate eaque ut. Aut non et tempore n'),(1250,'1986-03-23',985,'Natus quas et expedita. Maiores deserunt hic autem'),(1254,'1977-04-22',946,'Provident reiciendis magnam sed autem dolor volupt'),(1255,'1975-10-08',1648,'Id quia consectetur aut reiciendis doloribus. Nequ'),(1258,'2015-10-15',962,'Quos error error occaecati similique consequatur. '),(1259,'1993-12-08',989,'Ea omnis blanditiis odio. Nisi consectetur modi qu'),(1261,'1993-01-15',1896,'Quaerat illo animi nobis nam aliquam unde quaerat.'),(1262,'2011-02-15',1825,'Quis quis dolorum voluptates cumque amet voluptate'),(1263,'2015-08-07',509,'Ut soluta qui quod in beatae eum. Sequi nisi ipsam'),(1264,'1985-01-29',521,'Qui deleniti voluptatum qui alias voluptatem solut'),(1267,'2012-01-05',416,'Quia animi est perferendis vel exercitationem quo.'),(1269,'1982-02-01',1476,'Illo minima rerum consequuntur deserunt rerum. Mai'),(1270,'2021-06-28',295,'Voluptates reprehenderit dolorum commodi. Non maio'),(1275,'1983-09-30',1411,'Quia sint quo blanditiis illum. Dolores qui quis i'),(1276,'2000-10-03',996,'Id quis non nobis nobis facere. Officia molestias '),(1277,'1979-03-09',404,'Dignissimos quis sed qui et doloribus fugit tempor'),(1278,'1986-07-07',662,'Natus reiciendis est sed dolorem. Quia officia qui'),(1279,'1995-04-11',3,'Nesciunt sint in velit commodi. Enim quibusdam opt'),(1281,'1981-07-13',1049,'Ut facilis vitae delectus optio temporibus. Dolore'),(1284,'1976-11-28',99,'Harum ab ipsa quis. Tenetur possimus non ex itaque'),(1287,'1972-07-19',269,'Aliquid rerum doloribus quasi consequatur mollitia'),(1290,'2021-03-10',717,'Voluptatem quo soluta maxime nostrum qui. Veniam a'),(1291,'1985-09-26',229,'Dolor vero eos est. Molestias qui occaecati laudan'),(1294,'2004-11-04',1682,'Repellendus assumenda fuga doloremque explicabo oc'),(1297,'1986-04-13',1044,'Quo optio tempora laboriosam tenetur error. Aut ne'),(1298,'1987-07-18',1601,'Facere sequi nisi cumque harum harum eum. Necessit'),(1303,'1992-09-08',260,'Qui eum ut eaque voluptas. Incidunt impedit volupt'),(1305,'1976-12-16',140,'Minima voluptas ullam qui. Omnis qui nesciunt atqu'),(1307,'1973-10-04',818,'Cum expedita veniam quo neque. Quia ullam placeat '),(1308,'1997-11-06',1354,'Ipsam voluptates rerum numquam repellat veritatis.'),(1311,'1993-09-11',1104,'Cupiditate amet voluptatem commodi velit quo. Reru'),(1313,'1996-06-23',461,'Distinctio architecto incidunt quos ullam architec'),(1314,'2017-05-12',1704,'Aliquid est excepturi mollitia dolore saepe. Accus'),(1315,'2001-05-13',1847,'Molestias provident veritatis mollitia nulla volup'),(1316,'1981-03-27',588,'Et ut architecto architecto dicta aperiam doloremq'),(1317,'1976-07-24',1996,'Rerum aut a dolorem esse voluptatibus sequi. Quis '),(1319,'1995-04-12',363,'Vitae nisi qui nam illum. Quaerat distinctio optio'),(1320,'2006-03-22',451,'Cumque consequuntur possimus delectus modi. Dolore'),(1321,'1989-08-17',604,'Ducimus velit et sapiente aspernatur et facilis ve'),(1322,'1983-02-04',304,'Voluptatibus ea voluptatem veritatis quam sit quae'),(1323,'1980-03-23',955,'Debitis harum quas iure. Dolor est libero delectus'),(1325,'1975-12-29',649,'Unde reprehenderit quas deserunt nemo aut culpa. N'),(1328,'1972-08-02',1107,'Consequuntur harum et sit iste voluptatem dolores '),(1329,'2019-02-15',728,'Veniam vel dolorum in quia cupiditate. Et natus as'),(1330,'1970-08-14',452,'Quo fugit ea vero eum distinctio. Quos doloremque '),(1336,'1995-08-26',1120,'Omnis qui consectetur a necessitatibus. Quis dolor'),(1338,'1987-12-27',1462,'Omnis eos iusto tempora molestiae totam quia dolor'),(1339,'1970-02-18',1053,'Minus sed est porro autem ut. Iste amet incidunt d'),(1342,'1999-03-23',1118,'Mollitia laudantium natus est tempore. Et hic qui '),(1344,'2006-12-16',1077,'Ut consequatur doloremque saepe ipsum nobis. Amet '),(1347,'2006-09-24',983,'Et rerum minus repellendus. Sequi molestiae odit q'),(1349,'2005-03-24',1062,'Mollitia ut dolorum pariatur ad distinctio eveniet'),(1350,'2001-11-11',1000,'Et nam recusandae sunt labore labore error illum. '),(1352,'2002-04-05',1113,'Odit et voluptatem nesciunt est. Eos quidem ex arc'),(1355,'1988-07-12',109,'Id quasi incidunt minima nemo quisquam magnam. Sit'),(1356,'1992-05-25',1410,'Esse quod dolorem ea atque possimus. Vitae nihil r'),(1357,'1993-09-27',866,'Rerum rerum optio non assumenda perferendis cum et'),(1358,'1994-07-16',37,'Dolor eum quis eveniet similique laudantium rerum '),(1359,'2004-09-27',800,'Cumque maxime repudiandae ut necessitatibus nihil '),(1362,'1987-06-19',567,'Consequatur omnis facere aliquam voluptate. Est si'),(1363,'1973-07-12',1461,'Aliquam et deleniti sint magnam. Et voluptatem pla'),(1366,'1973-12-11',1728,'Nihil est et non cumque fugiat cumque. Sit qui mol'),(1368,'2011-01-20',848,'Soluta quae laboriosam quis sunt animi non esse ea'),(1369,'1984-03-04',1092,'Eos optio tempora aut. Facilis accusantium rerum m'),(1372,'2012-12-09',1908,'Omnis voluptatem ipsum consequatur nihil. Voluptas'),(1373,'1974-06-12',1878,'Architecto sed blanditiis enim ipsa illo vitae. Se'),(1374,'1989-05-08',483,'Maxime fuga quaerat quidem eaque totam. Occaecati '),(1377,'1984-12-26',556,'Perspiciatis tempore sed rerum excepturi incidunt.'),(1379,'1986-08-19',718,'Nemo porro dolor earum et velit. Repellendus volup'),(1380,'1998-06-05',1081,'Amet velit nostrum alias animi quaerat. Magni non '),(1381,'2009-04-02',1318,'Autem soluta minima pariatur numquam rerum expedit'),(1382,'1982-09-20',893,'Eos et voluptate itaque. Quod assumenda modi excep'),(1384,'2008-02-03',1645,'Odit vel corporis ducimus veniam alias sit. Dicta '),(1385,'2013-08-16',557,'Molestias qui sunt est quaerat laborum. Ad vel lau'),(1388,'1971-10-27',57,'Nisi iure dignissimos inventore dolorem sed. Volup'),(1390,'1999-10-19',318,'Qui ut odit quis voluptatem quas pariatur fuga. El'),(1391,'1978-10-19',1281,'Tempora numquam quia sunt et tenetur. Quisquam a c'),(1393,'1993-04-13',1625,'Rem vero quasi nisi reprehenderit aut ad dolore la'),(1394,'1995-12-11',1091,'Alias tempore qui consectetur excepturi. Ipsa amet'),(1395,'2022-04-11',1862,'Voluptatem sequi vero deleniti non. Itaque blandit'),(1396,'1986-03-12',1353,'Recusandae quia reiciendis quibusdam dicta. Conseq'),(1398,'1977-02-20',1611,'Eveniet fugiat optio odit sed consequatur rem. Cul'),(1401,'2009-04-03',1144,'Deleniti iusto aut recusandae. Quasi quia nihil re'),(1405,'1991-11-16',592,'Quos nulla facere ut fugiat nisi. Adipisci eum pos'),(1408,'1988-12-31',1700,'Perspiciatis ut molestiae aspernatur id corrupti v'),(1412,'1973-07-03',1884,'Atque commodi porro voluptatum praesentium ea sit '),(1414,'1992-04-25',1264,'Animi ut labore qui dolorem. Quisquam nobis qui ex'),(1417,'2018-12-15',472,'Illo et aut quo mollitia voluptatibus aut at. Est '),(1418,'2022-03-02',645,'Illo non aut autem iusto ut explicabo ipsam odit. '),(1420,'2015-06-27',282,'Minus corporis et repudiandae aut tenetur incidunt'),(1424,'2013-01-22',1657,'Quis totam et aut dolorem repellendus. Nam quo et '),(1425,'2005-09-28',1558,'Architecto quaerat vel sit necessitatibus optio qu'),(1427,'1986-09-11',1733,'Porro et quo consequatur autem dolor temporibus vo'),(1432,'2009-10-10',375,'Tempore fugiat asperiores est ut dolore quidem atq'),(1435,'2014-03-10',161,'Iure dolore quo quos atque laudantium cum. Praesen'),(1436,'2000-07-19',1358,'Quis autem ut consequuntur neque sed consequuntur.'),(1437,'1976-01-27',470,'Eum dolorem eligendi et et. Ut aliquam voluptatibu'),(1438,'1980-11-02',1672,'Eius vero qui placeat. Voluptatem itaque pariatur '),(1439,'2019-08-03',440,'Dolores recusandae laboriosam aut quo. In harum do'),(1441,'1978-11-25',167,'Porro velit nisi officiis qui. Consequuntur conseq'),(1442,'1978-12-08',909,'Magni illum rerum quia saepe. Et labore pariatur a'),(1443,'2003-03-26',1141,'Perferendis corrupti ab officia ut delectus sequi.'),(1444,'1996-07-13',661,'Quo a molestias est. Laboriosam ipsa optio non omn'),(1445,'2004-04-22',484,'Dolorem aut error tenetur et nostrum voluptates. D'),(1446,'1994-12-14',949,'Minus maiores rerum doloribus eveniet quod rerum a'),(1448,'1988-08-12',1159,'Accusantium ea exercitationem dolores blanditiis e'),(1449,'1970-11-03',1773,'Id neque reprehenderit ducimus consequuntur distin'),(1450,'1984-05-14',231,'Vitae odio voluptas error labore odio odit repelle'),(1451,'1974-06-11',152,'Fugit autem quo eos nihil sapiente. Qui nihil dolo'),(1452,'2009-06-05',1396,'Itaque est qui ut natus. Quo et tempore quasi. Con'),(1453,'1972-06-17',183,'Qui molestiae saepe odio nisi. Odit et vitae repel'),(1455,'2007-08-21',448,'Deserunt quia optio commodi assumenda ut quia est '),(1456,'2000-01-01',179,'Quia aut magni velit. Veniam esse impedit minus il'),(1459,'2016-05-15',176,'Debitis nam officiis et. Minima rerum dolorem cons'),(1461,'1973-12-27',1042,'Neque omnis laudantium pariatur et. Itaque commodi'),(1462,'1975-09-01',1780,'Dolorem repellendus nesciunt sit voluptates est. P'),(1463,'1994-12-12',1359,'Totam amet saepe qui error architecto tempora dist'),(1464,'2010-06-21',1769,'Iure sit odit quae et consectetur. Commodi molesti'),(1467,'1990-08-20',726,'Nam et deserunt deleniti voluptates adipisci et. E'),(1471,'1991-11-30',1047,'Quibusdam culpa neque minus quia voluptatem nisi. '),(1473,'1991-11-03',387,'Inventore libero maiores illum repellendus. Laboru'),(1474,'2008-07-31',1201,'Perspiciatis quod rerum laudantium nobis nemo quia'),(1475,'1973-08-12',1793,'Dicta in ullam totam doloribus velit. Itaque id et'),(1476,'1975-09-17',1958,'Voluptatibus ut inventore eius consequatur. Asperi'),(1478,'1991-09-28',1026,'Ea magnam reprehenderit aut est non voluptatem odi'),(1479,'1995-05-16',1511,'Quos quisquam ut nemo fugit officia inventore. Ten'),(1482,'1993-12-04',886,'Vel aliquam deleniti eligendi animi earum ratione '),(1483,'1976-04-25',192,'Aut beatae laudantium qui maiores officia iusto si'),(1484,'2001-07-04',1961,'Voluptas unde cumque adipisci est eaque illum sit.'),(1485,'2022-04-29',1761,'Aut nostrum eos delectus adipisci animi non. Vitae'),(1488,'1990-11-10',1632,'Sed modi temporibus porro id praesentium omnis. Un'),(1489,'2011-12-13',445,'Quasi repellat itaque cum harum ea. Quo voluptatem'),(1490,'1989-05-18',237,'Harum totam odit a recusandae. Voluptatem neque au'),(1493,'1977-12-19',646,'Voluptatem illum voluptate minima dolorem non. Non'),(1495,'2006-05-28',569,'Fugiat deleniti ipsam eveniet sit qui. Maxime mole'),(1501,'1972-09-13',131,'Provident et dolore soluta eos facere at aut ut. O'),(1504,'1990-02-17',175,'Placeat eos quis eius nostrum hic ut ipsam. Totam '),(1507,'2001-03-17',763,'Quae sapiente maiores voluptatem veritatis iste qu'),(1509,'2001-12-21',1807,'Magnam ea id eligendi. Voluptas assumenda providen'),(1510,'1979-01-03',1985,'Est vel non perferendis. Voluptatem dolor dolorum '),(1511,'2002-06-24',1327,'Aliquam fugiat et ea molestias libero laboriosam u'),(1519,'1980-05-11',1974,'Soluta assumenda optio cumque alias nam dolor moll'),(1520,'1973-12-19',570,'Tenetur quis doloremque est facilis. Voluptatum qu'),(1523,'2003-04-05',1792,'Necessitatibus et minima adipisci est dolores ipsu'),(1526,'2019-02-10',418,'Dolorem fuga impedit velit ut quia et quam sapient'),(1527,'1986-04-01',948,'Suscipit consequatur qui labore. Eaque sunt ullam '),(1529,'2008-08-19',877,'Fuga ut distinctio aut voluptatem. Molestiae repel'),(1531,'1986-03-25',896,'Eligendi dolores rem maiores enim sed provident pr'),(1533,'2003-07-14',842,'Quia officiis qui debitis commodi tempora distinct'),(1534,'2019-03-20',1946,'Aut blanditiis possimus blanditiis earum. Praesent'),(1535,'1994-11-07',322,'Et omnis ad quae quidem temporibus. Eos facere mai'),(1536,'2020-05-27',1464,'Sunt sed consequatur quia natus mollitia. Laborios'),(1537,'1979-01-19',1115,'Laboriosam consectetur sunt soluta omnis. Nostrum '),(1538,'2016-10-19',1536,'Sit quo molestiae atque. Minima est voluptatem con'),(1543,'2020-05-04',1798,'A ut voluptas qui sint consequuntur ut ab ut. Qui '),(1544,'1977-04-25',378,'Illum inventore mollitia magnam consequatur qui cu'),(1547,'1987-06-03',612,'Qui sit fuga enim qui. Sed ex ipsa qui. Aut illum '),(1548,'2016-05-28',1177,'Temporibus delectus consequatur itaque temporibus.'),(1549,'1982-10-14',1887,'Possimus totam eligendi nihil est ut voluptatum. S'),(1550,'1986-12-19',160,'Repellat quo minima mollitia qui ratione sint. Omn'),(1551,'1974-02-17',1456,'Porro perferendis magnam sunt dicta debitis. Non b'),(1554,'2021-01-03',435,'Ut sed molestias officia. Eaque soluta autem et sa'),(1556,'2002-09-17',1258,'Sit rem et omnis similique est eius nemo qui. Itaq'),(1557,'2016-04-09',1546,'Inventore laboriosam totam consectetur voluptatem '),(1560,'2017-04-07',850,'Sapiente vel ea quia nemo. Consequuntur unde odit '),(1562,'1979-07-12',358,'Blanditiis doloribus ab adipisci est aperiam. Qui '),(1564,'1992-07-25',1241,'Autem veniam magni et iusto alias soluta. Et aut c'),(1566,'1988-01-29',1465,'Sint amet illum culpa. Et totam itaque suscipit re'),(1567,'1998-01-02',601,'Consequatur ducimus voluptatum consectetur et dele'),(1568,'2015-07-08',340,'Velit numquam veritatis eius aut asperiores esse. '),(1570,'2018-04-28',664,'Voluptatem nesciunt distinctio dolorem amet natus.'),(1573,'1987-04-17',241,'Fugiat asperiores non ut occaecati aperiam dolorem'),(1579,'2008-10-05',293,'Vel quis qui dolorem ratione qui debitis dolor pla'),(1584,'2016-07-05',1032,'Quisquam fugiat quo similique perferendis perspici'),(1586,'1972-11-15',659,'Eum necessitatibus id ad adipisci dignissimos et o'),(1589,'1985-05-08',801,'Nesciunt itaque et ad esse amet neque. Nihil expli'),(1591,'2005-11-21',1352,'Et et magnam hic. Minus veritatis qui sunt veniam '),(1599,'1973-11-21',302,'Optio et nesciunt impedit incidunt modi. Animi qui'),(1600,'1977-09-22',447,'Sit nemo voluptatem ad ad. Totam inventore quae sa'),(1602,'1984-08-31',335,'Ad est saepe veniam alias ut blanditiis nulla. Ver'),(1605,'1978-10-07',705,'Sit recusandae esse et sit. Excepturi quia quod bl'),(1606,'1976-03-08',1079,'Facilis qui quia sapiente et quia maiores quo. Rep'),(1607,'1999-12-08',1650,'Aspernatur numquam voluptatibus est recusandae err'),(1612,'1993-02-03',1416,'Expedita sunt aut quaerat ipsum. Aspernatur volupt'),(1613,'1970-03-07',528,'Velit id ut nisi sequi occaecati tempore consectet'),(1614,'1989-09-13',873,'Totam sunt vel nesciunt quae. Suscipit aliquam dol'),(1615,'1986-06-07',627,'Et architecto ut et nam. Voluptatem ratione illo v'),(1617,'1979-11-18',139,'Deleniti eius quia quaerat illo. Minima est culpa '),(1620,'1981-10-30',624,'Odit quis nostrum non delectus. Eos aperiam amet e'),(1621,'1988-07-18',311,'Dolorum ipsam reiciendis velit recusandae beatae d'),(1624,'2021-06-29',1080,'Laborum laudantium repellat optio eligendi maxime.'),(1625,'1977-08-31',1392,'Velit dolorem quia in necessitatibus aut reprehend'),(1626,'1971-04-14',1777,'Reprehenderit provident eligendi aut. Eveniet dict'),(1629,'1994-10-17',1099,'Enim voluptatem qui nulla cumque quam placeat libe'),(1631,'2018-07-24',1790,'Accusantium ea odit et est laboriosam. Recusandae '),(1633,'1994-11-02',413,'Vel dolor aut necessitatibus autem et facere ea. U'),(1641,'2001-12-23',888,'Et voluptates occaecati officiis hic voluptatem ea'),(1642,'1990-06-29',1778,'Quasi excepturi dolores similique omnis quidem. Nu'),(1643,'1990-04-14',256,'Qui nihil iste quisquam atque quaerat soluta odio.'),(1645,'2008-10-09',1445,'Dignissimos necessitatibus quis aut et officiis ut'),(1650,'1998-04-29',655,'Cum molestiae quia et numquam sit beatae molestias'),(1655,'1985-09-30',690,'Consequuntur aliquid voluptatem nisi aliquid maior'),(1657,'2019-03-22',334,'Aut ea excepturi id odio error sapiente. Quo cumqu'),(1661,'1988-02-08',460,'Ex quidem laudantium perferendis sed. Vel dolor ea'),(1662,'2005-02-22',38,'Vitae commodi delectus ipsam culpa vero et et. Opt'),(1663,'2009-11-18',1860,'Beatae fuga ut voluptatum optio saepe. Animi perfe'),(1667,'1996-08-15',1667,'Officia at quibusdam nisi minus et quo. Sit quas p'),(1669,'2021-08-10',1194,'Non ut numquam ducimus magni quibusdam id ut. Ulla'),(1670,'1980-09-02',1,'Similique quia est et. Nam voluptatum earum vitae '),(1671,'2018-07-21',1709,'Doloremque eos et impedit voluptas aut nemo. Aut q'),(1672,'2009-06-12',1336,'Architecto minima ea aliquid aut dolores quos nihi'),(1674,'2019-04-09',790,'Voluptatem ratione dolorum minus. Quia sunt incidu'),(1676,'1992-03-20',811,'Quasi quo ad ad rerum. Ea non quidem explicabo occ'),(1677,'2005-07-16',922,'Repellat magni quo recusandae molestias et. Ab ea '),(1678,'1980-06-15',1368,'Vitae officia voluptatum ab qui eos quia quaerat. '),(1679,'2000-08-25',1006,'In temporibus ut quam quia vero expedita animi min'),(1682,'2008-10-17',308,'Nulla sed omnis modi eaque voluptas magnam est acc'),(1683,'1979-11-17',783,'Aut aut assumenda cupiditate est architecto animi.'),(1684,'2018-11-05',1556,'Est dolores architecto quia similique enim iste fa'),(1688,'1981-01-01',1421,'Fuga doloribus non et enim et. Sapiente ut rerum i'),(1689,'2020-09-07',6,'Qui natus totam aut sit odit ea. Sapiente quaerat '),(1690,'1982-08-03',1063,'Provident eveniet adipisci quia accusamus vel. Aut'),(1692,'2005-01-15',744,'Inventore enim est cum ab exercitationem atque fac'),(1694,'1973-05-11',580,'Incidunt ab reprehenderit nesciunt omnis. Eaque of'),(1698,'2019-05-05',1129,'Ut quod dolor sint facilis facere. Est sunt facere'),(1700,'1977-03-12',965,'Earum rerum voluptas quasi cumque perferendis quia'),(1703,'1989-08-27',1366,'Recusandae consequatur et nesciunt et. Rem animi h'),(1705,'2016-07-03',1895,'Sed voluptatem perspiciatis praesentium. Aliquid a'),(1706,'2016-09-24',1254,'Rerum est qui repellat ab. Delectus eaque labore n'),(1708,'1997-12-25',391,'Et et nemo dolores eveniet illum. Tempore exercita'),(1709,'1975-10-26',906,'Enim eos ipsa voluptatum voluptates explicabo anim'),(1711,'1983-02-13',591,'Qui at veniam quia quia. Sed voluptatibus quasi qu'),(1712,'1974-02-17',473,'Ut enim aut dolores velit voluptatum excepturi. Di'),(1714,'2001-04-28',1074,'Aut et repellat praesentium veniam nesciunt. Rem e'),(1716,'2020-12-17',706,'Excepturi soluta facilis et officiis sint dolores '),(1719,'1975-10-29',259,'Ullam impedit accusamus non officiis est quam plac'),(1721,'1971-07-01',1286,'Enim sequi quam facilis voluptatem neque. Doloremq'),(1730,'1997-03-19',480,'Voluptatum dolore minus aut libero eos accusantium'),(1734,'2005-06-06',1920,'Quidem et eaque molestiae aliquam accusantium aut.'),(1736,'1980-09-04',563,'Reprehenderit consequatur fugiat dolorem est error'),(1737,'2017-06-07',482,'Recusandae excepturi ipsum qui. Natus corporis qui'),(1738,'1976-04-13',687,'Distinctio quae vel dolorem rem consequatur est. A'),(1739,'2020-08-08',427,'Facilis exercitationem ipsa non sunt maxime cum. Q'),(1745,'1994-11-17',778,'Sit deserunt aut beatae dignissimos possimus repel'),(1746,'2020-01-03',1549,'Voluptas magnam iusto nulla doloribus earum quibus'),(1751,'1999-03-10',923,'Qui tenetur est et labore architecto amet asperior'),(1752,'2007-11-18',199,'Iste autem rerum placeat. Repellendus exercitation'),(1753,'2012-08-04',1836,'Perferendis aperiam et eaque. Ut voluptatem et aut'),(1754,'1999-07-14',157,'Est consequatur ad aut aut nihil quae. Non volupta'),(1756,'2010-12-24',990,'Ea quaerat maiores nisi consequatur. Commodi illum'),(1760,'1971-10-24',982,'Nesciunt ab ut dolores sequi. Consequatur nobis qu'),(1762,'1972-04-14',929,'Quia accusantium aut enim officiis qui quae ut. Vo'),(1763,'2013-06-20',1623,'Quae reprehenderit distinctio voluptate occaecati '),(1765,'2005-03-11',589,'Perspiciatis adipisci possimus illum laboriosam im'),(1766,'1976-08-30',1633,'Numquam nihil minima dicta. Non amet tempora in no'),(1767,'2021-05-03',205,'Accusantium eos sit harum et. Ducimus voluptatem i'),(1768,'2004-07-04',1988,'Praesentium maxime quisquam hic iusto. Aperiam ess'),(1770,'1985-02-25',287,'Dolorum molestias optio tempore a. Impedit dolorib'),(1772,'1971-08-04',1157,'Provident ad blanditiis est qui sed. Voluptatum qu'),(1773,'1980-11-12',667,'Voluptas voluptatem ipsa eum voluptatum voluptas m'),(1775,'2005-12-25',102,'Et et maiores ut odit sed. Voluptas id magni repel'),(1776,'1970-02-16',397,'Quod ut rerum pariatur quaerat dolore esse consequ'),(1782,'1985-10-31',1679,'Numquam tenetur repudiandae quod occaecati distinc'),(1783,'1971-06-21',1696,'In vel cumque fuga saepe autem non. Optio reprehen'),(1785,'1970-10-25',738,'Nemo aut alias autem officia. Beatae atque molesti'),(1786,'1998-12-28',1228,'Dolores fuga et fugiat nisi id ut nihil. Tempore p'),(1789,'1992-07-18',158,'Ad officia rem sint exercitationem magnam quis vel'),(1790,'2005-04-03',951,'Voluptas nostrum autem tempore. Aut molestiae quib'),(1791,'1972-01-06',1429,'Aliquid ratione fugit et eos fugit cum in. Sit dol'),(1792,'2000-03-01',1148,'Deleniti quis ipsam eius eligendi reprehenderit. N'),(1793,'1985-04-26',1259,'Dolor inventore delectus voluptatem numquam. Est d'),(1794,'1986-01-19',1714,'Earum impedit et mollitia inventore at in. Saepe i'),(1795,'1982-04-10',858,'Omnis sapiente nesciunt aut tenetur. Earum est ape'),(1796,'2020-03-01',635,'Sapiente et ut vitae nostrum. Quam eum dignissimos'),(1798,'1986-03-31',684,'Est saepe consequatur et est. Quas nihil molestiae'),(1800,'1970-08-26',606,'Laudantium animi id facere officia nihil molestiae'),(1805,'1983-01-01',603,'Ipsum consectetur est facere alias perspiciatis nu'),(1806,'1985-08-10',1889,'Recusandae ut qui error quod dolor id neque. Aliqu'),(1809,'1992-02-18',399,'Nobis ad iusto enim aut. Ipsum praesentium volupta'),(1811,'1999-12-31',1797,'Aperiam ducimus cupiditate ipsam illum nemo molest'),(1818,'2004-04-04',1844,'Magni qui officiis itaque accusantium ipsa sit. Es'),(1820,'2006-11-12',1155,'Labore nostrum explicabo dolorem corrupti mollitia'),(1823,'1986-09-26',704,'Error sequi exercitationem qui possimus. Accusamus'),(1826,'1974-11-11',1181,'Omnis et tempora magni quia at. Deleniti veritatis'),(1827,'1973-08-24',833,'Reprehenderit harum quia laudantium impedit dolore'),(1829,'1988-04-10',1904,'Nulla quasi et molestiae totam. Atque fugit dolore'),(1832,'1970-12-22',1999,'Aliquid eius et omnis. Cumque quia voluptatem ipsa'),(1836,'1975-01-06',130,'Non sed nesciunt totam cumque ut perspiciatis debi'),(1839,'1982-05-04',1973,'Veniam minima nemo voluptatem vero. Sapiente est s'),(1842,'2011-01-01',1097,'Quod dolores in ducimus rerum omnis itaque. Quaera'),(1843,'1999-10-14',1928,'Est quia ea molestiae ut. Et fugit laudantium aliq'),(1844,'1999-12-06',1834,'Quasi corrupti unde error sed maiores ut. Sit quam'),(1845,'2008-07-24',319,'Assumenda inventore et est molestiae ullam nemo no'),(1846,'1995-09-17',711,'Officiis est repellendus similique nam nihil. Dolo'),(1847,'2013-03-06',813,'Voluptas et perferendis omnis atque nihil cumque. '),(1848,'2004-09-05',1801,'Nam sit impedit nemo magnam. Dolor modi enim lauda'),(1851,'2010-05-02',1061,'Eos sed sit quod deserunt animi corrupti doloremqu'),(1852,'2012-05-03',1124,'Possimus quia pariatur quia impedit delectus est. '),(1854,'1976-02-07',935,'Aliquid tempore et a voluptatem possimus aut rerum'),(1856,'1971-05-16',561,'Porro in eveniet numquam. Ratione qui nisi soluta '),(1857,'1978-09-06',1607,'Adipisci ut corporis nihil corrupti cupiditate nob'),(1858,'2020-09-25',1990,'Repellat reiciendis maiores voluptas et eius itaqu'),(1859,'1995-10-11',1518,'Occaecati recusandae officia natus voluptatem cons'),(1862,'1998-04-26',1643,'Quia labore fuga ea dolorem est. Voluptate illo qu'),(1867,'2014-01-19',1808,'Dolorem et expedita illo quam. Tempora illo dolore'),(1872,'1986-12-30',741,'Maxime soluta eum sed illum. Error officiis non do'),(1873,'1989-10-03',712,'Sunt est voluptatibus ipsa voluptatem illo asperna'),(1874,'1997-06-14',1213,'Fuga et reiciendis mollitia sequi mollitia est. Di'),(1876,'1978-12-28',1075,'Laudantium ut facilis illo ratione magnam quia. Qu'),(1878,'2001-12-14',305,'Et consectetur perspiciatis vero aut ratione. Esse'),(1879,'1979-04-28',1023,'Eaque dolores fugiat nihil sit alias nihil aliquid'),(1882,'1974-01-12',24,'Eius voluptate aut ut. Commodi fugit deserunt duci'),(1883,'2019-07-14',1927,'Iste atque qui dolor ut eum natus explicabo aperia'),(1884,'1972-04-13',642,'Consequatur sint facere iure rerum blanditiis. Ist'),(1885,'2014-07-16',740,'Numquam voluptatibus quae nulla voluptatem. Omnis '),(1888,'1980-03-08',1269,'Dolorem neque in fugit quo. Beatae magni qui nulla'),(1889,'1973-06-09',1128,'Error error voluptatem nulla fugiat tenetur et. Na'),(1891,'1996-11-08',1102,'Sequi eos soluta omnis modi. Ipsa saepe rerum dolo'),(1893,'1983-02-18',980,'Quos qui placeat in et repudiandae. Illum reprehen'),(1895,'1995-08-15',1322,'Nesciunt iste aperiam non est. Suscipit consequunt'),(1897,'1997-10-04',1703,'Unde dolorum eum aut amet doloribus a. Qui natus e'),(1900,'1970-08-04',1020,'Cum minus molestiae expedita est dolores fugit arc'),(1901,'1975-12-29',1343,'Maxime molestiae optio magnam aliquam in ea corrup'),(1903,'2010-11-10',1800,'Dicta repellendus autem voluptatibus animi cum lab'),(1906,'1990-04-27',27,'Eos sint ipsam molestias est. Doloremque eveniet a'),(1907,'1990-05-25',512,'Quae aut recusandae ut molestiae voluptatem est co'),(1910,'1974-05-09',1597,'Totam aut et repellendus aut. Velit aut voluptas e'),(1913,'2013-11-03',1947,'Nostrum consequuntur repellat molestiae suscipit. '),(1915,'1997-03-14',568,'Quis ea mollitia eaque sunt sunt. Voluptates dolor'),(1916,'2012-12-24',1100,'Cum qui sed fugit eaque. Ut beatae fuga quis verit'),(1918,'1972-11-03',1403,'Tempora repudiandae vel non qui tenetur molestias '),(1920,'1986-11-02',374,'Et deserunt et itaque iusto velit in dolore velit.'),(1921,'1988-08-04',884,'Qui expedita eveniet ipsum dolorum. Voluptas nihil'),(1924,'2012-01-22',1811,'Quae voluptas impedit voluptatem repudiandae minus'),(1925,'1984-03-29',500,'Molestias modi qui dolorum distinctio neque. Vel i'),(1930,'1976-10-31',1347,'Debitis quod autem accusamus inventore at. Dolore '),(1932,'1978-08-21',1454,'Sed autem fugit omnis omnis enim ad quasi. Laborum'),(1933,'2007-03-29',1670,'Laudantium quaerat consequatur quis. Et ut est sin'),(1934,'1971-05-10',546,'Ab tenetur voluptates architecto nobis nam illo la'),(1936,'2013-11-23',875,'Quas alias ut vel eum beatae est quis. Itaque labo'),(1938,'2000-06-16',234,'Aut ea occaecati voluptas quia. Molestiae iste bla'),(1939,'1986-11-30',520,'Voluptates excepturi error quo ut. Voluptatem et v'),(1940,'1988-05-06',492,'Nesciunt et unde corporis ex sequi facere rem quia'),(1942,'2008-08-29',1045,'Quia voluptatem velit cum rem. Rerum neque quisqua'),(1944,'1983-01-23',1565,'Est quibusdam omnis sit ut nihil qui sed sit. Veli'),(1947,'1981-12-28',1304,'In voluptatem enim cupiditate modi facilis repudia'),(1948,'2001-08-30',703,'Magnam ab nobis sed beatae eius aut sunt. Nostrum '),(1951,'1984-03-09',352,'Non est tempore accusamus enim. Laudantium alias q'),(1952,'1996-12-20',1227,'Aperiam veniam nemo praesentium fugit sapiente odi'),(1954,'2010-12-24',1771,'Molestiae voluptatibus natus sit. Voluptatem labor'),(1957,'2008-10-21',31,'Qui ipsa ut ut ea rerum. Magnam quia ut quam imped'),(1958,'1975-02-16',16,'Cumque inventore cupiditate cupiditate fuga dolore'),(1959,'2006-11-12',1809,'Consectetur repellendus quisquam architecto aut. U'),(1960,'1989-06-13',1523,'Molestias quis repellendus facere nulla. Earum con'),(1962,'1984-02-19',1627,'Qui dolores in sed. Facilis quaerat earum nam aute'),(1964,'2009-11-10',1331,'Temporibus ab facere voluptatem qui. Ut hic non di'),(1965,'1979-07-13',1377,'Recusandae autem voluptatum veniam enim incidunt f'),(1966,'1990-09-23',32,'Mollitia distinctio facere odit dolores dolor ut. '),(1967,'2016-07-29',264,'Aut itaque at ad debitis quas. Neque omnis est est'),(1968,'1977-01-15',1855,'Enim et et assumenda. Aut dolores dignissimos iste'),(1969,'2010-05-02',782,'Et expedita et animi qui qui. Explicabo dignissimo'),(1971,'1991-12-03',1962,'Deserunt consequatur nesciunt labore alias delenit'),(1972,'1973-01-16',216,'Facere et beatae eveniet. Ipsam error voluptas ist'),(1973,'2006-10-05',1890,'Eius dolores voluptatem et fugiat eum. Et et ut no'),(1974,'1983-07-11',1600,'Soluta non labore aut. Delectus ut quisquam maxime'),(1976,'2019-04-04',134,'Earum ut aut repellendus ratione aut necessitatibu'),(1977,'1998-01-26',1744,'Ipsa veritatis odio sed deserunt. Labore minima mi'),(1979,'1978-11-14',89,'Error ut non eligendi aut et corrupti praesentium.'),(1981,'2008-06-14',794,'Omnis tempore debitis mollitia est repellat. Delec'),(1983,'1981-10-23',844,'Iure quia architecto nobis sapiente quia quae aliq'),(1985,'1987-04-05',339,'Ipsam pariatur et sint ut sunt optio. Adipisci dol'),(1986,'2010-01-13',171,'Quia error enim rerum voluptatem. Mollitia aliquam'),(1989,'2001-12-09',871,'Minima sunt vel natus alias nam consequatur. Velit'),(1992,'2005-02-07',1001,'Cum quas vero minima autem sint dolores. Unde inci'),(1993,'1973-05-06',1138,'Ex maiores est et est qui asperiores voluptas sed.'),(1994,'2008-03-24',1768,'Reiciendis deserunt ab ad sit enim omnis. Amet ani'),(1995,'2015-11-14',745,'Fugiat doloremque placeat necessitatibus suscipit.'),(1998,'2006-06-09',859,'Aut eum sed quasi qui ex accusamus. Dolor incidunt');
/*!40000 ALTER TABLE `orders` ENABLE KEYS */;
UNLOCK TABLES;

--
-- Table structure for table `order_items`
--

DROP TABLE IF EXISTS `order_items`;
/*!40101 SET @saved_cs_client     = @@character_set_client */;
/*!40101 SET character_set_client = utf8 */;
CREATE TABLE `order_items` (
  `order_item_id` int(11) NOT NULL,
  `order_item_order_id` int(11) NOT NULL,
  `order_item_product_id` int(11) NOT NULL,
  `order_item_quantity` int(11) NOT NULL,
  `order_item_subtotal` float NOT NULL,
  `order_item_product_price` float NOT NULL,
  PRIMARY KEY (`order_item_id`) USING BTREE,
  KEY `orderItem_orders` (`order_item_order_id`) USING BTREE,
  KEY `orderItem_product` (`order_item_product_id`) USING BTREE,
  CONSTRAINT `orderItem_orders` FOREIGN KEY (`order_item_order_id`) REFERENCES `orders` (`order_id`) ON DELETE CASCADE ON UPDATE CASCADE,
  CONSTRAINT `orderItem_product` FOREIGN KEY (`order_item_product_id`) REFERENCES `products` (`product_id`) ON DELETE CASCADE ON UPDATE CASCADE
) ENGINE=InnoDB DEFAULT CHARSET=utf8mb4 ROW_FORMAT=DYNAMIC;
/*!40101 SET character_set_client = @saved_cs_client */;

--
-- Dumping data for table `order_items`
--

LOCK TABLES `order_items` WRITE;
/*!40000 ALTER TABLE `order_items` DISABLE KEYS */;
INSERT INTO `order_items` VALUES (1,1395,702,832,833060000,342675000),(2,702,351,481,449858000,682226000),(3,371,177,650,764891000,149647000),(4,904,450,164,162398000,59253000),(5,1564,789,71,493628000,551616000),(7,930,465,998,601028000,858612000),(8,1106,552,329,715429000,644588000),(9,1836,910,437,900550000,178218000),(10,1568,792,981,986991000,11182300),(11,752,375,741,664841000,490573000),(12,421,199,101,133141000,311112000),(13,273,126,256,48929800,695898000),(14,863,426,334,913309000,698150000),(15,430,202,181,909580000,469783000),(16,259,118,462,674791000,335283000),(17,1677,836,589,609751000,419837000),(18,1948,969,828,941322000,381544000),(19,874,432,222,881133000,535193000),(20,1,1,630,271560000,738430000),(21,328,157,500,747136000,115751000),(22,1008,509,104,531127000,724859000),(23,1620,811,941,169967000,96582800),(24,1756,872,941,148713000,159419000),(25,1381,693,936,939002000,493452000),(26,419,197,632,822168000,263834000),(27,293,136,655,238504000,476278000),(28,938,473,362,899385000,265431000),(29,1483,750,546,640400000,124214000),(30,120,58,876,755852000,76864500),(31,740,369,482,608928000,598514000),(32,777,390,284,925599000,15342600),(33,1445,726,801,652756000,574598000),(34,1613,807,856,212883000,15600200),(35,507,243,207,999734000,81044800),(36,665,332,172,891093000,793135000),(37,1014,511,3,57199000,913591000),(38,922,459,967,838753000,742851000),(39,550,266,475,646313000,413482000),(40,933,468,809,322414000,504193000),(41,1017,513,322,54393500,366089000),(42,1105,551,473,677921000,156877000),(43,1281,641,1,480460000,989298000),(44,615,307,245,644435000,166102000),(45,537,258,795,138350000,485018000),(46,706,352,501,626747000,624029000),(47,1584,796,265,585211000,450441000),(48,536,257,291,707868000,393987000),(49,313,145,85,794646000,157731000),(50,592,293,711,580298000,66235500),(52,672,334,102,201881000,251245000),(53,332,160,370,777573000,790983000),(54,175,81,158,137288000,282448000),(55,1745,866,125,741341000,351381000),(56,1848,918,644,104438000,968750000),(57,968,486,740,259513000,958277000),(58,135,64,289,163720000,77886900),(59,1878,932,887,892658000,759197000),(60,73,35,828,868262000,913940000),(61,232,110,870,407696000,81270500),(62,470,220,336,433711000,458321000),(63,1845,915,121,499507000,356058000),(64,1737,863,28,810673000,697311000),(65,317,148,835,517873000,418720000),(66,251,116,682,889904000,40890300),(67,205,98,791,833017000,542155000),(68,195,93,85,156299000,276226000),(70,1380,692,341,144382000,145724000),(71,647,323,731,670459000,83538300),(72,985,499,381,920976000,329558000),(73,1932,959,594,407481000,17127400),(75,207,100,628,10146900,171577000),(76,379,181,825,49112800,548100000),(77,1700,848,533,378604000,792572000),(78,1036,522,593,541963000,642065000),(79,947,477,527,186574000,892284000),(80,19,10,316,178504000,283167000),(81,579,285,770,522298000,413495000),(82,332,160,692,946275000,193365000),(83,1960,976,74,966656000,138886000),(84,10,6,334,17426800,669057000),(85,264,121,4,371882000,320569000),(86,383,184,458,733714000,502639000),(87,184,87,69,740332000,298570000),(88,929,464,244,226877000,833817000),(89,1181,587,439,95523900,5380020),(90,1239,619,694,767775000,522520000),(91,85,44,220,4031240,331970000),(92,128,61,620,872318000,752460000),(93,1185,590,407,672686000,151081000),(94,889,442,212,223228000,371379000),(95,61,31,316,662578000,604282000),(96,843,419,255,890915000,531198000),(97,608,302,865,196424000,203659000),(98,972,489,942,794321000,17341400),(99,1543,777,534,152622000,13741700),(100,80,41,853,397253000,916758000),(101,1002,505,964,499169000,427531000),(102,48,25,310,122398000,929568000),(103,970,487,180,702898000,698171000),(104,482,227,850,466814000,664083000),(105,1895,942,699,356035000,205106000),(106,1338,669,447,616290000,819299000),(107,853,424,191,177802000,900941000),(108,168,78,797,804633000,109362000),(109,1889,939,437,175107000,954615000),(110,1776,884,38,629777000,469293000),(111,1319,659,636,575684000,142986000),(112,1155,576,76,451364000,826132000),(113,86,45,56,281275000,542011000),(114,1214,607,20,152067000,238466000),(115,449,212,938,733506000,572938000),(116,888,441,88,207739000,487245000),(117,446,211,43,813057000,362288000),(118,982,496,563,383682000,482261000),(120,761,381,878,182871000,805013000),(121,474,222,182,567049000,920654000),(122,660,329,342,900591000,543549000),(124,130,62,870,984798000,247982000),(125,1857,923,957,13735400,629321000),(126,959,482,528,535710000,578921000),(128,920,457,54,91089700,445150000),(129,824,411,410,802087000,497830000),(130,369,176,690,398496000,550203000),(131,289,133,920,480642000,973873000),(132,176,82,33,763319000,125372000),(134,1276,637,435,499020000,528234000),(135,882,437,141,218390000,252438000),(136,865,427,434,56286000,945856000),(137,394,189,116,814096000,71385100),(138,1368,685,92,716648000,590704000),(139,1459,736,9,23274700,684542000),(140,291,134,203,967639000,104295000),(141,1947,968,567,48428100,332975000),(142,1827,907,96,438664000,102115000),(143,368,175,628,984044000,405750000),(144,1379,691,292,825490000,754308000),(145,186,88,49,955863000,470350000),(146,115,55,684,667679000,292344000),(147,924,461,571,835460000,161487000),(148,229,108,348,627884000,994572000),(149,495,236,538,729069000,682994000),(150,1029,517,805,944045000,589393000),(151,1147,574,73,716319000,197518000),(152,244,114,909,284573000,402890000),(153,1913,950,764,242599000,925432000),(154,841,417,701,709510000,444488000),(155,871,430,957,934559000,785152000),(156,644,322,111,47105000,545031000),(157,578,284,346,898477000,23995200),(158,908,452,407,496359000,704281000),(160,279,128,84,531053000,348906000),(161,821,409,244,779634000,157782000),(162,163,75,448,392069000,43382000),(163,1425,714,834,369304000,702724000),(164,550,266,130,21837800,697198000),(165,592,293,688,581449000,539573000),(166,25,14,483,213457000,909967000),(167,1224,610,430,765921000,323849000),(168,711,355,897,464807000,262571000),(169,1388,697,888,79019800,829091000),(170,601,298,892,591001000,177623000),(171,506,242,454,996861000,713075000),(172,128,61,853,815542000,726160000),(173,295,138,734,642674000,672565000),(174,46,24,297,817667000,667628000),(175,1920,954,691,88484600,386007000),(176,662,330,139,392401000,827972000),(177,334,162,698,203309000,928105000),(178,1676,835,809,340361000,615844000),(179,431,203,116,761121000,467987000),(180,502,240,509,390265000,638131000),(182,1786,888,272,415856000,668195000),(183,895,446,561,316750000,794431000),(184,679,337,21,474230000,177033000),(185,896,447,299,296422000,482928000),(186,437,207,244,363619000,736686000),(187,296,139,596,148983000,870651000),(189,32,18,366,603163000,397691000),(190,268,123,67,288078000,360417000),(191,293,136,364,149717000,45227400),(192,888,441,184,718396000,658019000),(193,221,104,369,624608000,377399000),(194,1044,526,57,243019000,358455000),(195,744,371,729,991824000,813989000),(196,1184,589,595,994185000,292934000),(197,1900,944,881,7782130,376379000),(198,287,132,252,999805000,242390000),(199,570,279,583,247089000,499422000),(200,755,377,534,86082400,671985000),(201,1752,869,911,952736000,385368000),(202,1435,717,884,150461000,30037200),(203,493,235,996,696100000,546678000),(204,752,375,641,48195500,34156900),(205,292,135,507,779742000,475964000),(206,764,383,715,808729000,382292000),(208,417,196,340,748449000,566215000),(209,1279,640,723,401322000,512982000),(210,1712,855,192,939059000,674586000),(211,1535,773,533,99161500,598461000),(212,1350,675,23,849764000,610278000),(213,701,350,354,26854900,336350000),(214,878,435,307,704812000,132142000),(215,1183,588,395,588736000,119893000),(216,670,333,381,624704000,846955000),(217,1642,820,830,772956000,195204000),(218,1791,891,623,349002000,165920000),(219,521,249,390,773690000,87806100),(220,486,229,494,500079000,837415000),(221,560,272,220,793535000,145616000),(222,1501,758,141,363480000,917365000),(224,445,210,283,815088000,561783000),(225,464,218,892,480956000,944348000),(226,172,80,331,692545000,498878000),(227,1355,677,336,460822000,542342000),(228,891,443,596,686460000,427110000),(230,228,107,221,98489300,900913000),(231,1160,580,377,431888000,182332000),(232,870,429,434,374807000,584988000),(233,980,494,948,630552000,323371000),(234,820,408,209,225792000,407614000),(235,85,44,889,973700000,666236000),(236,345,169,78,474253000,734172000),(237,521,249,36,874411000,810330000),(238,1,1,924,491848000,184744000),(239,273,126,160,232460000,135061000),(241,1538,776,564,731898000,328264000),(242,654,326,295,880086000,810642000),(243,188,89,40,699451000,232202000),(244,604,300,856,380776000,218575000),(245,937,472,420,966950000,621705000),(246,687,342,253,66253400,252330000),(248,117,56,258,784032000,534878000),(249,1746,867,403,555951000,713900000),(250,1981,991,775,352922000,194751000),(251,1055,532,465,510432000,733561000),(252,984,498,977,793694000,777795000),(253,925,462,163,953140000,331648000),(254,1607,805,501,591321000,523638000),(255,337,164,362,385902000,408502000),(256,747,372,686,917186000,844438000),(257,1669,830,942,910452000,155637000),(258,1714,856,532,427054000,674935000),(259,496,237,289,350303000,802658000),(260,728,363,844,372256000,905646000),(261,280,129,175,769443000,62487000),(262,124,60,162,7773820,839884000),(263,295,138,759,265427000,547123000),(264,1080,542,912,146598000,390200000),(265,895,446,510,936992000,716374000),(266,665,332,214,556394000,455713000),(267,315,147,137,842515000,405551000),(268,1690,844,123,534282000,106877000),(270,572,280,835,605870000,73192600),(271,501,239,414,845019000,801445000),(272,955,480,779,938793000,317268000),(273,196,94,780,787276000,586772000),(274,1507,760,817,186964000,203547000),(276,1305,650,872,406746000,17547600),(277,339,166,883,170267000,670870000),(278,949,479,602,240760000,845384000),(279,314,146,956,60181000,6540660),(280,345,169,489,673984000,285026000),(281,455,215,579,996605000,474634000),(283,322,151,99,266641000,898095000),(285,636,317,229,741051000,840522000),(286,899,449,987,372723000,405602000),(287,111,53,260,933344000,169458000),(288,985,499,546,100942000,921038000),(289,1442,723,702,317029000,752150000),(290,1190,594,422,826493000,84559400),(291,400,191,101,768487000,664879000),(292,765,384,253,677359000,686012000),(293,631,314,496,956698000,775976000),(294,733,365,335,182836000,187954000),(295,740,369,128,603291000,593655000),(296,1023,515,755,578590000,505482000),(298,1478,747,815,839700000,381037000),(299,1255,626,383,823582000,672793000),(300,876,433,404,79581300,832743000),(301,385,186,198,320852000,502600000),(302,446,211,536,176767000,558481000),(303,557,271,641,528214000,306951000),(304,583,288,61,484494000,190586000),(305,1317,658,455,440833000,205198000),(306,560,272,377,561853000,793414000),(307,1823,905,160,539011000,656823000),(308,1439,721,273,628123000,159111000),(309,584,289,817,551390000,477442000),(310,1533,771,569,33248400,294685000),(311,947,477,417,264799000,665004000),(313,1856,922,735,977020000,996443000),(314,1398,704,420,123480000,580594000),(315,844,420,222,801724000,972987000),(316,16,9,857,496430000,376223000),(318,229,108,628,418422000,788656000),(319,1039,524,894,727189000,86048500),(320,83,43,837,957396000,979409000),(321,36,19,40,23755900,222355000),(322,1205,603,559,34866500,109878000),(323,198,95,911,572022000,383934000),(324,1763,875,754,815725000,136085000),(325,1683,840,223,194160000,219634000),(326,811,403,642,872637000,113200000),(327,492,234,689,648843000,177390000),(328,986,500,734,654622000,826870000),(329,1915,951,838,580907000,655360000),(331,1678,837,83,474825000,952701000),(332,1798,897,182,471638000,637041000),(333,31,17,351,282950000,124207000),(334,148,71,692,652093000,157907000),(335,710,354,800,910920000,188693000),(336,1443,724,239,925326000,168011000),(337,564,275,225,618498000,136075000),(338,892,444,768,371065000,2994830),(339,889,442,38,257726000,840515000),(340,990,501,286,534177000,882335000),(341,1005,507,848,970704000,603696000),(342,1092,546,144,970714000,348051000),(344,474,222,8,221639000,190364000),(345,78,39,580,992345000,649414000),(346,309,144,280,712299000,728684000),(347,821,409,317,756979000,995466000),(348,790,392,962,584901000,557958000),(350,205,98,623,264063000,343829000),(351,15,8,500,363767000,785278000),(352,936,471,949,844743000,869861000),(353,319,149,646,890806000,287368000),(354,1901,945,545,400506000,585407000),(355,1973,986,469,724560000,141620000),(356,79,40,355,357321000,159500000),(357,1438,720,159,822323000,172187000),(358,1809,901,248,468951000,758089000),(359,1467,741,117,479950000,879178000),(360,179,84,320,843294000,623577000),(361,1806,900,909,761745000,957200000),(362,697,348,589,84675000,345884000),(363,430,202,365,448809000,335180000),(364,488,231,160,476113000,778809000),(365,1441,722,770,915744000,88715700),(366,556,270,722,225530000,38001300),(367,114,54,893,737310000,164300000),(368,206,99,616,113179000,729623000),(369,685,340,432,865046000,698830000),(370,120,58,33,56103100,374215000),(371,530,254,346,631928000,219879000),(372,569,278,418,842081000,491318000),(373,1418,711,413,776808000,701604000),(375,436,206,923,557843000,378376000),(376,1315,656,804,546567000,499126000),(377,927,463,23,723609000,70858000),(378,1684,841,869,172700000,664064000),(379,599,296,810,289740000,366274000),(380,634,316,651,870534000,340030000),(381,1851,919,978,570748000,906301000),(382,356,173,423,985980000,791109000),(384,515,246,910,442000000,952476000),(385,203,97,354,163067000,496402000),(386,659,328,435,594611000,263354000),(387,228,107,145,924791000,655763000),(388,320,150,739,314884000,520928000),(389,964,484,679,179748000,467621000),(390,423,201,186,386222000,276859000),(391,1449,729,969,527249000,154744000),(392,772,388,155,824189000,426492000),(393,313,145,946,802223000,906292000),(394,698,349,49,893133000,367172000),(395,489,232,858,574328000,948518000),(396,712,356,608,292936000,846861000),(397,557,271,634,934844000,60965300),(398,972,489,414,526817000,824209000),(399,648,324,624,318219000,293381000),(400,1156,577,759,992363000,921901000),(401,743,370,514,60447000,5353790),(402,1782,885,385,119810000,791235000),(403,1412,708,92,281297000,304453000),(404,7,4,74,414962000,169725000),(405,21,11,451,441522000,486809000),(407,1670,831,89,357406000,24078200),(408,242,113,657,804392000,99458400),(409,377,179,758,500828000,862104000),(410,585,290,39,189307000,212166000),(411,315,147,738,257135000,910364000),(412,165,77,428,30804100,703337000),(413,104,49,410,770849000,405419000),(414,1511,763,101,599903000,609245000),(415,533,256,989,184593000,562332000),(416,476,223,826,913023000,132442000),(417,52,26,334,507684000,208762000),(418,1102,549,98,540612000,113669000),(419,1391,699,575,383085000,66615300),(420,1084,544,183,776155000,685119000),(421,420,198,456,620024000,136445000),(422,1135,565,901,912569000,818161000),(423,1308,652,347,320392000,77992900),(424,203,97,897,505396000,256714000),(425,1854,921,868,433747000,945486000),(426,849,422,152,663228000,542977000),(427,178,83,966,956156000,601577000),(428,1180,586,275,776686000,228090000),(429,1066,534,132,187719000,146263000),(430,958,481,114,741364000,450825000),(431,898,448,804,613364000,288055000),(432,570,279,28,928737000,775687000),(433,323,152,321,144893000,118500000),(434,574,282,588,999022000,648543000),(435,38,20,329,549825000,973591000),(436,1485,752,711,421907000,68377000),(437,272,125,863,430383000,845841000),(438,931,466,334,196188000,690274000),(439,1504,759,682,915293000,520186000),(440,921,458,358,936382000,419207000),(441,440,208,716,342760000,714020000),(442,1994,998,499,594178000,577247000),(443,718,359,149,530159000,387991000),(444,830,414,811,55016400,21336600),(445,1770,880,336,482887000,511296000),(446,189,90,263,715009000,176372000),(447,83,43,799,718229000,418276000),(448,1045,527,430,556147000,240795000),(449,561,273,991,548176000,560223000),(450,593,294,77,940650000,751012000),(452,443,209,986,405028000,821943000),(453,24,13,64,360755000,758153000),(454,1873,929,774,320304000,723985000),(455,553,269,528,348788000,3090070),(456,791,393,439,730625000,964491000),(457,107,50,108,460808000,668744000),(458,1138,568,462,461724000,249754000),(459,73,35,65,377111000,321041000),(460,1567,791,529,962647000,976180000),(461,791,393,259,498931000,288713000),(463,461,217,651,180907000,303880000),(465,1793,893,601,725292000,508897000),(466,563,274,203,89968800,40166300),(467,712,356,929,41559500,491882000),(468,62,32,672,308892000,784163000),(469,833,416,67,436405000,54920400),(470,470,220,455,167452000,231434000),(471,997,503,530,995215000,365075000),(472,966,485,181,37942900,952575000),(473,352,172,489,467327000,66719800),(474,1203,601,712,687625000,546430000),(475,1547,779,613,94400400,303958000),(476,1323,663,225,986867000,353720000),(477,1645,822,718,490960000,64070900),(478,1030,518,369,427182000,430443000),(479,328,157,781,332880000,409591000),(480,325,154,923,113223000,324541000),(481,223,105,800,717746000,554961000),(482,1229,614,690,359290000,1351630),(483,540,260,507,683973000,121505000),(484,641,320,541,342066000,15083000),(485,823,410,683,794780000,71853600),(486,57,28,32,328557000,861858000),(487,38,20,378,321598000,183205000),(488,566,277,52,516289000,260095000),(489,495,236,291,963495000,330257000),(490,417,196,558,964836000,448417000),(491,600,297,806,877420000,759745000),(493,626,312,235,481821000,823054000),(494,812,404,743,474316000,247990000),(495,1751,868,655,364640000,920642000),(496,1560,787,969,503000000,483363000),(497,490,233,352,736718000,951108000),(498,1859,925,246,933361000,72199000),(499,692,345,976,957905000,275931000),(500,806,402,828,206744000,450679000),(501,1352,676,78,531675000,236455000),(502,509,244,871,899245000,838796000),(503,242,113,600,655819000,742629000),(504,277,127,569,797989000,535033000),(505,1615,809,230,646017000,82805400),(506,145,69,293,726488000,850030000),(507,25,14,248,413537000,989950000),(509,342,167,590,51403900,847210000),(510,1195,597,554,18498800,647314000),(511,1405,706,640,273306000,682069000),(512,1650,823,841,95453800,205811000),(513,41,21,954,630940000,183491000),(514,922,459,91,841709000,401840000),(515,739,368,892,481700000,300357000),(516,748,373,278,978348000,386599000),(517,642,321,551,828302000,821699000),(518,77,38,236,395754000,75249800),(519,496,237,483,396992000,582916000),(520,1325,664,862,25444200,582938000),(521,483,228,274,906217000,94665700),(523,612,305,263,95562600,514466000),(524,871,430,377,302165000,588550000),(525,1944,967,108,817561000,660331000),(526,584,289,463,44147600,98911800),(527,60,30,415,215074000,846192000),(528,1934,961,879,2102880,909995000),(529,194,92,418,244556000,319103000),(530,1998,1000,407,227800000,389108000),(531,1275,636,993,152249000,110261000),(532,523,250,961,80662200,657166000),(533,1762,874,982,259768000,385798000),(534,48,25,212,623764000,870859000),(535,29,16,133,586273000,625348000),(536,1311,653,168,629955000,514165000),(537,1264,632,386,548963000,255325000),(538,368,175,361,620723000,581266000),(539,833,416,803,546377000,443842000),(540,1667,829,19,140299000,568861000),(541,924,461,419,132191000,648721000),(542,317,148,181,145031000,303711000),(543,294,137,515,966342000,722032000),(544,1550,782,533,79457700,441868000),(545,935,470,377,740817000,401936000),(546,1657,825,416,428257000,348510000),(547,502,240,776,701731000,745522000),(548,180,85,424,237722000,790878000),(549,1231,615,489,301737000,480698000),(550,1529,769,60,715381000,993955000),(551,1493,756,671,921000000,140047000),(552,1390,698,607,129897000,254166000),(553,623,309,726,374369000,196472000),(554,342,167,555,289814000,89400000),(555,743,370,358,922785000,96002700),(556,467,219,486,385403000,847895000),(557,802,400,369,967062000,821265000),(558,1556,785,3,674896000,390468000),(559,1313,654,933,252617000,604765000),(560,178,83,944,793556000,176297000),(561,1602,802,748,38933600,532230000),(562,1011,510,870,956274000,666897000),(563,1158,579,250,767641000,577001000),(564,27,15,337,765272000,577148000),(565,1992,996,736,408487000,716075000),(566,537,258,205,907812000,584076000),(568,1330,667,722,291936000,366210000),(569,1437,719,56,171943000,721498000),(570,793,395,530,938440000,586753000),(571,308,143,95,406093000,642871000),(572,102,48,936,121779000,56078800),(573,682,338,535,95716000,977658000),(574,60,30,346,938977000,857270000),(575,728,363,555,907208000,408209000),(576,1783,886,225,405106000,794815000),(577,659,328,415,475477000,988596000),(578,376,178,934,304966000,45130900),(579,769,386,159,181303000,303393000),(580,670,333,903,633932000,179303000),(581,758,379,810,581049000,244228000),(582,1954,972,579,805947000,298749000),(583,526,251,234,437406000,621672000),(584,175,81,77,588399000,968988000),(585,976,493,291,475545000,301990000),(586,609,303,721,792144000,862607000),(587,1488,753,211,128587000,628004000),(588,115,55,779,754738000,338118000),(589,376,178,397,127175000,823318000),(590,1671,832,384,521729000,170631000),(591,338,165,983,768154000,257526000),(592,400,191,391,357645000,53142500),(593,662,330,567,888004000,61707700),(594,1234,617,298,966922000,133406000),(595,436,206,988,796405000,399869000),(596,503,241,293,416176000,971504000),(597,1852,920,962,724047000,963608000),(598,1393,700,281,349921000,702553000),(599,108,51,934,773258000,43566300),(600,371,177,903,477420000,368909000),(601,378,180,653,828838000,525398000),(602,19,10,100,494891000,741527000),(604,709,353,175,22472500,562170000),(605,289,133,54,232261000,333937000),(606,800,398,332,545894000,765480000),(607,719,360,595,64324700,274145000),(608,1414,709,982,18829000,299819000),(609,971,488,184,966577000,390832000),(610,624,310,761,267531000,340265000),(611,68,34,16,634241000,450410000),(613,506,242,552,14192800,202996000),(614,1463,739,187,471342000,32533500),(615,1115,556,397,180589000,748761000),(616,1617,810,512,191686000,207002000),(617,578,284,671,924816000,692572000),(618,282,130,672,580143000,192557000),(619,324,153,966,201975000,546439000),(620,1215,608,772,893239000,966451000),(621,168,78,777,983744000,382473000),(622,898,448,263,39659200,521613000),(623,80,41,952,834835000,24668000),(624,327,156,576,573654000,60395800),(625,1347,673,985,934238000,381535000),(626,1721,859,70,673547000,565867000),(627,265,122,354,254776000,726156000),(628,624,310,572,753127000,474803000),(629,1154,575,726,583675000,642241000),(630,617,308,966,859105000,197879000),(631,772,388,594,852949000,214911000),(632,329,158,661,692279000,71556400),(634,74,36,353,205473000,516347000),(635,192,91,923,385720000,864310000),(636,1109,554,345,280593000,987338000),(637,1962,977,324,89631100,679008000),(638,1979,990,210,970332000,994413000),(639,1971,984,286,347022000,410169000),(641,257,117,724,655914000,943004000),(642,914,455,276,728873000,901859000),(643,886,440,738,878285000,466267000),(644,503,241,408,307417000,113221000),(645,754,376,576,956677000,810419000),(646,377,179,471,858090000,157901000),(647,147,70,735,874891000,351062000),(648,135,64,878,842538000,682915000),(649,1938,963,9,528572000,324484000),(650,432,204,974,767054000,286482000),(651,1456,735,571,313578000,487152000),(652,1766,877,154,167995000,884214000),(653,119,57,673,561256000,56275100),(654,1446,727,417,935735000,90920400),(655,1071,536,681,352377000,443188000),(656,338,165,630,188605000,213549000),(657,1261,629,608,504223000,763971000),(658,1471,742,718,363758000,308774000),(659,974,491,818,646510000,76182300),(660,1643,821,369,158694000,730542000),(661,481,226,577,588135000,94406200),(662,1930,958,934,618588000,75286100),(663,451,213,976,224392000,689397000),(664,594,295,754,150599000,915401000),(665,1394,701,958,24788100,537938000),(666,548,264,920,78312700,930638000),(667,21,11,940,934819000,773344000),(668,319,149,913,124559000,732307000),(669,520,248,377,55571200,224825000),(670,574,282,833,519677000,594411000),(671,527,252,939,327983000,325683000),(672,948,478,221,930385000,513500000),(673,911,453,930,812888000,291793000),(674,1846,916,955,264485000,829048000),(675,849,422,821,808337000,88473600),(676,682,338,379,509358000,629978000),(677,1795,895,294,409332000,205851000),(678,724,361,670,684678000,585585000),(679,3,2,505,712720000,636077000),(680,1773,882,210,896191000,454011000),(681,1357,679,465,332969000,235825000),(682,380,182,881,817929000,617278000),(683,346,170,406,462124000,183924000),(684,452,214,239,4587840,270780000),(685,693,346,56,840940000,711789000),(686,1531,770,158,262089000,722090000),(687,523,250,524,273349000,486778000),(688,552,268,719,541942000,11513300),(689,1959,975,207,134867000,511184000),(690,608,302,317,123236000,61245100),(692,975,492,238,499786000,39037300),(693,650,325,488,617829000,323141000),(695,748,373,521,119749000,91244200),(696,1754,871,817,441108000,490929000),(697,569,278,938,383105000,580095000),(698,1566,790,421,568021000,976269000),(699,565,276,643,428851000,949587000),(700,210,101,244,249577000,999748000),(702,36,19,229,920401000,192681000),(703,981,495,873,619779000,603834000),(705,246,115,853,364581000,55278100),(706,1342,671,371,454624000,123998000),(707,1369,686,553,746388000,21243000),(709,206,99,817,644448000,402230000),(710,486,229,254,674032000,640423000),(711,610,304,308,543987000,595113000),(712,1089,545,452,17915200,812795000),(713,730,364,305,580823000,455245000),(714,811,403,611,742552000,908146000),(715,1233,616,443,583471000,280220000),(716,1328,665,713,56384500,423305000),(717,561,273,749,131036000,767626000),(718,188,89,93,616513000,42797400),(719,1526,767,383,415695000,437156000),(721,1957,973,491,879761000,969394000),(722,556,270,208,262656000,481610000),(723,593,294,189,24635300,436630000),(724,948,478,931,345897000,191118000),(725,529,253,764,939685000,208163000),(726,81,42,217,188516000,165906000),(727,1792,892,332,289555000,598991000),(728,769,386,959,332813000,849456000),(729,164,76,3,621805000,48019400),(730,507,243,214,170756000,804814000),(732,1897,943,704,625526000,618810000),(733,455,215,683,249786000,636708000),(734,1694,846,477,538129000,346037000),(735,613,306,95,349668000,427246000),(736,1544,778,920,286902000,619728000),(737,337,164,631,415595000,49346000),(738,690,343,124,324731000,223715000),(739,224,106,528,776350000,296004000),(740,585,290,91,55720800,782461000),(741,92,46,524,256257000,291464000),(742,327,156,369,171653000,100195000),(743,773,389,273,235874000,341768000),(744,1624,813,613,278106000,929948000),(745,27,15,313,814381000,104647000),(746,241,112,746,677975000,621482000),(747,431,203,379,301391000,737318000),(748,1122,561,704,338953000,921268000),(750,265,122,623,229634000,905747000),(751,308,143,349,297537000,718614000),(752,602,299,492,147474000,423717000),(753,1298,648,194,748132000,446605000),(754,1921,955,220,69339000,89427100),(755,176,82,3,666780000,900066000),(756,1484,751,904,171304000,382541000),(757,1249,623,815,464047000,269520000),(758,1629,816,829,329147000,425534000),(759,107,50,349,97953300,230233000),(760,488,231,212,687279000,746602000),(761,1989,995,9,189247000,421618000),(762,287,132,408,141138000,141571000),(763,690,343,399,750177000,96219000),(764,124,60,807,300975000,134731000),(765,172,80,780,538444000,622795000),(766,419,197,672,635433000,75123000),(767,1983,992,957,427439000,428492000),(768,932,467,877,262300000,120332000),(769,980,494,353,974689000,96429100),(770,1800,898,947,472465000,670756000),(771,677,336,499,189404000,235921000),(772,966,485,747,60707700,259952000),(773,631,314,729,180330000,358633000),(774,543,262,11,121323000,248046000),(775,408,195,390,251923000,904886000),(776,1453,733,383,885645000,621509000),(777,1320,660,401,707944000,566363000),(778,331,159,53,253007000,474336000),(780,975,492,302,878007000,891828000),(781,814,405,181,777466000,814602000),(782,1551,783,567,289020000,226989000),(783,1510,762,143,538041000,705931000),(785,533,256,690,241464000,909414000),(786,1605,803,560,708706000,672953000),(787,1178,584,187,199150000,474466000),(788,1843,913,369,101417000,801869000),(789,32,18,897,611178000,661369000),(790,932,467,985,399143000,803459000),(791,941,474,206,725074000,943907000),(792,906,451,941,144260000,824393000),(793,563,274,90,28623300,456892000),(794,158,74,520,41927100,295624000),(795,79,40,175,98591300,299420000),(796,151,72,148,934211000,912290000),(797,181,86,377,790202000,251351000),(798,221,104,82,805942000,147022000),(799,379,181,125,331711000,185176000),(800,1768,879,250,373140000,790650000),(801,1614,808,970,530841000,162225000),(802,541,261,844,903339000,450316000),(803,971,488,625,206456000,823316000),(805,815,406,715,375941000,311275000),(806,1482,749,845,639019000,617750000),(807,865,427,365,719701000,932477000),(808,663,331,258,269879000,699613000),(809,143,67,952,164662000,792844000),(810,282,130,85,301569000,102082000),(811,1254,625,672,479101000,344776000),(812,396,190,138,693083000,682094000),(813,352,172,453,551781000,520891000),(814,147,70,825,844870000,698958000),(815,1829,908,122,217264000,413629000),(816,500,238,882,417017000,570737000),(818,257,117,813,484363000,97397300),(819,944,476,718,247191000,85376500),(820,1096,548,306,927785000,385604000),(821,1146,573,506,174192000,908856000),(822,477,224,524,20754300,583025000),(824,520,248,475,199812000,462746000),(825,801,399,917,85138000,478777000),(826,1976,988,519,148688000,924786000),(828,240,111,582,130487000,947121000),(830,841,417,699,931770000,661182000),(831,1267,633,336,546627000,909949000),(833,1993,997,644,115935000,875505000),(834,1703,849,953,667972000,502229000),(835,231,109,284,11649500,859801000),(836,1250,624,459,568724000,491223000),(838,1995,999,265,598919000,449714000),(839,1918,953,453,695229000,320121000),(840,483,228,915,754803000,729302000),(841,1193,595,851,624254000,162463000),(842,343,168,889,433459000,399907000),(843,877,434,568,274455000,289161000),(844,52,26,50,80410500,297661000),(845,1362,682,752,414460000,283179000),(846,1316,657,895,249011000,341298000),(847,792,394,111,35616100,33472900),(849,1179,585,651,912821000,854397000),(850,130,62,56,693942000,598165000),(851,883,438,867,778896000,905293000),(852,298,140,624,921515000,464465000),(853,1424,713,147,714554000,703295000),(854,1113,555,531,322060000,374995000),(855,1977,989,610,117095000,938363000),(856,68,34,214,844452000,318821000),(857,582,287,593,371575000,398010000),(858,164,76,663,686171000,438179000),(859,1290,644,670,229564000,739832000),(860,1818,903,491,30838700,517952000),(861,212,102,303,492431000,520848000),(862,117,56,891,568102000,584528000),(863,693,346,340,477879000,516072000),(864,74,36,405,928351000,285706000),(865,1554,784,874,250493000,660805000),(866,526,251,873,405880000,197113000),(867,687,342,23,281705000,710226000),(868,913,454,171,742476000,182667000),(869,1661,826,342,443346000,389692000),(870,869,428,115,329432000,795166),(871,1448,728,219,688159000,343025000),(872,539,259,868,392402000,975730000),(873,529,253,104,501577000,68998400),(875,674,335,943,649585000,366177000),(876,1358,680,440,857712000,227669000),(877,1242,621,548,791367000,874934000),(878,1789,889,167,464641000,421505000),(879,155,73,408,128495000,44506600),(880,679,337,938,656964000,483257000),(881,606,301,388,814112000,975144000),(882,194,92,839,428768000,896046000),(883,650,325,43,895221000,733640000),(884,1885,937,37,413816000,575429000),(885,240,111,95,250423000,615421000),(886,1599,800,415,365576000,576072000),(887,1269,634,437,70219900,948312000),(888,823,410,892,938844000,217142000),(889,709,353,856,439310000,708002000),(890,629,313,927,996319000,659924000),(891,1297,647,732,674383000,439760000),(892,539,259,17,309539000,622270000),(893,246,115,750,705448000,384904000),(895,346,170,461,156462000,744957000),(896,654,326,660,857279000,753099000),(897,1832,909,460,729361000,704588000),(898,326,155,598,433008000,841610000),(899,863,426,157,996911000,242436000),(900,1936,962,522,443881000,523618000),(901,482,227,42,488395000,673004000),(902,803,401,687,342178000,463863000),(903,451,213,716,691757000,607433000),(904,435,205,559,213909000,791216000),(905,906,451,307,385484000,478512000),(906,132,63,167,759173000,947106000),(907,831,415,726,205825000,63678500),(908,1570,793,875,627813000,317378000),(909,11,7,692,401381000,549852000),(910,610,304,9,442957000,414111000),(911,325,154,940,741650000,889516000),(912,333,161,827,685108000,724265000),(913,1523,766,917,773458000,462190000),(914,401,192,434,142544000,24726600),(915,339,166,832,520926000,899663000),(916,1436,718,985,420119000,757594000),(917,812,404,623,520451000,558996000),(918,773,389,822,15365200,435939000),(919,691,344,932,441365000,806286000),(920,1307,651,513,710799000,164974000),(921,920,457,369,438419000,758369000),(922,108,51,471,735794000,436841000),(923,1462,738,762,957608000,846950000),(924,1939,964,747,726027000,62472600),(925,326,155,202,152818000,485090000),(926,717,358,716,988672000,764016000),(928,440,208,872,656881000,812059000),(929,1509,761,178,790946000,906932000),(930,873,431,517,944905000,829756000),(931,882,437,537,553761000,900326000),(932,935,470,357,46859200,749663000),(933,435,205,806,950416000,796797000),(934,44,23,999,46115200,307300000),(935,1314,655,459,172784000,471938000),(936,625,311,988,459093000,357712000),(937,1705,850,299,263440000,284273000),(938,216,103,404,160448000,271892000),(940,1974,987,788,530824000,535726000),(941,541,261,549,498683000,755352000),(942,24,13,473,768879000,487330000),(943,1606,804,926,46859400,785277000),(944,224,106,306,856737000,56249300),(945,754,376,226,571073000,730751000),(946,142,66,783,100506000,962695000),(947,1075,538,98,482163000,47347700),(948,480,225,699,493053000,943195000),(949,936,471,185,405808000,122592000),(950,476,223,985,12957900,54097600),(951,573,281,576,220195000,638689000),(952,762,382,845,594387000,251289000),(953,1401,705,963,830557000,236005000),(954,75,37,582,507401000,126666000),(955,613,306,334,826849000,864438000),(956,198,95,816,605786000,515037000),(957,896,447,124,704746000,375710000),(958,1672,833,758,537899000,234815000),(959,452,214,640,758820000,818310000),(960,750,374,180,924911000,460573000),(961,878,435,143,434587000,685222000),(962,347,171,277,201307000,3740270),(963,738,367,352,959574000,583989000),(965,1127,564,268,74211300,668916000),(966,460,216,327,817400000,563065000),(967,517,247,329,483319000,546355000),(968,1711,854,466,979771000,437292000),(969,29,16,955,477265000,214246000),(970,420,198,672,838151000,241802000),(971,830,414,502,646476000,943123000),(972,383,184,587,787565000,326264000),(973,1924,956,616,449182000,816755000),(974,1081,543,114,889647000,303937000),(975,877,434,569,599751000,928035000),(976,109,52,881,667508000,880864000),(977,1204,602,191,245429000,388717000),(978,1495,757,715,654407000,55983100),(979,784,391,221,739937000,761115000),(980,1709,853,281,986137000,74240900),(982,207,100,190,235225000,245449000),(983,1243,622,817,893704000,97797100),(984,1119,559,548,852842000,516465000),(985,333,161,686,58232000,388963000),(986,1032,520,609,34622700,46621100),(987,396,190,548,144604000,393543000),(988,850,423,3,264165000,461961000),(989,307,142,845,351443000,902196000),(990,1079,541,691,66860500,775507000),(991,331,159,665,360740000,296642000),(992,1682,839,951,1219850,607513000),(993,1278,639,550,242092000,448918000),(995,1194,596,311,23711600,709880000),(996,1549,781,815,557766000,698279000),(997,1196,598,258,941725000,199034000),(998,777,390,61,572528000,617002000),(999,883,438,522,82074200,181793000),(1000,481,226,472,4589640,895399000),(1001,1474,744,456,195731000,141898000),(1002,1891,940,814,859458000,570135000),(1003,343,168,260,354856000,819227000),(1004,552,268,987,955120000,429718000),(1005,577,283,395,30781800,86263800),(1006,802,400,438,557095000,763062000),(1007,144,68,534,421993000,414786000),(1008,869,428,13,891389000,721873000),(1009,527,252,869,337385000,523243000),(1010,77,38,379,695140000,951127000),(1011,536,257,413,845367000,583459000),(1012,642,321,875,341733000,601298000),(1013,1199,599,12,729324000,607609000),(1014,636,317,482,415974000,877093000),(1015,1612,806,922,69224400,129679000),(1016,1708,852,175,254617000,342455000),(1017,1053,531,503,799948000,792850000),(1018,144,68,702,73842500,520223000),(1019,879,436,502,630573000,980751000),(1020,797,396,219,206385000,410079000),(1022,391,188,808,874321000,957528000),(1023,531,255,135,436490000,767023000),(1024,286,131,65,669536000,225988000),(1025,891,443,979,509814000,693521000),(1026,41,21,509,549359000,292764000),(1027,974,491,349,875818000,239340000),(1028,765,384,187,340887000,98085000),(1029,672,334,209,540159000,518199000),(1030,1952,971,671,432244000,698099000),(1031,1479,748,527,660751000,103164000),(1032,761,381,716,325818000,533630000),(1034,1940,965,25,71846400,210981000),(1035,1579,795,31,650879000,945830000),(1036,404,193,208,233284000,16326700),(1037,1322,662,184,90158600,874989000),(1039,1972,985,591,249410000,444106000),(1040,46,24,121,299641000,520776000),(1041,3,2,84,358302000,933374000),(1042,540,260,717,46126400,396480000),(1043,820,408,841,368784000,218006000),(1044,551,267,101,148637000,888167000),(1045,277,127,988,442127000,157647000),(1046,263,120,160,55718100,586995000),(1047,941,474,353,175597000,495754000),(1048,322,151,156,504473000,828653000),(1049,517,247,529,992718000,846234000),(1050,510,245,368,903027000,237840000),(1051,387,187,871,725906000,434936000),(1052,572,280,304,188440000,573598000),(1053,1067,535,709,305100000,732311000),(1054,272,125,693,500554000,548608000),(1055,401,192,963,88882900,773330000),(1056,261,119,835,349415000,505893000),(1057,1037,523,638,664436000,545826000),(1058,155,73,399,626268000,155640000),(1059,92,46,497,11812400,469819000),(1060,816,407,572,524551000,320610000),(1061,510,245,553,461165000,794879000),(1062,606,301,71,697380000,779954000),(1063,588,291,194,689546000,797942000),(1064,1964,978,102,594507000,647561000),(1065,361,174,206,221907000,513735000),(1066,1790,890,363,625587000,742416000),(1067,730,364,868,784704000,836408000),(1068,686,341,621,300598000,511184000),(1069,384,185,198,875141000,621419000),(1070,16,9,678,697442000,87838900),(1071,294,137,47,783097000,98863500),(1073,378,180,784,809384000,165254000),(1074,145,69,136,316761000,645862000),(1075,1143,571,505,510428000,989698000),(1076,1262,630,8,499362000,825392000),(1077,259,118,352,797028000,238144000),(1079,640,319,460,557049000,278922000),(1080,1872,928,777,713008000,226330000),(1082,59,29,510,407690000,490414000),(1083,515,246,291,693881000,574653000),(1084,698,349,636,323719000,766551000),(1085,1600,801,599,408373000,807337000),(1086,122,59,63,990906000,787432000),(1087,760,380,821,103483000,18331400),(1088,640,319,455,289477000,125873000),(1089,307,142,689,924040000,576974000),(1090,530,254,199,537805000,92579800),(1091,1969,983,580,96518300,98164200),(1092,1706,851,931,218449000,546984000),(1093,492,234,203,448577000,258846000),(1094,1986,994,137,507514000,541583000),(1095,54,27,81,744270000,527866000),(1096,644,322,412,269472000,997257000),(1097,1141,570,247,980011000,947279000),(1098,970,487,248,645258000,690157000),(1099,119,57,856,150480000,808462000),(1100,251,116,297,995534000,950081000),(1101,767,385,357,806684000,84791700),(1102,964,484,604,380594000,272603000),(1103,1455,734,155,820235000,912654000),(1104,1826,906,923,423859000,109161000),(1105,445,210,155,654905000,709128000),(1106,724,361,980,959627000,173550000),(1107,1118,558,348,645343000,762641000),(1108,1537,775,281,387314000,785938000),(1109,31,17,818,279730000,415468000),(1110,1879,933,347,444454000,884022000),(1111,1760,873,99,78841600,795483000),(1112,914,455,401,685321000,829506000),(1113,827,413,682,726511000,825885000),(1114,500,238,822,394417000,726991000),(1115,1174,583,30,185626000,723256000),(1116,816,407,741,126839000,482178000),(1117,543,262,140,930992000,603731000),(1118,196,94,295,500502000,213424000),(1119,271,124,369,853672000,595450000),(1120,609,303,633,195256000,979781000),(1121,1893,941,317,840685000,859418000),(1122,870,429,212,7362820,856290000),(1123,755,377,391,837721000,587395000),(1124,1284,642,397,794146000,793535000),(1125,1209,605,350,488894000,853034000),(1126,421,199,979,318009000,589742000),(1127,573,281,77,533371000,355266000),(1128,464,218,196,617039000,277736000),(1129,347,171,820,584785000,19454500),(1130,1589,798,978,960487000,302899000),(1131,944,476,605,522834000,175387000),(1134,1451,731,739,12858900,321397000),(1135,1903,946,26,774324000,994571000),(1136,186,88,722,625126000,790222000),(1137,656,327,263,925444000,602866000),(1138,480,225,477,352667000,373431000),(1139,531,255,103,182881000,481818000),(1141,756,378,939,374037000,652876000),(1142,893,445,589,421290000,566615000),(1143,685,340,937,230474000,446174000),(1144,942,475,147,910003000,480013000),(1145,566,277,18,656189000,904265000),(1146,959,482,237,244954000,929704000),(1147,879,436,183,598003000,39847900),(1148,963,483,515,829592000,340864000),(1149,1444,725,717,869476000,131001000),(1150,706,352,99,185685000,236988000),(1151,1907,948,581,936485000,259271000),(1152,937,472,274,320835000,225122000),(1153,467,219,44,500509000,10840500),(1155,686,341,352,86018100,516755000),(1156,933,468,938,144798000,785595000),(1157,102,48,220,730090000,607425000),(1158,1047,529,263,774810000,91025000),(1159,756,378,978,662308000,261900000),(1160,634,316,915,703830000,617758000),(1161,1359,681,32,322292000,456196000),(1162,165,77,460,563489000,21220200),(1163,1212,606,295,344466000,875247000),(1164,143,67,289,581988000,512030000),(1165,1258,627,9,727721000,440316000),(1166,1520,765,450,869337000,61967700),(1167,1015,512,440,8222130,301122000),(1168,1716,857,153,851053000,927716000),(1169,1772,881,408,868235000,507525000),(1170,764,383,664,314896000,533909000),(1171,232,110,185,578683000,33562900),(1172,184,87,712,275357000,519204000),(1173,1427,715,278,41877500,451351000),(1174,1906,947,176,913611000,943810000),(1175,1753,870,629,378113000,359491000),(1176,733,365,803,28900800,821027000),(1177,422,200,903,504129000,373527000),(1178,309,144,19,385239000,687913000),(1179,78,39,548,844831000,474341000),(1180,356,173,667,362007000,531869000),(1181,626,312,721,722929000,729677000),(1182,1586,797,684,723442000,291677000),(1183,67,33,319,836821000,916560000),(1184,54,27,511,256943000,664078000),(1185,1188,592,319,656411000,680678000),(1186,42,22,614,365412000,828649000),(1187,815,406,92,763420000,702320000),(1188,406,194,959,510133000,201898000),(1189,762,382,209,196892000,940239000),(1190,296,139,111,37962300,596210000),(1191,876,433,747,670603000,324584000),(1192,976,493,435,915151000,709652000),(1193,1145,572,592,10749900,778418000),(1194,189,90,161,545517000,598007000),(1195,280,129,880,886959000,527777000),(1196,633,315,616,390224000,253220000),(1197,1363,683,807,488993000,557572000),(1198,408,195,825,676073000,850867000),(1199,261,119,359,818873000,644719000),(1200,1925,957,860,614545000,376832000),(1201,908,452,549,512935000,92268700),(1202,114,54,930,117788000,774152000),(1203,744,371,681,24939400,352496000),(1204,163,75,596,163470000,636305000),(1205,799,397,225,331369000,38736300),(1206,717,358,646,773868000,721128000),(1207,264,121,624,501106000,58989900),(1208,660,329,116,311710000,601337000),(1209,1591,799,634,86217600,811009000),(1210,109,52,252,334175000,958422000),(1211,1519,764,181,511458000,463525000),(1212,582,287,373,75326700,609368000),(1213,23,12,707,899212000,924025000),(1214,938,473,470,154502000,66231100),(1215,911,453,528,211570000,132697000),(1216,10,6,494,84603600,71730500),(1217,1287,643,351,740387000,599229000),(1218,583,288,946,807152000,346431000),(1220,1473,743,79,542894000,953302000),(1221,692,345,300,198914000,823846000),(1222,1534,772,71,785202000,595530000),(1223,1356,678,678,570471000,361932000),(1225,739,368,711,840488000,808999000),(1226,656,327,271,194005000,527944000),(1227,934,469,507,636052000,859493000),(1228,320,150,925,776217000,301020000),(1229,1794,894,650,412229000,985902000),(1230,195,93,572,899348000,872294000),(1231,1882,934,20,379904000,874153000),(1232,1674,834,522,818387000,337030000),(1233,1408,707,956,436475000,397273000),(1234,1076,539,759,22683900,262889000),(1235,423,201,13,171722000,164687000),(1237,1270,635,486,995169000,602948000),(1238,1107,553,442,179846000,114427000),(1239,1161,581,466,809802000,103742000),(1240,493,235,400,289813000,586995000),(1241,1655,824,453,626960000,929390000),(1242,716,357,822,332890000,715844000),(1243,192,91,301,576575000,467555000),(1244,1396,703,274,546806000,726519000),(1245,81,42,716,845584000,792097000),(1246,1876,931,584,681751000,87847300),(1247,385,186,843,341815000,414049000),(1248,615,307,91,85590700,8834550),(1249,212,102,1000,670180000,316546000),(1250,1557,786,91,565323000,455338000),(1252,710,354,647,958951000,79012300),(1253,137,65,141,108844000,731563000),(1254,831,415,592,400966000,954499000),(1255,361,174,745,198412,143885000),(1256,601,298,184,745035000,388857000),(1257,647,323,745,208380000,616240000),(1258,1663,828,195,748966000,665209000),(1259,1382,694,148,156663000,4064520),(1260,986,500,716,80451500,689837000),(1261,1775,883,705,94055100,242257000),(1262,1189,593,90,349748000,55238400),(1263,814,405,974,404155000,542237000),(1265,983,497,186,405537000,63720500),(1266,1339,670,826,146082000,189225000),(1267,137,65,784,786691000,312868000),(1268,404,193,577,483697000,686008000),(1269,1739,865,252,496434000,964962000),(1270,853,424,139,973749000,733506000),(1271,132,63,996,987578000,216365000),(1272,719,360,927,38669200,754280000),(1273,549,265,301,854794000,197293000),(1274,750,374,321,648740000,316345000),(1275,767,385,126,581564000,539831000),(1276,241,112,8,712608000,274593000),(1277,1222,609,591,575351000,869843000),(1278,916,456,257,532863,57989300),(1279,1291,645,590,894185000,509842000),(1280,737,366,295,882972000,228404000),(1281,291,134,527,706553000,238969000),(1282,477,224,178,642410000,261904000),(1283,637,318,321,148288000,760148000),(1284,1374,689,329,225878000,561306000),(1285,302,141,835,258740000,524230000),(1286,617,308,855,299584000,33672500),(1287,169,79,157,229278000,398360000),(1288,1464,740,403,564457000,360440000),(1289,1051,530,712,387960000,430922000),(1290,771,387,620,742050000,87443900),(1291,806,402,176,691389000,203534000),(1292,1003,506,153,547184000,80711300),(1294,1207,604,608,444371000,518516000),(1295,1692,845,768,27558700,144168000),(1296,1548,780,183,772103000,396323000),(1297,335,163,29,552225000,452536000),(1298,1137,567,622,344090000,386421000),(1299,148,71,629,73836700,375997000),(1300,104,49,690,548662000,881503000),(1301,1452,732,149,893727000,779692000),(1302,1942,966,817,629339000,626984000),(1303,1263,631,824,190194000,719159000),(1304,702,351,436,244436000,322013000),(1305,927,463,758,333393000,47038600),(1306,862,425,490,363208000,861823000),(1307,1839,911,402,401180000,349788000),(1308,553,269,826,446564000,732585000),(1309,387,187,43,206567000,773465000),(1310,738,367,461,569855000,38914000),(1311,391,188,599,331384000,655811000),(1312,1103,550,538,733285000,115426000),(1313,1621,812,81,412177000,475671),(1314,1719,858,577,375850000,207827000),(1315,1811,902,383,14532500,505689000),(1316,862,425,366,790300000,688215000),(1317,210,101,700,508014000,598343000),(1318,263,120,474,270686000,497655000),(1319,151,72,879,855002000,53298700),(1320,501,239,95,968509000,723139000),(1321,231,109,194,624858000,234285000),(1322,800,398,102,209990000,824714000),(1323,1228,613,274,294310000,692512000),(1324,1883,935,413,745648000,678653000),(1325,75,37,709,977904000,813560000),(1326,544,263,298,424726000,38219400),(1328,1373,688,538,687591000,623270000),(1330,1202,600,411,904743000,867818000),(1331,335,163,83,717854000,734682000),(1332,1123,562,878,992682000,491001000),(1333,691,344,462,149819000,568135000),(1334,1910,949,198,682396000,794221000),(1335,848,421,679,386968000,741397000),(1336,824,411,872,74862900,512244000),(1337,998,504,939,804252000,191180000),(1338,1321,661,813,771727000,298941000),(1339,94,47,527,210130000,966431000),(1340,1031,519,705,344640000,677593000),(1341,885,439,20,179003000,824753000),(1342,169,79,881,432946000,367197000),(1343,4,3,329,826845000,852096000),(1344,711,355,240,829366000,706797000),(1345,1847,917,385,57597400,356079000),(1346,292,135,452,607408000,844615000),(1347,1475,745,461,234677000,152319000),(1348,1241,620,548,828052000,567394000),(1349,594,295,418,923466000,355303000),(1350,994,502,943,499484000,313176000),(1351,1858,924,5,529197000,401519000),(1352,1432,716,551,30559200,24920000),(1353,760,380,577,866572000,82513400),(1354,61,31,741,868806000,823477000),(1355,923,460,551,713787000,260298),(1356,1767,878,308,457077000,713010000),(1357,874,432,720,73922500,153179000),(1359,1662,827,656,426243000,235162000),(1360,844,420,772,536316000,781717000),(1361,471,221,454,593698000,349101000),(1362,509,244,368,483347000,649637000),(1363,564,275,10,690679000,151815000),(1364,648,324,432,227743000,943680000),(1365,549,265,281,560884000,60603100),(1366,111,53,838,634316000,970708000),(1367,694,347,179,73314600,562791000),(1368,1136,566,786,100590000,493479000),(1369,449,212,15,686726000,714834000),(1370,9,5,480,491035000,673388000),(1371,11,7,542,646751000,512755000),(1373,716,357,640,300497000,239821000),(1374,623,309,13,473617000,325517000),(1375,1366,684,577,431030000,953341000),(1376,1336,668,915,307315000,400704000),(1377,57,28,244,681513000,309881000),(1378,1573,794,279,415061000,155676000),(1379,1372,687,888,112102000,842539000),(1380,1867,927,567,372428000,149863000),(1381,1633,818,941,498125000,770710000),(1382,825,412,12,53512800,587217000),(1383,1916,952,526,259627000,791237000),(1384,1077,540,176,946383000,794370000),(1385,873,431,446,232841000,586866000),(1386,471,221,103,404940000,166732000),(1387,747,372,493,172177000,90174200),(1388,334,162,658,674977000,392515000),(1389,1344,672,361,356855000,616071000),(1392,793,395,178,484001000,978216000),(1393,737,366,388,955506000,205102000),(1394,9,5,2,283286000,710765000),(1396,848,421,541,732742000,446599000),(1397,443,209,831,586969000,315988000),(1398,394,189,201,309304000,110892000),(1399,1006,508,478,405614000,728532000),(1400,1121,560,634,754400000,782846000),(1401,921,458,609,667433000,178229000),(1402,633,315,167,396502000,859780000),(1403,784,391,609,925969000,109959000),(1404,565,276,378,768155000,686439000),(1405,790,392,398,827877000,441741000),(1406,949,479,869,914585000,290016000),(1407,885,439,885,783079000,898830000),(1408,973,490,6,633974000,884417000),(1409,1384,695,793,624645000,396786000),(1410,792,394,858,99637300,775823000),(1411,612,305,767,959540000,168430000),(1412,983,497,629,980815000,60193800),(1413,842,418,294,502808000,728032000),(1414,886,440,551,409251000,499822000),(1415,637,318,912,377549000,409842000),(1416,1527,768,865,518793000,691242000),(1417,158,74,925,595404000,688832000),(1418,1805,899,701,281882000,39702800),(1419,934,469,707,500812000,269208000),(1420,1028,516,415,941408000,316547000),(1421,581,286,583,727124000,426676000),(1422,200,96,667,121966000,638909000),(1423,591,292,473,28267900,458865000),(1424,180,85,150,131927000,396016000),(1425,1641,819,759,795523000,260606000),(1426,200,96,783,834930000,700674000),(1427,1967,981,851,610710000,971410000),(1428,1874,930,632,824730000,83669900),(1429,1884,936,882,375518000,341231000),(1430,982,496,480,955367000,454938000),(1431,487,230,150,113566000,906350000),(1432,1631,817,170,792943000,614598000),(1433,1689,843,392,351703000,540293000),(1434,15,8,42,909593000,601896000),(1435,942,475,659,66853000,378873000),(1436,1139,569,135,800641000,654637000),(1437,279,128,668,232029000,143193000),(1439,298,140,568,847310000,71508700),(1440,432,204,823,871140000,102109000),(1441,1095,547,446,990696000,277262000),(1442,1734,861,556,271276000,164468000),(1443,726,362,984,228330000,39335800),(1444,460,216,966,871690000,990833000),(1445,302,141,338,45074200,19781200),(1446,286,131,942,11460100,449344000),(1447,1046,528,841,574377000,706988000),(1448,684,339,428,138484000,871909000),(1449,44,23,324,101823000,157341000),(1450,1033,521,962,880078000,100156000),(1451,1966,980,145,539142000,178893000),(1452,86,45,198,348863000,145394000),(1453,1958,974,639,116167000,387099000),(1454,1965,979,24,853707000,712780000),(1455,1951,970,474,984926000,922452000),(1456,930,465,169,953855000,903539000),(1457,701,350,889,161994000,348344000),(1458,893,445,702,590205000,512175000),(1459,581,286,42,762645000,900151000),(1460,142,66,235,187458000,152935000),(1461,963,483,876,190334000,234283000),(1463,1329,666,175,673645000,513374000),(1464,923,460,480,89630200,954407000),(1465,1461,737,808,547580000,962860000),(1466,1844,914,271,540406000,266198000),(1467,1056,533,817,518387000,760558000),(1468,663,331,276,737440000,144423000),(1469,973,490,647,897461000,245024000),(1470,843,419,622,526870000,541833000),(1471,892,444,934,579101000,599309000),(1472,1736,862,395,306288000,359230000),(1473,23,12,543,339512000,283050000),(1474,916,456,226,807013000,396062000),(1477,684,339,776,210375000,37375100),(1478,591,292,81,611887000,794445000),(1479,1021,514,367,428922000,950232000),(1480,1073,537,450,931704000,195045000),(1481,1476,746,874,396451000,944766000),(1482,1237,618,436,654528000,70836800),(1483,758,379,356,251511000,49065000),(1484,1117,557,98,912321000,294024000),(1485,955,480,6,99634600,443222000),(1486,1277,638,775,468798000,412953000),(1487,1698,847,48,644311000,340954000),(1488,674,335,396,554931000,594899000),(1489,1489,754,931,189614000,849411000),(1490,548,264,700,205931000,70698100),(1491,487,230,918,238831000,431564000),(1492,223,105,102,984800000,440658000),(1493,1625,814,320,146500000,653433000),(1494,1226,612,648,878246000,922939000),(1495,268,123,892,785569000,638484000),(1496,629,313,335,903206000,208994000),(1497,1985,993,436,118632000,250050000),(1498,4,3,549,327472000,379366000),(1500,694,347,1,635765000,97671900),(1501,825,412,96,724266000,748964000),(1503,600,297,250,30657700,825403000),(1504,1820,904,31,602764000,470951000),(1505,1169,582,783,921393000,603310000),(1506,42,22,678,681526000,197222000),(1507,799,397,137,97516400,724154000),(1508,94,47,229,34929600,495000000),(1509,1536,774,605,512134000,956592000),(1510,381,183,441,910276000,373630000),(1511,1738,864,720,48951100,243515000),(1512,801,399,87,311746000,938905000),(1513,181,86,56,336734000,760651000),(1514,1688,842,476,433444000,59821800),(1515,323,152,459,44570300,699243000),(1516,797,396,932,95402100,824940000),(1517,67,33,717,586110000,191592000),(1518,490,233,633,201716000,946299000),(1519,1679,838,649,108501000,412971000),(1520,1765,876,330,13549400,342093000),(1521,1303,649,797,232314000,2174880),(1523,422,200,312,434393000,745022000),(1524,329,158,684,373921000,505158000),(1525,842,418,768,438353000,679250000),(1526,1385,696,123,172687000,331680000),(1527,1186,591,623,628710000,925513000),(1528,59,29,506,569107000,698551000),(1529,641,320,945,758408000,824459000),(1530,850,423,94,686648000,586446000),(1531,1259,628,639,506046000,579567000),(1532,1933,960,669,301840000,601814000),(1533,1294,646,844,911185000,561695000),(1534,803,401,947,598559000,377584000),(1535,929,464,963,888631000,448867000),(1536,1126,563,210,413193000,192371000),(1537,625,311,163,707552000,554999000),(1538,1225,611,218,65919000,355448000),(1539,489,232,648,712312000,796946000),(1540,7,4,497,844100000,418456000),(1541,726,362,572,54916400,31037000),(1542,899,449,570,171159000,117080000),(1543,1862,926,54,979535000,427408000),(1544,179,84,925,60907800,921152000),(1545,827,413,609,147469000,27098000),(1546,718,359,353,145843000,105319000),(1548,406,194,774,547266000,312575000),(1549,1450,730,689,520002000,683622000),(1550,904,450,628,85886400,772643000),(1551,271,124,271,873011000,789021000),(1552,122,59,52,676738000,912764000),(1553,604,300,836,301996000,400769000),(1554,677,336,424,185009000,990057000),(1555,968,486,7,138720000,183756000),(1556,984,498,472,555074000,171683000),(1557,1490,755,904,172428000,12686500),(1558,437,207,205,229423000,956297000),(1559,579,285,784,350316000,910373000),(1560,216,103,153,138029000,7190150),(1561,1562,788,139,202913000,670704000),(1562,1420,712,279,12689300,793705000),(1563,62,32,524,590626000,825686000),(1564,1349,674,168,292858000,259595000),(1565,931,466,138,352946000,468487000),(1566,1377,690,984,115251000,727759000),(1567,1842,912,745,373661000,36214800),(1569,369,176,445,424768000,505778000),(1570,588,291,257,652553000,626447000),(1571,1968,982,972,913511000,320689000),(1572,1417,710,597,255425000,987087000),(1573,1730,860,770,714268000,736214000),(1575,981,495,160,916427000,490875000),(1576,602,299,677,825636000,9478980),(1577,599,296,941,796006000,555032000),(1578,380,182,30,970089000,841719000),(1579,1796,896,250,93109400,968051000),(1580,958,481,540,84514000,999352000),(1581,577,283,651,997241000,825567000),(1582,771,387,105,89013700,603091000),(1583,381,183,575,131461000,443577000),(1585,544,263,640,721626000,567023000),(1586,1785,887,616,737084000,949467000),(1587,925,462,929,929402000,16602500),(1588,461,217,838,475828000,771921000),(1589,244,114,886,547874000,907267000),(1591,1042,525,39,577585000,94901900),(1592,551,267,420,471658000,920986000),(1593,314,146,575,944139000,49697400),(1594,324,153,677,800271000,510672000),(1595,384,185,677,130573000,829168000),(1596,697,348,385,345047000,948966000),(1597,1157,578,66,716469000,114993000),(1598,913,454,105,970848000,350441000),(1599,1626,815,186,77508800,365959000),(1600,1888,938,81,163206000,25283800);
/*!40000 ALTER TABLE `order_items` ENABLE KEYS */;
UNLOCK TABLES;

--
-- Table structure for table `products`
--

DROP TABLE IF EXISTS `products`;
/*!40101 SET @saved_cs_client     = @@character_set_client */;
/*!40101 SET character_set_client = utf8 */;
CREATE TABLE `products` (
  `product_id` int(11) NOT NULL,
  `product_category_id` int(11) NOT NULL,
  `product_name` varchar(50) NOT NULL,
  `product_description` varchar(255) NOT NULL,
  `product_price` float NOT NULL,
  `product_image` varchar(255) NOT NULL,
  PRIMARY KEY (`product_id`) USING BTREE,
  KEY `product_Category` (`product_category_id`) USING BTREE,
  CONSTRAINT `product_Category` FOREIGN KEY (`product_category_id`) REFERENCES `categories` (`category_id`) ON DELETE CASCADE ON UPDATE CASCADE
) ENGINE=InnoDB DEFAULT CHARSET=utf8mb4 ROW_FORMAT=DYNAMIC;
/*!40101 SET character_set_client = @saved_cs_client */;

--
-- Dumping data for table `products`
--

LOCK TABLES `products` WRITE;
/*!40000 ALTER TABLE `products` DISABLE KEYS */;
INSERT INTO `products` VALUES (1,59,'impedit','Provident non nostrum optio at iste. Voluptatibus aut accusantium repudiandae ducimus voluptatem sapiente aspernatur. Minus rerum et enim.',227920,'http://weissnat.net/'),(2,34,'quia','Vel repellat facere exercitationem quibusdam nihil. Corporis dolor laudantium rerum fuga distinctio aspernatur. Voluptatibus tenetur illum ex illo.',449198,'http://www.labadiebashirian.com/'),(3,28,'et','Unde perferendis omnis sed quasi quia neque. Veniam delectus ut eos nesciunt voluptate provident eveniet. Delectus commodi eum explicabo voluptatum dolorem reiciendis. Dolorem laboriosam nulla ullam est.',193616,'http://shieldsbeatty.com/'),(4,32,'harum','Et laboriosam esse sunt placeat perspiciatis consequatur. Fugit laborum repudiandae ad asperiores est impedit. Voluptate ab molestias a iste aut commodi distinctio.',502103,'http://eichmanngrimes.com/'),(5,42,'quo','Officia quibusdam pariatur quia magni ipsam. Voluptatem non qui autem autem tempora facilis commodi. Iste et velit sit earum.',122248,'http://www.schoenhackett.org/'),(6,45,'similique','Veniam ut eos debitis dicta iusto dicta veniam. Eos voluptatem dolore voluptatibus odit quia quo illo dolorem. Doloribus harum error suscipit sequi eveniet esse totam doloremque. Rerum sed maiores nemo aperiam nesciunt aut nulla enim.',890010,'http://batz.com/'),(7,22,'modi','Similique veniam praesentium id earum alias voluptate. Iste magnam et est est. Maiores facere at eius omnis ut ut. Omnis consequuntur fugit velit eveniet.',555058,'http://www.corwinhermann.com/'),(8,94,'voluptatem','Nulla numquam asperiores repellat in excepturi consequatur. Vitae suscipit rerum reprehenderit a dolores. Sit sunt rerum et nostrum facere.',358507,'http://muller.com/'),(9,8,'quasi','Reprehenderit explicabo consequatur dolor et qui. Et rerum aperiam sed aut laboriosam. Asperiores eveniet earum optio beatae.',940658,'http://kleinhauck.net/'),(10,65,'eligendi','Exercitationem a voluptatem numquam dolores ipsa. Qui animi quod eligendi ut vero quod. Sit reiciendis ipsam fuga et.',39920,'http://www.christiansenmedhurst.info/'),(11,72,'eos','Cumque et et totam sunt laboriosam impedit accusantium. Consectetur molestiae dignissimos dolor sint ut enim deserunt voluptas.',617464,'http://rath.com/'),(12,57,'ullam','Earum et magni magni animi rerum deserunt. Tenetur temporibus omnis reprehenderit rerum magni. Quia blanditiis nemo consequuntur nulla aut similique. Voluptatem culpa et est sequi.',524265,'http://www.hermanjohnston.com/'),(13,32,'et','Ut autem vel unde qui aut distinctio possimus. Sed eaque asperiores suscipit cumque aut omnis culpa. Omnis consequatur eum ducimus enim asperiores. Et voluptatem esse sed aut soluta.',4660.41,'http://zemlak.com/'),(14,59,'nostrum','Ipsum nam est laboriosam voluptatem. Aut natus rerum voluptatibus provident quaerat debitis sequi. Beatae ducimus a quas accusantium. Porro aut nulla odio sapiente enim error laborum.',112666,'http://www.mohr.org/'),(15,25,'mollitia','Rerum nesciunt tempore sunt ratione. Iste aliquid tempore placeat. Veniam occaecati et voluptatem ut dolores deleniti optio. Aut sint perferendis quae adipisci corporis aut.',194791,'http://senger.com/'),(16,82,'tenetur','Doloribus atque sapiente odio nam enim. Sequi ea repellat facilis. Et facere dolores veniam quam.',66832.4,'http://www.boyle.com/'),(17,17,'architecto','Omnis reiciendis numquam neque architecto ducimus distinctio. Minima distinctio sed porro magni doloribus dolores vel quos. Neque debitis quasi aliquid.',550820,'http://stanton.com/'),(18,21,'sit','Quasi est magni rerum aliquid nihil eos quae. Accusamus modi vel quibusdam recusandae. Eos quo ea illum veritatis non ut.',565127,'http://beckergerlach.com/'),(19,74,'magni','Vel provident nisi ut possimus amet quod hic. Ullam eligendi tenetur vel. Veritatis ut tempore nulla hic voluptas. Quo quod qui beatae exercitationem vitae ipsam quia hic.',520122,'http://moore.com/'),(20,15,'alias','Distinctio numquam ducimus blanditiis quia minima accusamus ea. Excepturi sit sapiente eum. Odit consequatur non ut. Saepe dolores in magni omnis quo incidunt dolores.',598113,'http://baumbach.com/'),(21,58,'ducimus','Iure eum quo itaque id quidem est sit. Suscipit odit corrupti quibusdam quis sunt perferendis enim expedita.',534291,'http://www.pfannerstillgoldner.com/'),(22,8,'voluptas','Totam vero omnis vel ratione cumque sed. Veritatis voluptatibus ipsum similique. Incidunt mollitia minima facilis et soluta deleniti minus. Autem ut doloribus repellendus voluptates alias.',665140,'http://toy.info/'),(23,1,'sed','Laboriosam fuga fugit ut in vitae dolorem numquam. Amet excepturi cumque fugit a fugiat aliquid ad. Optio explicabo harum quas repellat ipsam molestiae.',109768,'http://www.stehrpowlowski.com/'),(24,62,'sit','Ab quia aut vero magni porro omnis est. Maiores aut voluptatum ut enim. Voluptatum nulla suscipit consequuntur doloremque. Doloremque ea sint illum eos. Aliquid non sed qui numquam.',382060,'http://medhurst.com/'),(25,5,'mollitia','Inventore sequi officia ut temporibus odio. Quia vel illum voluptatibus consequatur. Deserunt asperiores ut quia omnis voluptatem. Mollitia nesciunt maxime sed non minima.',979722,'http://mullermuller.biz/'),(26,86,'rem','Voluptas dolorem sint velit consequatur hic. Doloremque ad consectetur sint impedit nemo quam. Quis quo nihil est est culpa pariatur ut.',26663.8,'http://www.witting.net/'),(27,85,'corporis','Veritatis nam quis voluptate est autem autem tenetur quibusdam. Magni exercitationem officia nam esse vero magni. Ut error ipsum molestiae repudiandae eaque facilis.',158215,'http://friesenruecker.net/'),(28,100,'quod','Eos eos est ipsum vitae aut consequatur. Consequatur itaque minima totam minus iste repellendus. In autem maxime repudiandae qui vitae.',15748.9,'http://www.kuphal.biz/'),(29,89,'distinctio','Inventore eius in vitae iure non et. Ut dolorum rerum mollitia minus sequi. Enim consequatur adipisci officia. Sunt dignissimos velit expedita qui earum.',704771,'http://www.cummerata.net/'),(30,87,'consequatur','Nesciunt fuga commodi optio sed nam tempore dolor. Et eum harum dignissimos similique reiciendis autem vel. Itaque reprehenderit ducimus voluptatum inventore.',48744.7,'http://strosinbotsford.com/'),(31,45,'aut','Explicabo est et occaecati odio voluptates qui. Rerum doloribus nostrum maxime et. Id et ut nihil illum quam sit nobis. Numquam et fugiat pariatur voluptatem.',936071,'http://www.okeefe.biz/'),(32,38,'incidunt','Et quasi ipsam sequi eius delectus. Maiores exercitationem amet non illo aperiam necessitatibus. Vel architecto sunt sed nemo et eligendi.',301013,'http://www.predovicturcotte.com/'),(33,23,'quae','Id sunt animi sit quis suscipit. Eos qui magnam assumenda eum officiis laudantium. Delectus nulla placeat consequatur.',270046,'http://cartwrightlind.org/'),(34,6,'minima','Numquam aliquid vitae quia sint autem. Labore ab necessitatibus non deleniti dolorum aperiam voluptas. Facere ipsum vitae unde necessitatibus. Dolorem amet qui laboriosam sunt et incidunt enim ab.',516129,'http://terrycrist.com/'),(35,54,'rerum','Voluptatem id hic earum suscipit nulla. Et odit id numquam dolor. Inventore rem quo harum voluptas. Veritatis sunt ea repudiandae impedit laudantium aut.',318322,'http://smith.net/'),(36,43,'ipsum','Inventore sit quidem dolor dicta voluptatem. Et accusantium inventore doloremque necessitatibus rerum excepturi nostrum. Provident harum consequatur nisi perferendis omnis qui vel.',699416,'http://www.west.com/'),(37,25,'sequi','Voluptatem voluptatem quod quis inventore. Molestiae aut vitae in magnam quisquam reprehenderit eos. Ex dolorum rerum assumenda itaque architecto alias natus.',419756,'http://www.reichertbeatty.org/'),(38,19,'delectus','Sit impedit voluptas amet at. Animi laborum est cum est eligendi. Quasi eaque similique quaerat dolorem beatae aut.',674281,'http://fay.net/'),(39,18,'repellendus','Commodi asperiores deserunt ut assumenda ipsam voluptas beatae. Assumenda pariatur sed dolores ut quam nesciunt veritatis.',952026,'http://mayertstroman.net/'),(40,21,'enim','Atque debitis iste in voluptas. Est itaque omnis odit perspiciatis exercitationem. Ex quia et quo aut voluptatibus consectetur. Cum occaecati officiis commodi ipsum.',51004,'http://www.kutchgutmann.com/'),(41,3,'eos','Porro quam sed debitis et libero omnis. Deserunt quod accusantium aperiam architecto adipisci ut non. Rem exercitationem vitae qui debitis maxime. Reprehenderit recusandae nesciunt doloribus eligendi cumque qui aspernatur vel.',866304,'http://barrows.com/'),(42,58,'ullam','Sunt nam tempore non. Necessitatibus praesentium facilis voluptatibus impedit quaerat. Est atque qui provident omnis eum cumque. Dolores qui dolores accusamus enim odio minus sapiente.',175728,'http://www.fisher.com/'),(43,41,'qui','Ut consectetur illum ipsam minus autem porro. Doloremque ut blanditiis accusantium illo ut. Deleniti assumenda temporibus ullam id. Quasi veniam magnam qui fuga voluptates fugiat.',582430,'http://kuhn.biz/'),(44,24,'nihil','Eum officiis voluptatem deleniti laudantium provident in omnis. Est sunt distinctio totam ratione assumenda dolor dolor. Perspiciatis minus ut in aut quaerat quis.',746132,'http://www.kautzer.com/'),(45,47,'molestias','Odio fuga fugiat nisi ipsa distinctio. Eveniet sed placeat maiores ipsum ut expedita.',605715,'http://www.spencer.com/'),(46,81,'sed','Ut a aut qui recusandae consequuntur earum occaecati reiciendis. Molestias dolore necessitatibus eum iure ratione aut et. Consequuntur quasi incidunt enim qui. Minus suscipit et quis nihil molestias quaerat. Rem cupiditate minima magni esse et similique.',255651,'http://www.raynor.com/'),(47,5,'facilis','Alias qui ut qui veritatis ipsam. Debitis ut suscipit at in ea voluptatem rerum. Quidem et eos facilis aut temporibus soluta facilis pariatur. Labore rerum blanditiis natus atque sed ab atque est. Autem a et ipsum qui deleniti repudiandae sit.',653997,'http://greenholt.info/'),(48,14,'totam','Consequuntur consequatur a quas incidunt. Hic voluptates est sunt soluta dolorum.',388036,'http://reichert.com/'),(49,39,'ut','Qui quis aperiam ut nulla quo voluptatibus. Quae eos magnam illum odit. Sint illum at ullam consequatur. Officiis est sint fuga neque esse aut.',728233,'http://www.kilbackrobel.net/'),(50,2,'sapiente','Dolores alias exercitationem a sapiente. Quaerat esse distinctio error. Quo facilis aut et est dolor repudiandae natus omnis. Vitae consequatur quia impedit velit qui sit similique.',276950,'http://labadiejacobi.org/'),(51,78,'iure','Illo voluptatem amet alias dolorem. Doloribus alias et eum temporibus ut. Quam odit alias maxime eos eos sint.',310011,'http://www.kuhicmacejkovic.com/'),(52,5,'animi','Nihil recusandae recusandae earum sed consequuntur assumenda. Rerum saepe cupiditate omnis numquam explicabo ratione fugiat quasi. Eos temporibus vitae at facilis.',142088,'http://www.stamm.com/'),(53,25,'sed','Totam dignissimos accusamus incidunt eum. Tenetur et non error modi maiores animi fugiat. Quibusdam et enim eligendi debitis magni temporibus fuga inventore.',429438,'http://hirtheabbott.com/'),(54,25,'sed','Quisquam voluptatem in enim tempore sunt labore qui. Ea autem dignissimos saepe qui. Quisquam voluptatum et sunt.',648305,'http://hettinger.com/'),(55,42,'tempora','Voluptates et laudantium incidunt voluptatem fugiat quidem. Nulla architecto accusantium facilis. Dolorem rem voluptas quia veritatis quibusdam cupiditate dolor.',798968,'http://murphy.biz/'),(56,17,'eaque','Ex aut non rem iusto consequatur provident. Consequatur facilis voluptatem at in. Aut expedita blanditiis at. In voluptatum blanditiis sed rerum.',636493,'http://pacochawatsica.com/'),(57,83,'sit','Quaerat et reiciendis perspiciatis eos quia facilis perferendis laudantium. Totam illo corrupti et culpa ut. Placeat numquam sed sunt rerum sapiente molestiae consectetur.',633505,'http://rutherford.info/'),(58,97,'aut','Doloremque aut veniam incidunt incidunt. Magni quos odit sit tempore minus cum temporibus. Ut eligendi et qui earum sequi. Laudantium similique voluptas inventore nam debitis neque.',275409,'http://www.adams.org/'),(59,72,'quisquam','Tenetur dolores beatae doloremque necessitatibus voluptate quidem. Unde aut similique et laudantium eligendi vel. Voluptatem eligendi expedita nobis deleniti est et.',274060,'http://www.schadenraynor.com/'),(60,4,'et','Vitae aut porro fugit nostrum. Dolorem consequatur ab harum sit sapiente accusantium. Beatae aliquid est error nihil aut sint. Consequuntur voluptate dolorem perspiciatis exercitationem aut.',88758.4,'http://www.strosin.com/'),(61,15,'aut','Reiciendis voluptas assumenda delectus perspiciatis quo voluptate enim. Aut et molestiae numquam at et. Voluptatem porro consequatur consectetur eum beatae laudantium quasi vel. Velit similique qui odio iste nam placeat. Non excepturi voluptatem ut quasi ',112448,'http://www.maggio.org/'),(62,21,'qui','Hic doloremque mollitia quasi eos sit. Dignissimos incidunt accusantium sapiente quia repellendus. Fuga voluptates cupiditate quia voluptatem. Sed illum delectus facilis fugit et accusantium atque.',183286,'http://schimmelrath.com/'),(63,72,'corrupti','Eum molestiae et voluptatum voluptas. Placeat adipisci sapiente possimus excepturi. Doloremque modi sapiente illo.',456686,'http://www.tromprussel.net/'),(64,7,'et','Provident dicta laborum id perferendis voluptas harum. Maiores provident cumque ad libero incidunt.',179041,'http://wintheiser.com/'),(65,34,'omnis','Voluptatibus cupiditate omnis saepe quisquam et et. Suscipit ratione corporis omnis totam pariatur et itaque. Et et illum consequuntur iste perspiciatis modi. Ullam id quasi minima quidem voluptate.',472532,'http://www.ondricka.biz/'),(66,46,'officiis','Ut voluptatem ad enim nihil officiis est. Ea commodi consequuntur sit dolor est nobis. Quia illo commodi facere vitae totam consectetur sit optio. Qui quibusdam quis accusantium saepe perferendis voluptatem sed. Quibusdam laudantium facilis et magni dicta',945194,'http://www.farrell.com/'),(67,54,'et','Dicta doloremque totam quidem ut. Consequatur veniam quo molestiae distinctio voluptas et. Et ab enim debitis sit nobis debitis. Veniam sit aut officiis hic quas velit.',884089,'http://creminkerluke.com/'),(68,96,'sit','Eius dolore asperiores cupiditate iste exercitationem quia impedit. Dolorum voluptas nihil doloremque corporis nam. In cumque voluptatibus non sit non. Officia et beatae facere asperiores reprehenderit quia.',839053,'http://heidenreich.com/'),(69,89,'rerum','Harum et ullam ex ipsum. Excepturi quaerat totam architecto nihil assumenda. Velit amet quidem et soluta qui dolorem. Doloribus sint nemo eos voluptates.',253353,'http://romagueranolan.com/'),(70,4,'quibusdam','Eum impedit in voluptatem provident eaque. Sint ut deleniti deleniti ullam. Enim eveniet et occaecati ea animi et facilis.',288168,'http://harveymueller.net/'),(71,82,'officia','Sunt qui sapiente sunt. Aut tenetur suscipit id mollitia tenetur. Molestiae dicta assumenda natus et ut modi natus. Quidem quis quia sapiente explicabo nihil.',73812.4,'http://www.kuhlmanyost.com/'),(72,73,'dolores','Quasi reiciendis autem maxime rerum omnis. Est est ut quia blanditiis omnis. Sed voluptatum enim repudiandae incidunt in et.',620004,'http://www.weissnatrath.com/'),(73,100,'fugiat','Debitis qui sunt tenetur et. Unde aut hic ab odio qui aut.',384479,'http://www.collierschuppe.info/'),(74,33,'nisi','Fuga aliquid omnis et. Dolor autem aut eligendi non expedita. Aut maxime fugit dolores voluptas ipsum.',643651,'http://abernathy.org/'),(75,99,'quaerat','Aut sunt sint aspernatur rerum et esse. Neque nisi facere unde corporis illo. Fugit ducimus dolorem perferendis et consequatur illum hic sunt.',72696.4,'http://www.denesik.com/'),(76,66,'recusandae','Vel et saepe molestiae dolore et molestias sunt. Ea nostrum eum rem cum unde. At quasi quo libero est sed. Qui totam id quidem sit nihil.',383838,'http://keeling.com/'),(77,49,'repudiandae','Repellendus officiis perspiciatis qui cum omnis similique. Dignissimos consequatur non dolorem voluptas blanditiis perspiciatis. Voluptas voluptas dolores ea earum et.',652639,'http://schamberger.com/'),(78,80,'voluptatem','Omnis similique amet quas quos delectus veniam id. Voluptatem ut alias nemo quia voluptatem ipsum. Qui nostrum voluptas deserunt beatae sed consequatur fugit aut.',481034,'http://halvorsonkub.net/'),(79,95,'omnis','Corporis voluptatibus aut quisquam saepe voluptate et ipsum est. Dolor quasi exercitationem alias esse eius aut. Ab sunt cum quam rem fugit.',928003,'http://www.haagboehm.com/'),(80,96,'vero','Assumenda non commodi voluptatem consequatur ducimus. Eum harum inventore sapiente repudiandae minima natus consequuntur dolores. Dolor iste ipsa maxime. Eaque facilis libero qui.',589982,'http://www.torphartmann.com/'),(81,67,'ratione','Omnis aut nostrum velit et non. Esse et dolore omnis qui autem rem accusantium. Sed doloribus ut consectetur veniam neque ut. Eum voluptatibus quo eum et accusantium velit quidem.',862467,'http://www.hesselhegmann.com/'),(82,47,'officiis','Et sed soluta consequatur earum neque recusandae. Laboriosam recusandae et perferendis mollitia quidem dolor.',376749,'http://www.ankundingstoltenberg.info/'),(83,81,'et','Nobis dignissimos ad placeat quae. Quo labore atque quia ea occaecati quo. Assumenda et ea consequatur exercitationem consectetur. Quibusdam debitis placeat autem repellat officia nihil aut nesciunt. Consequatur tenetur ratione et qui dolor.',98029.3,'http://parisian.com/'),(84,71,'veritatis','Voluptates explicabo facere voluptatem possimus iusto voluptatem quisquam. Non occaecati fugiat in numquam et. Qui recusandae consequatur nulla ipsa dolor quaerat.',726950,'http://homenick.net/'),(85,17,'sed','Illo accusantium aut rerum perspiciatis eos quibusdam. Saepe officiis sed aut sapiente dolor consequatur.',334717,'http://www.bergnaumcasper.info/'),(86,64,'cumque','A vero inventore ab repellat quos rerum autem. Quae assumenda minima esse nisi saepe. Reprehenderit perspiciatis iste autem repudiandae voluptatum necessitatibus. Atque ut soluta doloremque beatae molestiae similique perferendis. Ratione repellat minima a',103192,'http://mayerspinka.com/'),(87,24,'quidem','In placeat omnis ab perspiciatis. Reiciendis at consequatur itaque consequatur aperiam omnis voluptas. Quia earum nesciunt facere eum facilis qui similique et.',730770,'http://www.flatleywintheiser.org/'),(88,36,'quo','Aperiam eaque accusantium voluptates. Nisi consequatur et inventore cumque dolorum. Consequatur sed est autem et sit rerum. Sed omnis deserunt nemo odio dolor non.',918793,'http://www.crona.com/'),(89,1,'fugit','Omnis quia eos officiis aperiam eligendi. Repellat omnis veniam qui rerum soluta. Illum eius vitae consequatur fugit officiis aut. Non doloribus eum quidem nulla et.',121856,'http://www.stracke.com/'),(90,84,'velit','Numquam est autem cumque repellendus. Consequatur assumenda minima voluptatem. Occaecati reiciendis maxime eligendi molestias. Molestias voluptatem dicta perspiciatis vel autem sunt.',13852.1,'http://ritchiekub.info/'),(91,32,'eligendi','Praesentium molestias iure qui. Distinctio temporibus nam recusandae dolore officia. Perferendis earum et corporis quasi aut.',334568,'http://turner.com/'),(92,91,'mollitia','Est est aut ut commodi maiores magnam ut nihil. Voluptates autem dolore ut atque dignissimos. Reiciendis molestias minus porro eos omnis voluptatem. Excepturi ea blanditiis aliquam eum.',632244,'http://auer.com/'),(93,22,'aut','Sint repellendus deserunt id beatae libero quo et. Earum officia et nobis est. Nisi occaecati ipsam dolorem a repellat. Reprehenderit ducimus iusto illo.',737052,'http://www.heidenreichdach.com/'),(94,34,'molestiae','Sed ut nam ipsum dolorum cupiditate. Ab quibusdam necessitatibus est perferendis voluptas ea maxime voluptas. Aut nihil iste aspernatur voluptatibus voluptas repellat fugiat.',222984,'http://prohaska.net/'),(95,70,'expedita','Sapiente temporibus quis aliquam maxime veritatis libero dolores. Eveniet illo mollitia perferendis consequatur nulla doloribus. Quia magnam fuga non distinctio. Debitis reprehenderit rem molestias magni porro.',111865,'http://www.mosciskiherman.com/'),(96,22,'maxime','Eum assumenda eveniet odio nemo ex dolore sit. Et consequatur error et autem aut. Temporibus necessitatibus dolorum autem quia modi. Eum adipisci tenetur unde quae at labore animi deleniti. Iusto porro aliquam incidunt odio architecto dolores.',829297,'http://www.ebertrodriguez.com/'),(97,69,'sed','Qui aperiam pariatur iusto eos eos sit possimus iure. Nulla non repellendus officiis. Aliquid libero error accusamus et placeat quae. Aut dicta rerum consequatur optio maiores unde beatae reiciendis.',740644,'http://windlerweber.biz/'),(98,80,'dolorem','Cum culpa dolores totam voluptatem quia maiores. Sed perferendis praesentium est consequatur cupiditate. Inventore nihil vel nulla earum.',829301,'http://www.vonrueden.net/'),(99,50,'molestiae','Est vitae dolores aliquid atque quia. In aspernatur accusantium excepturi impedit culpa et velit. Ut soluta enim distinctio sint.',667714,'http://armstrong.org/'),(100,18,'voluptas','Velit nisi dolorum et quia dolorum voluptatem. Accusamus itaque rem non odio maiores eveniet hic. Minus excepturi dicta voluptatum quisquam unde sit debitis. Dolore qui occaecati consequatur ratione.',309260,'http://www.kuhic.info/'),(101,31,'voluptatum','Ullam velit error illum et. Necessitatibus reiciendis vel voluptatem voluptatem id dolorum et. Est rerum rerum quas est.',104116,'http://kovacek.biz/'),(102,78,'minima','Quae fugiat cupiditate ipsum numquam quam. Necessitatibus non voluptates eligendi. Repellat delectus aliquid et excepturi pariatur nihil. Eum voluptatem quidem aspernatur.',284693,'http://www.ebertschultz.net/'),(103,60,'praesentium','Quia qui quisquam explicabo tempora soluta ut. Qui veniam ea eum. Sequi dolores consequatur velit possimus laudantium. Rem aspernatur numquam rerum ipsam.',4536.8,'http://zboncak.net/'),(104,83,'at','Illo provident fuga libero ipsum ut dignissimos. Ipsa fugiat vel a. Tenetur velit neque accusamus ut dolor odio inventore voluptate. Provident magnam voluptates quibusdam officia quibusdam. Est culpa aut vel ut est fugiat iusto.',75389.4,'http://www.hills.com/'),(105,49,'earum','Vel rerum eaque laudantium ducimus qui rerum. Eius qui cupiditate necessitatibus. Nihil molestiae omnis consequatur quisquam. Alias et quasi voluptatem nisi voluptas.',810031,'http://franecki.com/'),(106,36,'facere','Facere et quia rerum nemo. Hic voluptas aut magnam ad dolores labore. Ipsum modi veniam excepturi aut.',540227,'http://www.nienow.org/'),(107,66,'eos','Rem illo est laudantium dolorem. Dignissimos id consequuntur eum odit laboriosam. Nam quidem ea cupiditate rerum nihil.',708601,'http://oconner.com/'),(108,86,'inventore','Impedit eos iste deleniti alias enim corporis. Autem ea ut doloribus ducimus voluptas dolor. Qui aperiam aut sequi rerum eveniet saepe iure. Illum nemo ratione placeat neque et earum aliquam.',973674,'http://swift.com/'),(109,84,'reiciendis','Ea itaque ea a omnis delectus aliquid accusamus. Est voluptatem explicabo ad molestiae soluta exercitationem ut. Molestiae autem velit sit. Fugiat rerum iusto voluptatem sit aut consequuntur aperiam.',24218.1,'http://www.kutch.com/'),(110,29,'sint','Qui ullam eaque labore eum veniam. Est illum magnam ut. Assumenda tempore eveniet modi dolorem aspernatur. Qui quisquam voluptatem eum repellat ex nihil ex.',207742,'http://paucekjaskolski.net/'),(111,64,'totam','Dolorum architecto aut et provident est nemo cum quia. Dolore porro in ipsum dolorum. Unde tenetur autem id ea veritatis et.',307479,'http://crooks.com/'),(112,61,'praesentium','Praesentium error necessitatibus beatae blanditiis in est dolorem. Vitae rerum et cum odit ut dolor exercitationem. Aut iure eos quibusdam porro vero ut dolor. Autem aut aperiam est esse.',106356,'http://denesik.biz/'),(113,100,'quis','Ad consequatur dolorem deleniti autem nihil. Dignissimos porro molestiae fugit ab deleniti sed temporibus. Voluptatem accusamus eius nam enim. Possimus aut alias nihil error itaque.',610996,'http://smitham.com/'),(114,97,'vero','Consequatur doloremque eveniet et. Rerum illum quibusdam optio deleniti. Omnis omnis dolorem itaque autem. Voluptatem ea rerum omnis molestiae minus fugiat distinctio.',96568.4,'http://harber.com/'),(115,98,'dignissimos','Et in rerum sed modi est sunt vel vero. Rerum consequuntur dolores tempore ea labore et quod. Itaque voluptatum minima voluptas ad ipsum repudiandae rerum.',295662,'http://kuhn.com/'),(116,74,'magni','Voluptatem exercitationem nam rem dolorum recusandae nulla. Perferendis natus optio ut. Quod consequatur expedita saepe voluptatem ab nesciunt provident. Quae eius aliquam ipsam est dolorem exercitationem voluptas. Optio quia doloribus recusandae.',467736,'http://www.quitzon.net/'),(117,65,'expedita','Magni totam consectetur voluptatem veniam. Amet perspiciatis quidem quod. Et nihil consequatur esse exercitationem sequi eum. Voluptas recusandae modi sunt ipsam.',7643.68,'http://jacobs.com/'),(118,13,'eaque','Suscipit est nisi ut qui. Neque consequatur amet optio maxime occaecati sit. Quia ex atque vel non enim.',583858,'http://gleason.com/'),(119,63,'et','Possimus magni dolorum vel praesentium aliquid aut porro. Sed corporis qui ab nam ut. Voluptate est qui non quibusdam.',198337,'http://heller.info/'),(120,45,'assumenda','Impedit illum laboriosam et quos nostrum accusamus. Recusandae adipisci dolorum dicta assumenda neque eveniet. Vel voluptatem facilis vel a non dolores neque. Natus est deleniti aut deleniti fuga odio.',586658,'http://www.considinehansen.org/'),(121,34,'quibusdam','Harum libero minus odio perspiciatis. Amet vel et officiis et. Quidem qui placeat modi id optio atque dicta.',966701,'http://www.sipes.biz/'),(122,76,'ipsa','Sit consequuntur sint sapiente quia aliquid et. Perferendis quia et deleniti magnam cum. Itaque autem quidem explicabo. Sunt debitis et sapiente et. Sed earum dolorum iusto.',291502,'http://www.parker.com/'),(123,9,'blanditiis','Cupiditate quo ipsam adipisci recusandae laborum. Aliquid ullam et eum quia molestias. Ipsam aut excepturi quos aut sed.',396932,'http://www.nader.biz/'),(124,67,'sapiente','Incidunt a eligendi ad. Totam qui veniam aut officiis consectetur et cumque. Labore dolorem minima magni quia sit magni.',459938,'http://www.littelbeer.net/'),(125,83,'impedit','Esse quisquam quo quaerat architecto vero. Aspernatur placeat sint voluptates possimus at et. Ipsa autem ut optio accusamus odio unde.',191761,'http://www.schoen.com/'),(126,20,'officiis','Dolores enim aperiam aut repudiandae rerum. In ex earum vero nihil nam eos est. Ut cupiditate est odit doloribus voluptatem sit non. Nostrum voluptas dolorem deleniti quia.',614194,'http://torphy.biz/'),(127,51,'ea','Est tempore maiores est recusandae tempora aliquid. Ea aut sit suscipit ut quisquam vel. Excepturi sed rerum debitis quia consequuntur asperiores.',39943.1,'http://schroeder.com/'),(128,47,'ut','Sint quisquam impedit rerum quaerat consequatur rem. Perspiciatis omnis est placeat minima qui.',505199,'http://www.kirlin.net/'),(129,48,'sed','Consequuntur nesciunt architecto a quos. Laboriosam quod rerum sed occaecati nam quam. Qui saepe aut natus unde quia dolore possimus.',296534,'http://bartonfahey.com/'),(130,92,'distinctio','Sapiente vero sunt ut consequatur quo quam asperiores. Laboriosam aperiam iure dolorem non autem. Doloremque commodi explicabo consectetur sit nemo rerum perspiciatis.',252810,'http://cummings.com/'),(131,76,'dolorem','Quod asperiores adipisci animi et quis. Soluta architecto sint laboriosam vel. Accusantium ut ut placeat accusamus optio eum officia harum. Maxime animi maxime dolore voluptatum ab modi itaque commodi.',818536,'http://www.gutkowski.info/'),(132,6,'inventore','Quia sed praesentium est omnis amet eveniet voluptatum. Placeat quis distinctio consectetur laboriosam sequi voluptatem hic. Officia a voluptatem aut incidunt. Laborum totam omnis labore architecto.',844469,'http://www.emmerich.com/'),(133,29,'quos','Labore quod possimus at beatae voluptates quam facere. Molestias qui consectetur itaque porro. Explicabo deleniti voluptates ad repudiandae culpa maiores magni assumenda. Occaecati dolores vitae est.',216711,'http://weberwitting.biz/'),(134,89,'voluptas','Nisi quis aut placeat repellendus voluptas alias. Facilis possimus omnis qui. Commodi repellat quas consectetur occaecati. Aliquid tenetur magnam libero provident id.',961135,'http://www.kunze.net/'),(135,21,'excepturi','Eveniet voluptas officia blanditiis sint dolorem numquam aperiam. Qui odit ducimus sed ut.',538972,'http://haag.com/'),(136,26,'non','Hic aut recusandae eum alias aut sint earum aut. Ipsa autem magni ut corrupti quisquam excepturi. Eos ipsam voluptates sint. Non quia ut fuga ut.',552634,'http://www.rowe.info/'),(137,62,'qui','Qui nemo ut enim odio qui dolor. Voluptatem eligendi voluptatem praesentium expedita et ullam aut sit. Magni enim illum fugit quis. In itaque labore nostrum voluptate ut vel voluptas.',202205,'http://kiehn.com/'),(138,82,'libero','Vero libero molestiae enim eligendi excepturi nobis velit. Minima ullam tempore distinctio. Est est hic delectus ut quidem assumenda.',476063,'http://www.turcotte.info/'),(139,47,'sapiente','Iusto est non doloremque ut neque reiciendis iure. Qui magni dolor consectetur eaque ipsum est magnam. Perspiciatis ea provident ea magni.',374184,'http://www.jaskolski.com/'),(140,25,'vel','Aliquid velit iure nam reiciendis. Voluptas quibusdam facere ut enim repellat sint veritatis animi. Non omnis sed ut. Veritatis corrupti in vitae nobis suscipit.',922603,'http://www.hamill.info/'),(141,57,'provident','Sint voluptas asperiores quas est eos voluptatem id. Modi magnam mollitia molestiae sint itaque. Quasi consequatur officia molestiae eveniet non. Est mollitia praesentium sapiente blanditiis sed reiciendis.',145213,'http://www.emmerich.net/'),(142,99,'enim','Repudiandae qui ab rerum perferendis nihil voluptatibus. Atque at consequatur nemo enim assumenda quis. Corrupti provident earum esse nemo iste. Quia culpa aut praesentium aperiam soluta modi.',12785.4,'http://www.bernhard.info/'),(143,35,'cum','Tenetur expedita sint placeat excepturi expedita voluptas molestiae. Est odit ut voluptatum quia autem et exercitationem non. Quod nihil distinctio explicabo esse. Aut reiciendis quis quam ut.',863606,'http://murazik.info/'),(144,98,'iure','Est cupiditate aut voluptas laborum. Fugiat et possimus tempore illum eveniet dolores. Aut vitae sed debitis accusantium asperiores ratione unde.',926331,'http://www.corkery.com/'),(145,81,'tempore','Quod qui natus eum non nihil repellat. Voluptatem dignissimos unde vel nihil. Perferendis sed cupiditate perferendis distinctio. Dolores est deserunt velit quia sit et ut.',827189,'http://hintz.com/'),(146,36,'dolorem','Adipisci delectus sit facilis sit et vero. Impedit sint ut dolorem. Cum quidem voluptates reprehenderit beatae.',413217,'http://www.millsvolkman.com/'),(147,73,'incidunt','Omnis illum qui ullam. Quae earum possimus autem corrupti nihil est. Molestiae delectus aut nihil est est dolor.',435798,'http://luettgen.com/'),(148,23,'cum','Odio fugit voluptates assumenda beatae magni. Neque rerum eos harum delectus recusandae. Tempore omnis aspernatur incidunt modi aut. Quos quo quisquam sint neque laborum eveniet.',375116,'http://feeneyschowalter.com/'),(149,83,'voluptas','Necessitatibus quis sunt doloremque ex et quis a. Consequuntur voluptatem nostrum blanditiis dignissimos laboriosam enim. Et minima sapiente dolores possimus rerum eum nobis.',585782,'http://www.erdman.com/'),(150,76,'quisquam','Odit error praesentium inventore veritatis nulla quas vero. Placeat numquam autem quia. Omnis voluptate temporibus quod dignissimos et officiis.',315230,'http://www.beatty.com/'),(151,1,'ratione','Fuga nemo dolor illo. Esse dolore hic ea eum. Voluptatum consequatur dolor ad quis.',493707,'http://www.blanda.net/'),(152,84,'facere','Deserunt dolorem eum atque sequi error delectus est. Consequatur qui et totam dolore dolor molestias. Ipsam magni rerum et debitis.',398496,'http://wiegand.info/'),(153,82,'et','Rerum at et consequatur repudiandae enim. Harum dolores officia iusto possimus vitae molestiae sunt. Consequuntur a saepe ut accusantium vel necessitatibus. Dolorem voluptas doloremque distinctio. Assumenda a sit blanditiis est.',848834,'http://www.crist.com/'),(154,63,'assumenda','Ut vel qui quo dolorum rem in aut. Iure nobis nihil aut aliquam. Id iure omnis expedita sint.',767687,'http://www.bartoletti.com/'),(155,30,'delectus','Explicabo reprehenderit alias iste atque et ut et sit. Expedita tenetur sapiente et provident. Nihil libero repellendus totam fugit est dolor. Enim atque repellat totam et qui possimus et.',784344,'http://sporerwyman.com/'),(156,42,'ut','Eos et fugit deleniti nam repellat mollitia blanditiis. Sed qui impedit aut.',747361,'http://jaskolski.com/'),(157,17,'illo','Et eius suscipit non totam omnis omnis voluptatem voluptatem. Dolorem voluptas qui quisquam ut culpa odio. Pariatur autem velit distinctio libero sunt.',515843,'http://kilbackkovacek.com/'),(158,75,'architecto','Quasi quibusdam rerum magnam ut ipsum. Molestias eaque reprehenderit nulla hic harum voluptates repellendus dolorem. Et modi fugit architecto ipsum sit accusantium. Non voluptatem consequatur non eaque quod maxime.',419404,'http://www.mayer.com/'),(159,36,'sunt','Non eveniet excepturi quidem molestiae. Dolorum a ut possimus et consequatur. Perspiciatis magnam quibusdam explicabo quasi omnis sit eum minima.',927852,'http://fritsch.com/'),(160,13,'est','Ut et sapiente tenetur eum neque. Quis sapiente et voluptas et officiis aspernatur doloribus totam. Ut veritatis repellat odio consectetur.',57978.9,'http://www.reichelmarks.com/'),(161,36,'qui','Omnis harum nihil totam nisi consequuntur. Repudiandae dolorum iusto non iste. Et quas natus autem et inventore et. Non dolore placeat in deserunt est adipisci.',651977,'http://www.johnsbednar.biz/'),(162,19,'tempora','Ipsa tempore officiis vero eum nihil. Omnis voluptates id blanditiis esse numquam qui est qui. Consequuntur consequatur dolores dicta voluptatem. Qui sed dicta eum corporis.',730344,'http://www.dibbertbergnaum.com/'),(163,35,'maiores','Autem qui dolorem consequatur optio. Nihil tenetur velit distinctio hic ab. Ut ducimus excepturi sed et. Voluptas facere ea eum.',527065,'http://www.stoltenbergabernathy.com/'),(164,4,'aperiam','Temporibus dolor totam odio consectetur sapiente possimus itaque. Laudantium labore ducimus laudantium culpa alias temporibus omnis. Itaque deserunt ut sed sunt numquam rem aut. Quibusdam voluptatibus qui autem ipsa enim et eaque.',370544,'http://homenickkeeling.com/'),(165,64,'esse','Dolorum neque ut ipsa. Quis et architecto aspernatur non sint. Ea autem consequatur veniam reprehenderit ad debitis enim.',973569,'http://www.ernser.com/'),(166,7,'nam','Molestiae voluptas odit qui nobis doloremque. Eum esse quis eligendi sint voluptas in. Omnis est voluptatem nisi sunt. Quis expedita occaecati ipsum quibusdam.',900952,'http://krajcik.com/'),(167,12,'ut','Ipsam aut pariatur excepturi amet expedita nesciunt temporibus et. Ex asperiores quibusdam modi. Ut ipsam minima non aut.',340504,'http://www.smithamschiller.com/'),(168,70,'quo','Quasi eos cum voluptatem perspiciatis sint nisi. Odio nobis et cum totam quia mollitia tempora. Exercitationem amet ut et. Harum quod eum consectetur neque sint eveniet.',678445,'http://gaylord.com/'),(169,97,'voluptatibus','Aut excepturi sit et qui atque corrupti. Expedita odit delectus amet nemo et aut voluptatibus. Iusto omnis voluptas non nihil. Et debitis quia ut error officia officia. Et ut tenetur ex vel.',293418,'http://mayer.com/'),(170,2,'porro','Quia voluptatem nemo ea et. Quia earum mollitia omnis doloremque autem aspernatur. Voluptatibus est et natus itaque. Rerum repellat eum earum.',467656,'http://gutmann.org/'),(171,24,'illum','Non eius voluptatem in ducimus dignissimos. Fugit enim non delectus ut aut quis iusto. Excepturi soluta labore dolores quaerat. Illum qui quibusdam ut explicabo.',448266,'http://haagpagac.biz/'),(172,52,'culpa','Iste eos qui quos vero maxime quod molestiae aut. Sunt quod sed pariatur quos suscipit. Rerum vero quia dolores qui sed. Et ipsa eos est.',972744,'http://www.trantow.info/'),(173,71,'esse','Fuga id aut itaque sed nihil nihil corporis. Saepe ex facilis quis et veritatis asperiores qui sunt. Dolores laudantium temporibus molestiae harum.',699550,'http://ohara.info/'),(174,43,'recusandae','Maiores sunt amet nobis dolor pariatur. Quasi illum qui temporibus id. Incidunt et beatae nihil voluptatem.',132761,'http://conroy.com/'),(175,98,'ut','Molestias sapiente et sit. Et et deleniti est aspernatur. Placeat sit facere quaerat atque.',462121,'http://greenfelder.com/'),(176,72,'voluptatem','Esse tenetur vel voluptatibus accusantium ullam. Eius enim labore enim molestiae. Dolor beatae consectetur molestiae ut a ipsum. Recusandae non velit quibusdam molestiae cum et id.',117614,'http://www.casper.org/'),(177,74,'voluptatum','Quasi impedit dicta quis officia consequatur. Cupiditate sed ipsum qui amet non animi nostrum. Nulla impedit ipsa quam et.',921825,'http://www.robellang.com/'),(178,99,'perspiciatis','Labore autem repellendus accusamus est ut ex quo. Voluptatem quam quis reiciendis at laboriosam.',758146,'http://www.mertzwelch.org/'),(179,16,'officiis','Natus voluptas enim iste. Quo perspiciatis praesentium exercitationem omnis et occaecati. Autem rerum dolores quis voluptatibus sint. Similique aperiam molestiae suscipit ut tempora.',817392,'http://roberts.biz/'),(180,2,'reiciendis','Tenetur vel sed corporis et ad quo eum expedita. Dolor quisquam aut explicabo ab laboriosam beatae. Architecto sunt eos eum aperiam.',309789,'http://sanfordconn.net/'),(181,8,'occaecati','Impedit aspernatur et sed magnam iure. Voluptatum et vitae id maxime reiciendis perspiciatis. Maxime ullam eos libero voluptatem id ex eligendi vero.',420049,'http://www.gutkowski.com/'),(182,47,'cupiditate','Debitis qui omnis temporibus ab sit saepe deserunt. Minus ut incidunt officiis suscipit perspiciatis. Dolorum quia ullam perspiciatis ut ut quo id. Hic dicta et qui repellat. Quo dolor eligendi in pariatur ex.',169738,'http://www.kovacek.com/'),(183,67,'molestiae','Quia laboriosam reprehenderit eos. Repellat facere impedit incidunt nostrum odio architecto praesentium impedit. Totam est earum reiciendis. Voluptate atque veniam suscipit qui dolor dolorem culpa minus.',509969,'http://sawayn.net/'),(184,12,'voluptatum','Eaque distinctio et in sint atque molestiae esse. Minima iste nulla corrupti dolorem similique.',382920,'http://www.lynchherman.com/'),(185,88,'fugiat','Molestias ex quisquam fugiat repellat ducimus deleniti. Totam optio a et error ut odit. Impedit voluptatem nam aut sed officia commodi. Recusandae rem occaecati sint explicabo laboriosam aut quod.',695008,'http://cassincole.com/'),(186,79,'asperiores','Unde fuga est id nulla eum. Ea omnis quam in iste. Impedit iste beatae libero harum. Asperiores veniam temporibus non ut qui.',959947,'http://darebergstrom.com/'),(187,84,'corporis','Aperiam rerum commodi quam repellat dolorem eum et. Sint enim ab et voluptatibus voluptate ut. Temporibus placeat possimus deleniti omnis. At et qui omnis aut qui.',258664,'http://ziemann.com/'),(188,15,'ex','Totam qui est rerum est aperiam. Magnam quis id odio dolor. Sed culpa dolores quidem.',292045,'http://www.hintzdavis.com/'),(189,42,'fugit','Officia iure aut animi repudiandae. Hic eum debitis fuga quas. Deserunt ea optio libero molestiae accusantium et necessitatibus.',474034,'http://torp.com/'),(190,81,'quod','Ratione et eos sit. Voluptates nam est modi quidem. Ut quasi incidunt neque perferendis enim ad blanditiis. Voluptates provident velit et at odit est corrupti.',750344,'http://kautzer.com/'),(191,72,'ullam','Temporibus molestiae qui placeat sed sit expedita dolorum. Molestiae autem tenetur in et nam esse ut.',375990,'http://www.spencer.info/'),(192,48,'qui','Id aut quas aut velit labore iste dolore aut. Laudantium sint dolor reprehenderit quae omnis non dicta necessitatibus. Non ex perspiciatis sint harum ipsum. Consequatur suscipit eos natus dolores ipsam.',295493,'http://orn.com/'),(193,51,'eos','Unde magni vero adipisci est. Cum veniam corporis illo ut iste aut autem. Sed molestias similique eum dolor.',987855,'http://www.lakin.com/'),(194,66,'in','Nemo natus cupiditate ut quibusdam ea. Odit natus commodi et. Vel quas nam harum iste aut assumenda.',172937,'http://www.beatty.biz/'),(195,72,'sit','Molestias earum illum fuga cumque impedit. Eius dolor dolorem magni est magni. Vitae vel quisquam qui.',191473,'http://www.fahey.info/'),(196,30,'dolor','Consequatur voluptatibus autem illo illo perspiciatis consequatur nemo. Laborum velit molestiae tempore et. Quas provident magni itaque in ut laboriosam dolor.',230251,'http://www.cassin.info/'),(197,68,'libero','Expedita totam quae ut perferendis enim ratione consequatur. Fuga cumque temporibus iure nam. Maxime dolores ea assumenda.',976278,'http://dicki.info/'),(198,41,'voluptatibus','Consectetur rerum consequuntur voluptatem repellendus sint incidunt. Quasi quaerat voluptatem ut inventore. Numquam neque quo ut sit nulla omnis. Sit aut numquam repellat et ad eum.',983755,'http://senger.com/'),(199,45,'quod','Quis possimus quae unde iusto ullam. Dolores dolores ipsam eos commodi. Consequatur nemo quaerat ipsam impedit. Sed reprehenderit ut est praesentium sint id similique illum.',807703,'http://dach.net/'),(200,46,'autem','Eos qui pariatur non cupiditate libero. Aut quod suscipit inventore dolorem explicabo aut non. Modi aut id minima sunt.',581492,'http://www.reynoldshaley.net/'),(201,35,'voluptas','Autem voluptatem in dolores sed repellendus illo. Laborum magni minus officiis aut dolorem et cumque. Doloremque occaecati eius nobis maxime culpa facere quo. Dolores id voluptatibus sequi ullam molestias fugiat cum.',860007,'http://rau.com/'),(202,59,'ut','Harum nam quia eligendi et sint. Veritatis aliquid rerum a quidem error quia corporis. Eveniet consectetur nihil tenetur.',622518,'http://schmitt.com/'),(203,77,'eos','Qui expedita fugiat veritatis placeat sequi. Sed explicabo quis ratione veniam sint sequi. Vero iure asperiores inventore est accusantium. Quaerat rerum occaecati et quia cumque adipisci eaque.',305221,'http://klocko.com/'),(204,91,'dolores','Dolorum consequuntur sapiente rerum ipsam repudiandae maiores amet et. Asperiores maiores voluptatem doloremque voluptatem iure rem. Nihil minima impedit id rem veritatis facilis. Qui repellendus voluptate impedit.',905235,'http://lindgren.org/'),(205,86,'ipsam','Alias quos quisquam qui voluptas omnis ut. Sit maiores aspernatur omnis et aut voluptatibus sunt. Perferendis quos perspiciatis aliquam expedita minima officia.',862885,'http://www.balistrericremin.com/'),(206,15,'eligendi','Perferendis eligendi dolores exercitationem. Magni est dicta et pariatur modi non. Vero quia tenetur nam molestiae repellat et. Sed aliquam omnis rem reprehenderit.',654020,'http://watsica.net/'),(207,23,'praesentium','Incidunt corporis distinctio impedit et enim voluptatem. Sunt placeat ut molestiae eius occaecati. Hic veniam voluptatibus corrupti eos voluptatem velit. Sint quia quia fugit ut provident.',720787,'http://schmitt.com/'),(208,32,'voluptatem','Autem saepe sint impedit ut. Quasi non aut quibusdam dolorem ut harum alias. Eius id architecto quia cumque vel accusamus.',6637.88,'http://www.gerlachtoy.info/'),(209,7,'nemo','Totam voluptas placeat ducimus eaque cumque. Molestiae perspiciatis culpa ut odit veniam expedita. Et et recusandae eos quia velit ab.',43275.6,'http://www.senger.com/'),(210,54,'dignissimos','Dolores deserunt quibusdam eligendi animi voluptas. Amet eius itaque est distinctio cumque.',992810,'http://balistreri.com/'),(211,17,'eius','Ea rerum et sapiente accusantium tempora modi non quos. Libero in facilis velit dolorum quasi. Quidem quia tempora sit quia fuga voluptas.',978221,'http://www.crooks.com/'),(212,24,'occaecati','Et et aut ipsa libero modi laboriosam. Totam praesentium nostrum dolorum rerum ut id. Nihil dolorum architecto dolorem blanditiis laborum. Et nobis dignissimos natus quisquam inventore ut ut.',48378,'http://langmurazik.com/'),(213,69,'quidem','Possimus inventore et provident. Autem cupiditate quia quia error beatae enim omnis. Vel ut et et aut deserunt reiciendis. Totam iste et quaerat optio et. Dolores tempore aut et qui minus quisquam.',404150,'http://cummerata.com/'),(214,73,'id','Ea minus quia hic debitis. Quasi quia dolorum quis esse quod totam quibusdam. Voluptates alias provident rerum voluptas.',540141,'http://www.fadelzieme.com/'),(215,11,'ut','Quis quia sit quia doloribus et veniam quae. Nulla illo sunt voluptates aut facere quos. Debitis eius libero alias rerum assumenda ut unde. Sunt accusantium saepe reprehenderit eos voluptatum perferendis consequatur.',418817,'http://bogisich.org/'),(216,95,'non','Natus animi officiis consequuntur optio. Sint iure consequatur sed quia deserunt optio sed mollitia. Quod libero blanditiis molestias laboriosam exercitationem.',878303,'http://kling.com/'),(217,52,'doloremque','Vel hic eius accusantium perspiciatis illo sed maxime. Consequatur animi sunt est autem. Ipsum ut animi ut quia ut voluptate.',830975,'http://www.quitzonveum.com/'),(218,97,'nostrum','Quos quam earum minima vitae unde dolorem. Fuga esse molestiae at. Itaque nihil pariatur qui dolores rerum quia non occaecati. Expedita libero blanditiis nulla aut officia alias.',120336,'http://www.reichelkuhic.info/'),(219,19,'sit','Quas magnam et quaerat iure. Sed expedita porro officiis et. Odit facere rem quod corporis pariatur.',605169,'http://cummings.com/'),(220,92,'cumque','Illum consequatur error recusandae libero perspiciatis aspernatur sit. Architecto temporibus tempore atque maxime qui necessitatibus. Mollitia sapiente quisquam molestiae et amet soluta. Qui qui adipisci et quam.',388280,'http://www.wiegand.info/'),(221,72,'beatae','Nihil veniam voluptatem necessitatibus excepturi hic ad enim. Omnis quidem ducimus iste aspernatur et qui. Rerum quo neque ipsam suscipit porro.',963832,'http://www.grimes.info/'),(222,89,'nobis','Fugit sunt sed qui nobis explicabo laudantium. Occaecati fuga non a dolorum. Possimus quia laboriosam velit non sint. Dolorem similique aut eum qui. Totam et repellat veniam quia.',598329,'http://runolfsdottir.com/'),(223,70,'impedit','Culpa rerum expedita excepturi accusamus iure non totam. Deleniti dolores vitae porro ut error quia placeat eum. Laborum deserunt id doloremque. Accusamus id eos tenetur.',708286,'http://www.fadelnitzsche.com/'),(224,49,'architecto','Ipsam facere et sint nihil. Qui et repellat eum expedita. Optio eligendi dolores error.',111657,'http://schneider.biz/'),(225,2,'provident','Veniam et quos beatae necessitatibus blanditiis libero. Incidunt culpa aperiam eum itaque fugiat omnis officia dolores. Quos temporibus repellat omnis omnis. Velit quis dolores sapiente a temporibus non ad beatae.',329327,'http://www.bernhard.biz/'),(226,67,'placeat','Ut rerum rerum nobis. Unde ut eius corrupti dolor id. Autem ex voluptate ut quae. Libero voluptatem culpa reiciendis magnam voluptas aliquid. Molestias perspiciatis ea a nesciunt.',802571,'http://erdman.com/'),(227,29,'est','Dolore iste qui et at molestiae ab quaerat. Doloribus magni et nesciunt. Natus fugit laborum laboriosam.',147633,'http://macejkovic.com/'),(228,14,'sint','Culpa nesciunt est inventore explicabo et. Cum magni fuga dolores et quia nostrum. Alias quae rerum et aut explicabo. Hic consequatur magni ea qui vel voluptatem aperiam.',765714,'http://heller.com/'),(229,11,'fuga','Sequi beatae cumque esse nihil quia. Dolores sed natus sint eius quia ipsum. Tenetur et distinctio doloremque sed vel. Illum maiores ex maiores eum cumque.',94413.3,'http://www.quigley.net/'),(230,51,'ea','Repudiandae aliquid fugit sapiente harum illo dolore. Nihil vel consequatur ut veritatis atque. Voluptatibus soluta architecto asperiores. Molestias vero omnis quasi non nihil eos.',393505,'http://www.larson.com/'),(231,9,'eum','Sint placeat et vitae sequi. Aut ratione perferendis aut debitis. Voluptates et enim libero eveniet nisi aperiam voluptate.',991617,'http://schinner.org/'),(232,9,'praesentium','Distinctio necessitatibus et sunt ut modi. Aut velit molestiae in maxime ut qui voluptatibus. Ipsum qui cupiditate voluptatum ut facilis. Incidunt molestias ducimus quo eveniet.',987018,'http://stantonshields.net/'),(233,21,'neque','Non hic harum sint magnam quasi est. Tempore eos nostrum vel ad suscipit explicabo eum. Aut quasi autem doloribus totam ipsa dolorem.',134557,'http://www.schuppe.com/'),(234,3,'iure','Fugiat soluta nisi fugiat dolorem molestiae cupiditate. Architecto cupiditate saepe quam quos sit est et. Sunt et mollitia quis totam.',776317,'http://www.koelpin.net/'),(235,48,'eaque','Et vel nihil quis saepe labore. Adipisci non explicabo similique consequatur veritatis. Repudiandae accusamus velit repudiandae ut.',175920,'http://www.schusterstanton.com/'),(236,2,'ut','In ut vero qui vel sit alias fugiat natus. Sint qui omnis atque dolorum. Quas exercitationem velit sint sapiente qui dolorem. Consequatur dolor dolor est temporibus id.',509638,'http://kunzeschultz.com/'),(237,3,'vel','Cupiditate neque numquam enim impedit. Esse sed corrupti est esse.',285548,'http://olsonwyman.biz/'),(238,50,'eaque','Assumenda doloribus id quos fugit. Perferendis maiores sed dolore ducimus id. Dolor nostrum rerum nihil et mollitia ab quia possimus. Nobis mollitia autem suscipit nobis nostrum labore.',26434,'http://mohrkerluke.com/'),(239,76,'nulla','Suscipit nesciunt id voluptatem praesentium. Molestiae soluta nobis magnam saepe pariatur fugiat deleniti. Iure aliquam architecto vero impedit aperiam impedit. Corrupti harum animi dolores porro. Ex consequatur nesciunt eum molestiae maxime.',979172,'http://dachgoyette.com/'),(240,28,'quod','Ullam quia commodi fuga deleniti modi dolores. Quam nihil ipsum architecto sit voluptas. Sapiente sed ut aut deserunt quae voluptas. Unde est quidem voluptates illum fuga ut.',762558,'http://runte.com/'),(241,31,'natus','Sapiente eveniet ipsum tempore ex et id doloribus. Quia vitae nihil rerum saepe. Illum minus velit delectus esse rem sunt.',920514,'http://www.stanton.biz/'),(242,31,'aspernatur','Provident ea fugit est tempore. Cupiditate qui dicta saepe ea. In cum sunt hic. Sit sapiente dolores dicta soluta.',433014,'http://www.fadel.info/'),(243,8,'expedita','Quae repellat ipsam eius quia doloribus qui ut earum. Dolorem dolorem sed illum perspiciatis explicabo perspiciatis illo. Neque mollitia dignissimos tempore quae quia culpa dolores. Voluptatem ducimus expedita dolor qui incidunt deserunt.',219406,'http://www.koelpinquitzon.org/'),(244,9,'velit','Quia et dolorem perspiciatis assumenda laudantium quos possimus. Aut aliquid id odio id omnis illo.',654816,'http://www.dibbertjacobi.com/'),(245,54,'dignissimos','Rem illo explicabo non quisquam laudantium. Tenetur sit repellat dolores sequi ab.',876671,'http://crona.net/'),(246,20,'ratione','Magnam est sit error. Qui occaecati voluptatum suscipit beatae qui quas quam. Qui quos cum est.',468374,'http://www.bashiriankuhic.com/'),(247,30,'natus','Officiis error sed aut est. Aliquam tempore nam voluptas aspernatur reprehenderit fuga. Necessitatibus quas voluptatum iste molestiae dolorem delectus distinctio repudiandae.',3182.53,'http://www.hilllchristiansen.com/'),(248,87,'officia','Dolor deleniti repudiandae earum quia adipisci rerum. Sint illum quia quis velit atque voluptatum aspernatur minima. Qui vitae et hic tenetur.',202414,'http://www.dickinson.com/'),(249,16,'fugit','Vitae mollitia facere accusantium explicabo in. Nisi et reprehenderit repellat voluptate perspiciatis distinctio saepe. Et aut qui consequatur eos adipisci quod enim.',187126,'http://www.stark.com/'),(250,71,'rerum','Sequi amet voluptatem in illum accusamus cumque dolorem. Aut est consequatur est commodi. Voluptas voluptate et ut. Ex aut ea consequuntur.',502883,'http://dachbeahan.com/'),(251,80,'illo','Assumenda neque nesciunt sit consequatur blanditiis. Nam accusamus et ut qui consequatur pariatur voluptatem explicabo. Fuga aliquid labore repudiandae dignissimos molestiae reprehenderit quis.',666669,'http://www.metzward.info/'),(252,6,'repellat','Aut excepturi aut veniam voluptatem est veritatis eveniet. Quia quia sunt veniam est rerum aut. Non sapiente aut deleniti sunt aliquid.',388359,'http://lindkling.com/'),(253,13,'vel','Fugit perspiciatis accusantium cum quo vitae accusamus. Culpa explicabo et magni earum sed vero molestiae ut. Ex et odit possimus.',964110,'http://lowe.com/'),(254,38,'ad','Asperiores autem temporibus doloremque quia. Ad et qui ipsum. Voluptatum harum expedita nam sunt aut sed ut. Omnis explicabo nobis animi libero iure aspernatur a.',634131,'http://reillywalsh.net/'),(255,40,'omnis','Libero nihil ut voluptates voluptatem consequatur. Est aut ducimus enim sequi. Laboriosam optio rerum atque facilis.',876939,'http://www.pacocha.com/'),(256,61,'est','Voluptatem aut rerum soluta minima. Qui nostrum in incidunt. Quasi non eos ut est. Expedita voluptatem aspernatur voluptate.',715683,'http://olson.info/'),(257,5,'error','Error non et est dolorem sunt velit similique. Iusto impedit impedit eum voluptates eum eligendi consequatur. Aspernatur ut sed velit dolor rem blanditiis.',851111,'http://stark.org/'),(258,89,'dolores','Voluptas aliquam facilis et sint. Eligendi adipisci labore adipisci inventore. Quia repudiandae maxime sed tenetur in. Dolore temporibus aliquam qui est autem fuga.',675929,'http://www.nolanmills.net/'),(259,37,'maiores','Rerum numquam molestiae quisquam autem adipisci laboriosam neque. Ut consequatur assumenda non iusto cum natus. Maiores possimus est non eius dolores sint assumenda tenetur. Maxime dolor error maiores amet rerum culpa ipsam.',382774,'http://morissettezboncak.net/'),(260,38,'dolores','Aut voluptate et quo a. Inventore sint impedit nihil est doloribus aut. Aspernatur nostrum voluptas dolorem accusamus distinctio.',890470,'http://www.christiansen.info/'),(261,29,'animi','Ipsam voluptas tenetur molestiae deleniti accusantium molestiae iure nostrum. Non reiciendis tenetur asperiores. Blanditiis sint dolor nesciunt pariatur qui. Iusto aut fugiat qui hic consectetur aut.',559993,'http://www.mills.com/'),(262,62,'beatae','Odit adipisci voluptate voluptatem. At sapiente iste iure rerum qui. Voluptas optio molestiae harum velit dolores.',87730.3,'http://www.sporeryost.com/'),(263,30,'maxime','In facilis iste vero rerum similique. Magni ut cum mollitia quas quod. Eos unde eaque cumque temporibus a laboriosam beatae officia. Nulla ipsa consequatur necessitatibus qui. Iusto excepturi odit aliquam repellendus aut rerum.',577968,'http://wolfftillman.org/'),(264,22,'qui','Sit sequi nihil sint sint debitis deserunt ut. Cupiditate veniam vero non. Pariatur tempore odit sed. Nesciunt quas itaque sint occaecati deleniti.',479249,'http://www.connwill.com/'),(265,4,'et','Sunt illum ullam rerum sint. Impedit maiores minus neque sapiente libero. Voluptatibus qui blanditiis sit distinctio magnam rerum recusandae.',530665,'http://thiel.info/'),(266,28,'eaque','Dolore est odio vel dicta reprehenderit. Id quidem soluta molestias ea. Harum dolore illo corrupti sed dolor et. Id recusandae maxime et aut.',497887,'http://www.feestbaumbach.info/'),(267,57,'voluptatum','Ullam vel libero enim quidem. Nostrum sit natus aliquid blanditiis quis et quia illo. Sed repellendus quis voluptatem dolores eaque a mollitia.',235629,'http://haley.com/'),(268,79,'dolorem','Consequatur pariatur tempora consequatur. Eum omnis ut optio aut quo cum et.',6325.64,'http://www.williamson.com/'),(269,3,'ut','Cumque consectetur ducimus consequatur tempore minima nemo sed. Quia autem voluptates nihil expedita aliquid aut. Quisquam hic quia rerum ipsum eveniet ad.',399323,'http://www.hayes.info/'),(270,55,'voluptatibus','Tempora sunt impedit voluptatem qui quaerat. Voluptatem veritatis aliquid officia vitae consectetur sit. Consequuntur fuga enim sint ut. Fugiat quia tempora veritatis beatae.',604379,'http://www.effertzstamm.com/'),(271,75,'tempore','Repellat et minus voluptatem ea vel quia numquam. At eaque maxime molestiae possimus asperiores perspiciatis aut voluptas. Deserunt numquam sequi hic culpa. Quisquam pariatur nobis et. Et sit molestiae qui numquam pariatur est iste.',646087,'http://www.heaney.com/'),(272,2,'deserunt','In ipsam et voluptatem qui quo ullam perferendis. Et ad eum laborum minima. Eos culpa omnis fugit rem.',761400,'http://www.ritchiecummerata.com/'),(273,29,'alias','Vero dolorum sunt libero impedit. Veritatis porro eligendi expedita molestiae quo est vel. Ea ipsa facilis dolorem rem. Facere consectetur dolorum dolorem quam eligendi id. Sunt blanditiis laudantium porro.',813783,'http://www.pfannerstill.info/'),(274,55,'mollitia','Aut earum eos aut autem ut. Est itaque aliquid doloremque dolor tempore aut. Facere consequatur nihil quas ea illum.',636225,'http://www.daugherty.com/'),(275,27,'aut','Cum ad eos illum sit eaque officia praesentium. In exercitationem eum qui nemo. Optio alias vitae est id.',913978,'http://www.schmeler.com/'),(276,9,'et','Qui ea ducimus cupiditate deleniti labore debitis ullam. Animi sunt eum non beatae porro. Praesentium quos est quibusdam eum dolor ad non. Ipsam quasi maxime ea perferendis officia velit cum.',836047,'http://colehahn.info/'),(277,39,'nulla','Molestias doloribus ipsa voluptatem eum et. Ullam nostrum a autem ea id impedit. Atque velit nobis doloribus quo quam. Sint et perferendis impedit.',705001,'http://www.reichert.net/'),(278,47,'unde','Deserunt et soluta dolores dolores quos aliquid. Voluptatem consequatur natus rerum itaque non. Iste non rerum nostrum porro. Nobis beatae soluta quia voluptates quo incidunt provident.',913532,'http://schowaltersatterfield.biz/'),(279,10,'necessitatibus','Hic nulla sit repellendus dolorum. Dignissimos alias sit rerum placeat. Ut odit rerum asperiores ut velit et est. Fugit et sunt voluptas fugit est exercitationem porro.',626550,'http://www.trantowchristiansen.com/'),(280,3,'necessitatibus','Nihil qui sed est. Officia nihil amet magnam suscipit voluptatibus. Et aut perferendis porro aut assumenda qui labore.',819932,'http://doyle.com/'),(281,79,'quis','Architecto porro enim saepe sed id aliquam. Suscipit mollitia totam eos officiis asperiores. Labore aut et earum optio voluptatum. Perspiciatis hic ex qui sed.',947034,'http://www.schulist.net/'),(282,35,'ipsum','Et tempore iure quisquam. Doloremque fugiat et expedita mollitia. Laboriosam corrupti deserunt est praesentium sit ea.',434901,'http://www.carter.com/'),(283,37,'facilis','Commodi aut eveniet distinctio sunt. Minima ducimus dolorem et corporis maxime. Dicta sed quis alias deserunt quo.',996676,'http://jacobson.com/'),(284,80,'magnam','Et sit neque provident omnis. Et vero iste ut magni non deserunt velit. Quam in harum sit illum. Aut accusamus similique excepturi rem nihil voluptas vel.',601674,'http://sawayn.com/'),(285,60,'id','Quo enim optio totam maiores expedita consequatur at. Ad quia praesentium et quibusdam nesciunt ut eos quia. Qui nisi dolor harum nemo aut non et quo. Qui nemo ut omnis quis qui.',192681,'http://www.gleichner.com/'),(286,63,'ut','Earum pariatur reprehenderit voluptas magnam eligendi. Nostrum saepe sapiente quis culpa enim ipsum. Veniam occaecati impedit et sit et sit architecto. Minus rerum est excepturi nulla optio. Aut sint eligendi totam est non quam aut dicta.',416963,'http://streich.info/'),(287,19,'consequatur','Est quod sed enim deserunt. Est qui dignissimos provident nostrum distinctio rem. Corporis et dolores dolores.',654224,'http://glover.biz/'),(288,87,'praesentium','Soluta dolores cum exercitationem aspernatur sunt ipsa voluptates. Quisquam ut et rerum porro atque et. Voluptatum asperiores temporibus earum magnam.',933790,'http://crooks.org/'),(289,58,'aperiam','Porro placeat fugit tempore quasi numquam officiis aut animi. Nihil blanditiis perferendis aperiam unde vero et id. In eius ea et enim.',62498.2,'http://www.jacobsonwatsica.com/'),(290,10,'odio','Quaerat ipsa dolores non natus delectus. Consectetur voluptas ut sit dolore ea sit quia. Quia sed expedita nam accusamus. Ducimus est magni natus nobis vel. Quia sed recusandae repudiandae.',884866,'http://www.waterswitting.com/'),(291,42,'qui','Et quis placeat blanditiis labore eveniet. Cum ea est in tempora dignissimos beatae laboriosam. Ut similique ratione est delectus. Dolorem quis sequi debitis nam excepturi est.',103033,'http://wilkinsonheaney.com/'),(292,74,'blanditiis','Ut eveniet omnis nobis dolor in corporis. Alias voluptatem incidunt vel sit aut rerum est facilis. Aut illum sed et inventore quasi aut ut velit.',555442,'http://www.watsica.com/'),(293,61,'aliquam','Ipsam fugiat omnis omnis rerum quia impedit. Tempora ullam asperiores adipisci exercitationem deleniti labore. Laborum est odit veritatis dolore et.',820456,'http://www.gaylordroberts.com/'),(294,76,'laborum','Id ut quia accusantium. Et nihil odit cumque est quia nobis. Sed aut est quasi. Et eos perspiciatis harum et.',141936,'http://www.stammskiles.com/'),(295,84,'perferendis','Cum quasi debitis alias quia. Blanditiis accusamus itaque quibusdam laborum. Quis consectetur explicabo asperiores et. Illo adipisci hic quo dolor. Ea non omnis debitis et.',660656,'http://www.boyer.com/'),(296,79,'commodi','Omnis est qui sapiente omnis esse sint hic. Illo quaerat maxime facilis culpa magnam aliquam error ea.',811787,'http://mohr.com/'),(297,100,'eius','Sit modi sed ea quaerat rerum dolore voluptatem. Mollitia optio ea ut esse est. Ut omnis assumenda delectus accusantium et. Ipsam commodi explicabo enim non quia qui beatae.',380095,'http://www.sauer.net/'),(298,63,'iure','Eius laboriosam aut doloremque delectus incidunt tenetur placeat. Ut et similique quis molestiae eos amet. Ipsam voluptatem saepe error sint quo minus est illum. Incidunt facere consequatur animi.',903894,'http://gutmanncartwright.com/'),(299,62,'possimus','Autem praesentium iure vel inventore sit ex. Magni eligendi et omnis iure in amet qui. Ut ipsum corrupti voluptatem soluta natus.',933436,'http://funk.biz/'),(300,8,'omnis','Exercitationem quibusdam animi nihil debitis accusamus. Alias omnis alias et modi iure ea. Sapiente ab natus eius aut provident. Id a velit ratione ad quam excepturi numquam quis. Omnis odit at quia consequatur dolorem.',958196,'http://kemmer.biz/'),(301,93,'repellat','Voluptate et architecto molestiae. Architecto dignissimos quis velit. Earum totam facilis architecto corporis quia.',888479,'http://www.prosacco.com/'),(302,86,'nobis','Quibusdam quos eum maiores architecto quo suscipit tempore vitae. Voluptate quia tempora voluptas ea. Ex beatae consequatur voluptatum quis. Ex consequuntur enim cum laboriosam dolorem enim tempore.',736367,'http://weimannoreilly.com/'),(303,45,'facilis','Sed qui vero consectetur odit. Quisquam temporibus quaerat harum distinctio culpa numquam tempora.',463632,'http://www.weber.com/'),(304,22,'porro','Eos optio nemo veritatis quis nam dolorum labore. Mollitia fuga sunt neque non. Et ut qui harum in ex quia aut.',357385,'http://koepp.com/'),(305,27,'non','Nisi et iusto sed deserunt quas est. Tempora qui quasi enim est quas. Dolor in quis consequatur. Deserunt ullam ut facere soluta amet consequuntur.',625420,'http://terry.com/'),(306,53,'ducimus','Expedita sit aspernatur commodi ratione mollitia. Sed sint eos ut id neque. Ut in id suscipit. Aliquam fugit eveniet quia et quia tempore incidunt.',269365,'http://conroykulas.biz/'),(307,3,'autem','Iste cumque tempora assumenda et et aliquid. Fugiat ut qui facilis sint molestiae nam voluptatibus. Ut exercitationem quis velit sint.',534952,'http://www.sporerhahn.com/'),(308,60,'est','Et corrupti ducimus magni nihil. Voluptatem dolorem nihil est optio. Animi illum odit eos et. Molestias mollitia quod est consequatur.',190617,'http://heller.com/'),(309,68,'voluptas','Eum vel quas ut sit culpa reprehenderit. Est porro temporibus exercitationem provident nostrum quo. Ipsum quia eos veniam consequatur laboriosam iure. Est corrupti ut sit modi optio.',955087,'http://www.reichel.com/'),(310,48,'est','Quaerat suscipit quaerat adipisci omnis. Eos corrupti explicabo alias impedit maiores ea qui. Aliquam dignissimos soluta est quidem itaque iste.',187562,'http://olson.org/'),(311,64,'sunt','Blanditiis sint ut enim et quia assumenda aperiam. Minima magni accusamus in quia quis et eius. Aut ut quis necessitatibus sit.',503807,'http://www.quitzon.info/'),(312,60,'nam','Similique iusto incidunt sapiente ducimus ducimus nisi corporis. Nam minus rem esse nihil. Et sint tempore et quasi. Esse voluptatum nulla est.',731716,'http://feestpredovic.com/'),(313,57,'ut','Velit facere nam vitae quia nihil eum. Harum quo dignissimos sunt porro. Officia aut asperiores sint nihil nihil similique. Minus sit temporibus tempore sapiente necessitatibus.',159298,'http://daugherty.net/'),(314,98,'quis','Et repellat autem distinctio. Minus quia non explicabo est.',803541,'http://jacobson.com/'),(315,39,'et','Iste ut optio culpa et porro quo distinctio. Sed nisi deleniti cumque excepturi doloremque consequatur. Sit nemo assumenda dolor nihil dolorum.',641093,'http://www.reynolds.com/'),(316,56,'ut','Nihil ut assumenda aliquid et error. Dolor ratione illum mollitia molestias quae. Aspernatur dignissimos nam perspiciatis quisquam omnis. Sit qui qui eligendi ab similique.',551387,'http://bahringer.org/'),(317,58,'assumenda','Saepe vitae porro ut omnis eaque nemo. Quis quis facilis iste vitae hic consequatur sint. Maxime tempore expedita voluptatem omnis quo ipsa.',322849,'http://www.hettinger.com/'),(318,8,'eum','Qui sed velit tempore dicta sit optio eius. Id voluptas adipisci sapiente. Voluptas dolores et quam quas aut quod doloribus dolorum. Aut neque nihil inventore sit possimus.',220111,'http://douglas.com/'),(319,15,'autem','Ab fugit occaecati ut impedit harum modi ex. Quos et ullam asperiores qui exercitationem mollitia nostrum. Rem nostrum aliquam iusto et. Est saepe dolores a voluptatem voluptatem voluptatem.',278212,'http://sanfordmonahan.info/'),(320,26,'assumenda','Dolor molestiae nam veritatis. Dolorum voluptas dolorum nulla beatae in. Quas saepe dolor quasi dolores dolores voluptas eveniet. Eum inventore veritatis commodi excepturi expedita.',38054.6,'http://leschjohnston.info/'),(321,76,'soluta','Placeat sint officiis voluptas debitis sunt nulla quam. Praesentium rerum in nostrum cupiditate vero. Deserunt saepe harum minus dolores.',465558,'http://murazik.net/'),(322,72,'sint','Voluptas voluptates nostrum libero impedit incidunt. Animi voluptatem debitis neque voluptatem. Labore et sequi temporibus ut voluptatem. Voluptas fugiat consequatur ratione.',610806,'http://metz.biz/'),(323,81,'eius','Saepe esse assumenda ad iste autem sit. Est facilis veritatis delectus animi totam. Ut sed tempore quidem totam aut ut. Enim libero laboriosam optio illum omnis blanditiis et.',143450,'http://www.hayes.com/'),(324,38,'nihil','Dolore eum quis nihil corrupti. Eum qui distinctio in aut et cumque. Et ut ullam possimus numquam sit.',17483.2,'http://ankunding.com/'),(325,53,'minima','Sed facilis inventore voluptas veniam mollitia. Voluptas unde enim repudiandae dignissimos at nisi. Quia qui distinctio voluptatem atque. Sit iste illo totam deleniti possimus cumque. Possimus necessitatibus ratione aut quia et quis praesentium odio.',630740,'http://www.andersonsawayn.com/'),(326,64,'numquam','Autem et saepe omnis eaque et voluptas quis. Fuga consequatur sint ipsam aut iusto.',861621,'http://www.denesik.com/'),(327,19,'est','Repellendus dignissimos quo facere sed perspiciatis sit. Qui quia nemo similique quis ducimus aut sed tenetur. Aperiam accusantium sit laborum vero rerum rerum. Quisquam totam perferendis necessitatibus.',716022,'http://www.wilkinson.com/'),(328,28,'sit','Illum sit qui distinctio ut blanditiis omnis officia. Dolor eum deserunt quis sunt et. Et quia molestiae voluptas minus aut necessitatibus.',414522,'http://jacobibeer.com/'),(329,65,'magnam','Dolores quibusdam autem et qui illo odit quas fuga. Autem perferendis et aut vitae ut facere ipsa. Nam accusantium enim maxime sit hic laboriosam quidem.',215558,'http://www.wildermanblick.com/'),(330,54,'reiciendis','Autem at ea eum repudiandae. Et quis omnis fuga excepturi. Autem hic cupiditate ut quia veniam architecto. Provident id natus quia.',980107,'http://starkhagenes.biz/'),(331,84,'saepe','Ipsam id corrupti atque impedit velit et. Similique totam et at non. Corporis magnam iure perspiciatis aut nihil culpa.',161526,'http://corwin.org/'),(332,11,'quaerat','At architecto omnis accusamus dicta vel. Facilis molestiae sit doloribus doloremque et deleniti. Quo optio ducimus est voluptate quibusdam ipsum sed reiciendis. In deserunt officia dolore ut.',681542,'http://kessler.com/'),(333,40,'eum','Accusamus perspiciatis et sint ut quam. Et ullam non qui eius fugit aspernatur. Ut expedita et odit in. Et officia vel consequatur aut quo impedit.',726389,'http://www.bartolettithompson.com/'),(334,29,'deserunt','Placeat omnis omnis sunt. Aperiam eos quia illum rerum sit. Dicta omnis facere qui aliquid reiciendis aut veritatis. Debitis exercitationem quas voluptas fugit ut magni et et.',523799,'http://satterfield.com/'),(335,92,'quam','Eaque aut voluptatem ipsam assumenda. Rem aut aspernatur cupiditate laudantium iusto magnam minima hic. Impedit maiores sit rerum numquam magnam in sapiente et. Id accusamus debitis ea ut debitis sed.',109018,'http://www.wolf.info/'),(336,51,'et','Eum dolor fugiat consequuntur quaerat earum minus quia sapiente. Neque et sint rerum iste velit quo. Deleniti non dolorum minima. Adipisci deleniti amet odit similique.',296591,'http://schuster.com/'),(337,90,'quo','Explicabo suscipit ut reiciendis et voluptas reprehenderit eum. Distinctio iusto corporis saepe voluptatem. Aperiam incidunt excepturi aut reiciendis quasi quasi cumque. Asperiores eligendi eum quasi ut quis ea beatae cupiditate.',539779,'http://www.jastcorwin.com/'),(338,33,'corporis','Consectetur quidem deleniti et placeat architecto dolores. Magnam voluptatem quis itaque illo eaque earum veritatis. Earum velit tenetur quis libero illo.',908775,'http://www.keebler.com/'),(339,74,'impedit','Dolor modi eius ratione odio aspernatur rem saepe atque. Aliquam minus nihil sit sapiente voluptatem. Non ipsum qui quo placeat quam qui dicta.',820677,'http://vandervort.com/'),(340,75,'voluptate','Itaque vel et sed. Tempora doloribus nam voluptatem non. Atque aliquid non distinctio nihil expedita. Sunt at et corrupti magnam. Dolorem officia quo nemo omnis occaecati.',222806,'http://www.kulas.biz/'),(341,61,'aut','Odio vero dolor nulla commodi autem. Modi unde dolorum facilis dolorem omnis aspernatur. Quod ad et et occaecati aut praesentium. Sed laborum omnis quas est voluptates sit.',719057,'http://www.schimmel.com/'),(342,47,'voluptas','Expedita non voluptas optio aut possimus. Vel aut omnis aut in itaque sapiente. Ipsa deserunt minima ad sunt in fugiat quae voluptatem. Optio omnis consequatur ut iusto corrupti quod. Aspernatur mollitia nesciunt quis corrupti ut.',100112,'http://bernhard.com/'),(343,25,'accusamus','Aut non debitis earum. Voluptatem ipsam sit quod ipsam sed. Quis nemo debitis incidunt modi dolores.',392079,'http://www.sawayn.biz/'),(344,98,'blanditiis','Repellendus omnis saepe laborum rerum ut. Distinctio sapiente sunt beatae eaque mollitia exercitationem praesentium. Deserunt explicabo unde iure magni et quisquam occaecati suscipit. Quos qui vitae eligendi temporibus accusantium omnis.',760675,'http://windler.biz/'),(345,11,'suscipit','Praesentium temporibus aut sit aut quo sit. Dignissimos vel iure cupiditate ea voluptas vel. Numquam omnis maiores facilis qui fugiat officiis in. Sint reiciendis similique aut similique doloremque.',111027,'http://www.weissnat.com/'),(346,95,'commodi','Voluptatem aut natus in corrupti molestias. Recusandae omnis aut ut accusamus ut similique et delectus. Est vitae accusantium aut soluta facilis sequi fuga.',765077,'http://www.blandagreenholt.net/'),(347,74,'fugit','Unde harum numquam dolores explicabo id atque molestias. In aut nulla harum. Asperiores repudiandae harum error ipsam aut.',185077,'http://www.veum.com/'),(348,56,'quo','Sit quos veritatis nam sed aut et nesciunt. Consequatur optio doloribus omnis distinctio tenetur qui. Quia suscipit aliquam in iste aliquam. Atque in dolorum distinctio eveniet.',481041,'http://www.hartmann.com/'),(349,36,'sed','Est dolorum nisi amet voluptas eum ut delectus voluptate. Quia tenetur illum commodi tempore soluta quae sed. Quos consectetur ipsum assumenda error eveniet beatae.',324257,'http://walsh.biz/'),(350,73,'voluptas','Sed quas vel modi doloremque incidunt. Cumque quia itaque aut accusantium voluptatem amet odit ut. Molestias sit alias sint voluptatem itaque.',4528.7,'http://www.kub.com/'),(351,64,'adipisci','Voluptas accusantium deleniti corporis quod sunt consectetur. Est sed est et. Voluptatem rerum vel blanditiis. Possimus harum rerum ab nesciunt eveniet mollitia vel.',999331,'http://www.predovic.com/'),(352,21,'repellendus','Est corporis similique culpa voluptate deserunt. Nostrum est distinctio adipisci praesentium atque repudiandae. Eius molestias molestiae et repellendus. Aut aut incidunt voluptates dolorum doloribus.',242364,'http://koelpin.com/'),(353,20,'magnam','Perferendis culpa laborum nihil est tempora. Et deserunt dolore repellat doloribus odit temporibus quis. Possimus eum dolore et tenetur cum. Aliquid labore esse rerum quis quas ducimus.',501267,'http://spencertremblay.com/'),(354,11,'aut','Dicta deserunt iste autem ipsa. Rem maxime quae molestiae non. Praesentium vero iusto qui.',209989,'http://conn.biz/'),(355,92,'voluptatem','Modi nobis et voluptatem quo. Atque nostrum et nesciunt neque. Exercitationem deleniti corrupti quisquam modi quod.',111919,'http://runolfsson.biz/'),(356,37,'error','Et libero omnis totam in voluptatibus atque mollitia. Omnis quo placeat aut quas deleniti perspiciatis. Quasi recusandae suscipit ut adipisci. Est ipsum quia quia autem facilis dolor natus fugit. Ipsa dolorem explicabo mollitia molestiae repellat.',661542,'http://ruecker.com/'),(357,58,'veniam','Modi in consequatur nulla sed dicta. Illo illo quos eveniet maiores cupiditate laboriosam aliquam. Nisi harum quas animi voluptas ratione voluptatem assumenda sint.',934405,'http://www.berniertremblay.org/'),(358,58,'aperiam','Facilis eius ipsam qui. Sit enim animi ut deleniti id minus. Incidunt quo corporis dolores commodi. Qui et unde consequatur ea beatae.',365454,'http://kuphal.info/'),(359,55,'ea','Dolor omnis voluptas voluptates. Veritatis qui eveniet inventore totam. Error sed aut non repellendus magnam.',640155,'http://miller.com/'),(360,77,'illo','Tempore corporis facilis et omnis. Sit voluptas facilis vel vel quasi vero asperiores. Nam est quas ut nihil commodi ab itaque. Qui est debitis eum.',57881.6,'http://www.herzogbarton.info/'),(361,14,'quis','Qui non aut voluptatibus illum aut. Sed repellendus omnis dolore expedita nostrum qui. Aut voluptatem hic quod architecto quis. Natus aut possimus nemo ut rem.',674416,'http://hilllbreitenberg.com/'),(362,41,'nesciunt','Dolore et consectetur similique sapiente. Quia aliquid quia qui omnis earum. Porro iure explicabo a qui. Fugiat sint nemo eos itaque.',581486,'http://www.hudson.com/'),(363,50,'ut','Non consequuntur corporis eveniet. Dolore voluptatem commodi mollitia est ipsa dicta. Qui in sint sunt saepe voluptatem.',453749,'http://www.luettgen.org/'),(364,72,'non','Accusamus et iure dignissimos minima accusamus. Veritatis nihil voluptatem ut nihil aspernatur. Pariatur vel consequatur vel optio dolores inventore.',665219,'http://boehmrempel.net/'),(365,86,'sunt','Laborum aliquid pariatur nihil quisquam voluptatem voluptatem aut. Molestias tempore consequatur aliquam optio. Mollitia nesciunt ut veritatis perspiciatis qui magni.',198452,'http://www.rohan.biz/'),(366,83,'aperiam','In et molestias veniam in accusantium maxime iure amet. Omnis est atque dolorem id.',778437,'http://schneider.net/'),(367,16,'beatae','Rem enim et tempora vel sunt et quis fugit. Nihil quisquam esse unde aliquid aut aut illo est. Non voluptatibus eum atque voluptas praesentium possimus non possimus. Quaerat similique sit odit dicta sed eius voluptatibus.',353496,'http://russelhagenes.com/'),(368,1,'fuga','Placeat repellendus possimus quasi exercitationem. Corrupti sed enim quod est. Sit minima quia aut consequuntur quos molestiae ut.',809382,'http://langworth.biz/'),(369,9,'aut','Ut expedita aut expedita aut. Provident voluptatem laudantium quidem rerum culpa. Architecto minus delectus delectus totam nam nam.',491555,'http://www.jacobs.com/'),(370,53,'nihil','Eos rerum quia fuga adipisci nihil dignissimos autem. Laboriosam quos cupiditate non autem mollitia. Aspernatur eveniet repellat amet fugiat dignissimos.',897509,'http://www.stracke.com/'),(371,18,'sapiente','Illo doloremque dicta quasi quis. Voluptatem autem atque ut ut aut repellat. Quia recusandae et similique ipsa quo fugiat.',532219,'http://www.berge.com/'),(372,10,'natus','Iusto dolores quo veniam et. Beatae adipisci vitae voluptatem atque eius occaecati. Tenetur omnis iusto qui quae non sint. Tempore et et minus facere porro fugit.',402666,'http://beer.biz/'),(373,35,'aut','Qui et nulla est aut quia nihil quasi. Sed temporibus est tempora eos sed beatae nisi. Nesciunt delectus aut quam. Iste voluptatibus voluptatem aliquam quae saepe ducimus nobis.',975255,'http://www.bartonbruen.com/'),(374,46,'delectus','Tempora delectus vel aut. Perspiciatis quasi atque dolores rerum. Sunt aut et earum iusto ea sed non. Odio necessitatibus reiciendis rerum corrupti nam. Nulla suscipit minima pariatur qui tempora deleniti.',351883,'http://daughertykassulke.com/'),(375,98,'amet','Ut dolor aliquam et est minima id neque. Laboriosam laudantium et minus quae vel debitis est. Inventore in esse velit sunt. Earum similique reiciendis vero facere saepe temporibus.',640533,'http://schadenrowe.info/'),(376,52,'architecto','Nihil qui ullam aut consequatur. Fugiat corrupti dolore saepe assumenda. Ut hic soluta rem sapiente. Alias illum molestias magni illo ut rerum.',22208.6,'http://smithritchie.com/'),(377,84,'sequi','Est fuga ad aut quod minima magnam. Aliquid quibusdam et quo distinctio accusamus consequatur fuga. Molestias voluptatem mollitia nihil nihil sed. Voluptas facilis ipsa exercitationem.',178718,'http://erdmandickens.org/'),(378,57,'illum','Quibusdam suscipit libero et corrupti odit dolore et. Repudiandae natus culpa dolorum quis consequatur ut sit. Exercitationem reiciendis ullam officia cupiditate laborum dolor adipisci. Sint accusamus et perspiciatis sit vitae.',436595,'http://abshire.com/'),(379,96,'tenetur','Ratione dolor est libero fuga. Ut commodi ducimus fuga voluptas praesentium. Laboriosam ut eaque qui possimus deleniti occaecati. Unde consequuntur quis rerum possimus voluptatem aut tempora qui.',693823,'http://www.boyle.org/'),(380,6,'aliquam','Magnam qui id et ea omnis optio voluptates velit. Aut laboriosam et sit. Alias ut est ut sed. Dignissimos est et occaecati et reiciendis suscipit distinctio quia.',933201,'http://emardkiehn.org/'),(381,14,'aut','Eum quam esse debitis. Nesciunt vitae deleniti iusto error rerum. Ipsam harum vel et. Commodi et praesentium impedit harum aut eos.',81633.5,'http://hand.com/'),(382,63,'vero','Aspernatur et dolore vitae deserunt in illum. Ut iure nisi minima dolores nam. At sed dolores officiis impedit earum et in. Est ipsa non asperiores ad eveniet esse.',634065,'http://quitzon.net/'),(383,70,'dolores','Dolorem ullam et praesentium quis modi id. Sint fugit facere qui accusamus molestias eligendi optio error. Ea in aut molestiae molestiae odio quas temporibus. Incidunt numquam maiores praesentium necessitatibus consequatur deserunt.',270081,'http://wildermanbrown.com/'),(384,64,'sit','Illum similique et provident et libero. Dolorem qui dolorem sed ipsa aut aliquam ab. Fugiat consectetur vel ut quod ut nulla. Et saepe amet quis qui deleniti.',237730,'http://wunschkub.org/'),(385,82,'consequatur','Sed et atque quas reiciendis dolores quam. Est excepturi qui ea quam quia. Consectetur delectus sit commodi repudiandae. Quia dolor iure error qui tempore earum. Nesciunt ut nostrum tenetur unde harum veritatis voluptatibus.',533616,'http://www.predovic.biz/'),(386,17,'ducimus','Illo facere sint labore qui et voluptatum et aut. Alias omnis porro iure et modi. Esse labore et ut aliquid quis distinctio adipisci pariatur.',389809,'http://www.feeney.net/'),(387,90,'accusamus','Deserunt qui nulla sint vero. At reiciendis repudiandae quidem porro voluptates ea. Non culpa autem qui omnis aut quod.',395163,'http://www.moore.biz/'),(388,88,'qui','Commodi incidunt iste consequatur ipsa quis dolore. Dolor distinctio consequuntur quia voluptatem explicabo eligendi tempore. Eius eum expedita distinctio et.',876198,'http://schultzkassulke.biz/'),(389,31,'similique','Sit repellat tempore aut cupiditate error ut est. Vitae qui voluptatem id quis tempora.',198647,'http://bayer.net/'),(390,51,'et','Nulla sequi culpa et nisi nisi et. Perspiciatis sequi aliquid similique molestiae autem consequatur voluptatibus. Molestias animi eum ea. Dignissimos placeat velit autem ratione molestiae odio molestias.',973891,'http://www.muller.net/'),(391,49,'blanditiis','Ipsam id tenetur voluptate aut. Ratione quis fugiat non et molestias cupiditate molestiae. Ipsa temporibus quidem vitae quibusdam.',819469,'http://www.dibbert.com/'),(392,36,'non','Doloribus delectus tempora tenetur nostrum excepturi asperiores nostrum et. Eos sit et ea ipsam aut quod fuga porro. Et enim labore nihil. Odio accusantium sapiente quas quos numquam quia velit.',18684,'http://yost.com/'),(393,53,'ipsum','Nobis voluptas qui rerum totam et totam in iure. Aut tempore nostrum assumenda eum saepe recusandae suscipit.',973950,'http://www.prosaccowatsica.org/'),(394,29,'et','Natus qui dolorem ut et ea. Dignissimos fugit aspernatur molestiae cum tenetur molestiae. Dolor et dolor eligendi qui.',597238,'http://www.deckow.org/'),(395,97,'repudiandae','Magnam quidem aut at quod. Enim laborum et assumenda error nulla ut. Aut nobis dignissimos iure earum minima in. Quia ut veritatis quo eius.',906511,'http://www.borerdurgan.com/'),(396,46,'dolore','Rerum unde ut saepe. Ducimus rem inventore nesciunt numquam est explicabo veritatis. Rerum et aspernatur aut reprehenderit. Et optio et repellendus possimus earum provident illum.',470184,'http://www.olson.com/'),(397,51,'earum','Vel et et cupiditate beatae dolorem. Est ex incidunt ut inventore. Doloribus rerum repellat alias et odit et suscipit sed. Enim consectetur eum debitis in repellat debitis.',55547.2,'http://ondricka.com/'),(398,67,'provident','Voluptas numquam delectus et nostrum. Nihil quam velit est quis officiis consequatur. Illo aut rerum numquam quia dolor magnam libero dolores. Repellat ut ea aut amet velit nulla ea.',783038,'http://www.mertz.com/'),(399,90,'repellendus','Accusamus deserunt maiores nemo quisquam nihil illum sint. Sit tenetur et iusto et. Dolorum sit optio vel molestiae velit et.',170686,'http://wyman.com/'),(400,16,'explicabo','Placeat quod rerum eveniet ipsam et neque. Velit et ut ducimus numquam in. Magnam facilis blanditiis est quis. Cumque nostrum optio et provident esse cupiditate qui atque.',391339,'http://www.skiles.info/'),(401,65,'et','Quia veritatis voluptas ut facilis quo. Quo quia fugiat debitis consequatur numquam ratione vel. Sed molestiae repellendus autem sed aut.',290084,'http://cruickshanklockman.org/'),(402,60,'ut','Ad officiis ad tenetur ea nisi. Laudantium impedit et vel numquam dolores. Porro corrupti debitis laboriosam est rerum atque. Illo perferendis consequatur cupiditate omnis et officia.',13067.6,'http://www.metz.biz/'),(403,88,'omnis','Hic pariatur culpa quod et. Sunt perferendis eum quis dolor. Quia ut vel dolore enim fugit ipsam.',104196,'http://www.batz.com/'),(404,82,'aut','Assumenda deleniti excepturi ea quis. Odio cumque et distinctio iure exercitationem aliquam non in. Quisquam animi sint voluptatem qui et alias.',148206,'http://www.collier.com/'),(405,44,'officiis','Iure eos perspiciatis optio officiis magnam dolores. Quaerat quibusdam ea sint tempora fugit omnis. Nihil eius et in. Possimus et voluptatum beatae. Mollitia ut molestiae est.',349588,'http://jonesmetz.com/'),(406,91,'nisi','Ipsa quia nam dicta porro qui eum ex. Ipsam qui velit voluptates nihil ipsam quia. Impedit ducimus libero accusantium consequatur perferendis similique minima doloribus.',654566,'http://kris.com/'),(407,97,'natus','Voluptas temporibus quaerat dicta ea consequuntur id. Vel et et natus fugiat quia debitis esse consectetur. Qui velit nobis vitae omnis. Eveniet praesentium id fugiat ipsa officiis quas.',168704,'http://koss.com/'),(408,77,'non','Rerum nostrum nam officia. Eum quia est placeat voluptatem rerum magnam. At repudiandae sapiente debitis ut cum vitae odio.',494901,'http://www.schmitt.biz/'),(409,91,'unde','Reprehenderit architecto reprehenderit quo natus et illo. Commodi voluptates eos dolor enim est. Sed explicabo nemo inventore possimus nulla. Similique provident vero dicta ut. Voluptates in illo eius quaerat laborum dolorem nihil.',95751.3,'http://jacobi.com/'),(410,27,'et','Cum aut cum nulla iusto. Vel vitae fugiat autem facere similique nemo non quos. Maiores provident repellendus magni accusamus asperiores ea. Corporis voluptas et hic cupiditate quis nihil et minus. Et inventore doloribus in numquam quod est eligendi ut.',542647,'http://goodwin.net/'),(411,74,'ut','Architecto voluptatem aperiam ut porro quia modi. In ea et dolorem repudiandae provident. Eius ut et maxime quidem distinctio.',341143,'http://leuschke.com/'),(412,66,'libero','Qui illo ea et dolorum inventore hic quos. Ut reiciendis ut et. Perferendis corporis velit et itaque debitis aut est. Minima et porro aut voluptas qui rerum.',103732,'http://www.walterrolfson.com/'),(413,68,'tempore','Possimus et nihil dolor accusamus non exercitationem. Dolor assumenda sed consequatur quam deleniti. Aut quo atque omnis qui velit quam. Vel id dignissimos ut ullam inventore quia minus.',656288,'http://www.roobkulas.com/'),(414,67,'sed','Laborum accusamus omnis ducimus. Nostrum illo dolore voluptate velit necessitatibus. Unde a rerum ut nobis. Voluptate aliquam aut sed distinctio voluptatem.',614318,'http://grant.com/'),(415,76,'sed','Vero delectus animi eveniet temporibus. Adipisci similique aut voluptatem iste sed similique. Et et et rerum aut porro.',886186,'http://fritschbartell.com/'),(416,67,'est','Aut nemo et praesentium alias qui voluptatem. Eligendi explicabo reiciendis perferendis et qui a ut.',680159,'http://maggio.org/'),(417,33,'totam','Quia molestiae quae illo. Praesentium et sunt quod eos quibusdam. Harum nisi et aspernatur commodi repudiandae facere.',708572,'http://www.kuvalis.com/'),(418,59,'voluptatum','Explicabo qui minima enim laudantium hic non iusto dolor. Nihil est numquam esse minima temporibus quia. Esse atque odio reprehenderit hic.',501758,'http://www.aufderharkertzmann.biz/'),(419,50,'dolorem','Quaerat debitis at quia. Illum velit qui repellat voluptatem quia. Optio harum id consectetur voluptas dolor id repellendus. Temporibus recusandae rerum aperiam at harum. Quaerat et velit repellat nobis.',406053,'http://www.stracke.com/'),(420,11,'ratione','Velit voluptate aut illum dolorem. Impedit magni alias dolor possimus aliquam facilis quisquam vel. Sed eveniet ad sint ipsum quo maxime consequuntur.',256675,'http://www.gutkowskigrady.com/'),(421,96,'vel','Rerum aut velit totam id velit officia non. Et atque perspiciatis rerum id fuga. Qui et earum culpa laborum possimus sint. Debitis nihil delectus praesentium accusamus odio qui culpa.',861908,'http://faheyohara.com/'),(422,96,'veniam','Dolores consequatur voluptatem tempora. Dolorem debitis ab aut.',869390,'http://koelpin.info/'),(423,70,'architecto','Corporis enim molestiae occaecati pariatur. Nobis occaecati ut cupiditate earum et eos. Dignissimos minus minus excepturi quae. Id corporis sed facere voluptas eum similique quis.',371528,'http://hansen.com/'),(424,56,'dolorem','Mollitia laborum assumenda aperiam aut. Ipsam magnam animi est libero. Non commodi eum dolor ut.',861055,'http://howemuller.com/'),(425,75,'sed','Est repellat veritatis commodi eaque. Numquam cumque ea libero quo nesciunt et.',611484,'http://www.upton.info/'),(426,4,'sed','Quod quas nam molestias libero quia minus accusamus. Eum dolor maxime sit consequatur harum molestias. Sed nemo labore autem ipsum consectetur laborum sit. Fugit minus quis deleniti qui.',54430.2,'http://www.shanahan.net/'),(427,46,'voluptatem','Vitae enim est fugiat nulla. Quis non id et. Error vero ea ut et debitis. At aspernatur sed aliquam et sint adipisci. Sit amet nostrum fugit aut numquam.',346680,'http://purdywisoky.info/'),(428,32,'libero','Neque aliquam atque quam molestiae labore. Et omnis non voluptatem rem. Eius placeat et sit neque excepturi.',529623,'http://mitchell.biz/'),(429,34,'laborum','Odit exercitationem velit quae aperiam id itaque reprehenderit est. Ipsum exercitationem ex voluptas autem placeat. Explicabo ut dicta mollitia fugiat quaerat.',937751,'http://flatley.com/'),(430,34,'repellendus','Vitae soluta rerum consectetur quae assumenda esse in. Doloribus et nesciunt et aut. Magni excepturi voluptatum enim optio sit consequatur tenetur.',787026,'http://www.roob.com/'),(431,17,'odio','Voluptates facere labore id. Ut et earum nobis assumenda eum. Consectetur cum dolores est nisi non qui ex. Sint aliquam enim nihil quam.',552329,'http://www.hartmann.com/'),(432,93,'expedita','Quisquam similique nesciunt labore dolore maxime inventore dolores ut. At corrupti id labore expedita. Atque dolore ex est et placeat. Dicta illum earum autem nemo.',115194,'http://www.rauheaney.org/'),(433,44,'repellat','Delectus saepe id expedita quia inventore dolorem quia ut. Consequatur sequi et fugiat ut maxime. Facere perspiciatis ratione assumenda.',932235,'http://www.konopelski.com/'),(434,83,'incidunt','Voluptatem sequi cupiditate dolor soluta mollitia ut accusamus dolor. Qui fuga quo eius minima occaecati cupiditate. Ullam adipisci velit sint ullam.',284828,'http://rohan.org/'),(435,44,'autem','Blanditiis aut beatae repellat voluptatem ea fuga et ipsam. Illo maxime quia sed sunt. Delectus soluta aut ipsum ad qui officia aut.',30033.2,'http://www.wardgoyette.com/'),(436,68,'non','Rerum consequatur iure alias tempora amet qui. Mollitia ducimus ratione quia impedit. Tempore error magnam perferendis. Quae quia magnam alias aliquam velit.',293836,'http://www.steuber.info/'),(437,81,'quis','Quo officiis rem et eaque. Nemo voluptas ratione rerum ut. Cum nostrum voluptatum impedit in. Omnis dolores quia sint et aut.',371624,'http://dubuquesmith.com/'),(438,97,'omnis','Iste repellendus nemo neque amet aut id et. Quia et nulla sunt consequuntur blanditiis quo quidem. Sit nihil provident dolorem rerum adipisci incidunt voluptatem.',773383,'http://hayes.org/'),(439,29,'rerum','Voluptate ullam fugit autem est fugiat odio quae id. Accusantium porro dolorem corporis. Temporibus dolorem repellat qui dolorem architecto maxime.',851608,'http://gaylord.com/'),(440,10,'labore','Aspernatur enim aperiam non totam vel voluptatem quidem. Voluptatem natus possimus hic sapiente eius dolor. Ut ut sed ex accusamus.',194371,'http://vonharber.org/'),(441,13,'hic','Ea aut eum excepturi quaerat. Quidem velit in distinctio temporibus quam quo veniam. Aut iure ullam error assumenda aspernatur quas nesciunt sint. Repellendus aliquam cupiditate cumque in fuga.',565022,'http://www.mullerdibbert.org/'),(442,82,'inventore','Deleniti libero eum ea aperiam repudiandae tempore deleniti. Dolores praesentium quis rerum quis laboriosam molestiae dolore explicabo. Iure qui et recusandae. Blanditiis eligendi laborum tempore reiciendis eaque sit.',307125,'http://ortizmiller.org/'),(443,62,'quis','Est deserunt porro in saepe ut voluptas expedita. Quasi nisi facilis eius beatae quasi tempore. Unde reiciendis id possimus.',193317,'http://www.skiles.com/'),(444,13,'est','Ipsa iure et quasi minima quis ut at qui. Consequatur fugit dolores minus enim. Et maxime cum et voluptatem voluptatem et ex.',96014.6,'http://www.effertz.com/'),(445,38,'aliquid','Rerum expedita qui id sint. Ea aliquid nesciunt vitae cum non. Nemo non dolore aut minus et. Corporis et quis perspiciatis est in alias. Adipisci et vero maxime eius alias.',927343,'http://stantongulgowski.org/'),(446,29,'inventore','Officiis consequuntur et rerum nihil. Suscipit aut fugiat omnis. Et molestias sunt labore natus beatae exercitationem est.',723879,'http://schuppe.com/'),(447,85,'animi','Voluptatem ab laboriosam qui libero sunt. Quo nihil odit nam et. Rerum eos sapiente dolorem voluptatibus hic.',949078,'http://reillykeeling.net/'),(448,12,'quis','Dolore fugit aliquam itaque quo odio voluptates quas et. Ut autem eius harum aut et expedita. Autem quam unde accusantium et.',677998,'http://lefflerwehner.com/'),(449,52,'in','Illo dignissimos quia sed quisquam eaque. Quis minus consequatur non nemo non cum accusantium. Vitae quam quisquam rerum qui debitis et. Est et dolores voluptatem eum autem explicabo omnis.',284064,'http://www.mantedickinson.com/'),(450,11,'est','Et quia eum voluptas nobis. Molestias voluptatem eveniet adipisci rerum reprehenderit quasi nulla. Placeat quo consequatur qui vel perferendis nisi.',490588,'http://bashirian.info/'),(451,31,'natus','Itaque ab corrupti temporibus et. Harum est cupiditate dolore sunt alias dolorem facilis. Enim perspiciatis sequi commodi consequatur.',295828,'http://www.douglas.com/'),(452,94,'amet','Sed quidem et ut neque. Et odit aut qui enim eos. Numquam quasi cupiditate quia dolorem et esse praesentium voluptate. Velit et velit est. Vel quidem voluptatem totam ut consequatur non sequi.',640955,'http://www.schummhills.com/'),(453,33,'eaque','Qui nemo voluptatem vero consequatur. Commodi corporis id omnis consequatur magnam labore sequi. Tempore dolore officia omnis sit possimus quisquam sit. Atque magni beatae consectetur ratione sit quia vel.',105511,'http://www.quigley.com/'),(454,44,'aspernatur','Tempora aut et iure excepturi et sunt est. Illo nihil culpa distinctio eaque ratione minima et. Facere aliquid officiis saepe suscipit explicabo nihil quis. Ullam aut reprehenderit sit est quaerat.',777287,'http://www.hodkiewicz.com/'),(455,41,'cumque','Ipsum dolores qui occaecati animi deserunt et. Ipsa illo deserunt aliquid dolorem omnis sequi delectus. Totam mollitia et ducimus facilis. Quis rerum recusandae voluptas quasi veniam.',69877.4,'http://collierschumm.biz/'),(456,78,'voluptatum','Atque ratione repellendus suscipit optio. Nam a assumenda voluptate excepturi laborum perferendis. Et similique qui sint deleniti voluptatem nam rerum autem. Animi aut occaecati repudiandae optio culpa et maiores. Et molestias commodi magnam voluptas et p',482574,'http://www.renner.org/'),(457,57,'expedita','Unde voluptatem deleniti nulla rerum harum adipisci. Quam quasi et sed quo iusto. Eum voluptas voluptatem enim est. Eius minus sapiente nulla ut praesentium quis facere qui.',218970,'http://pricejerde.com/'),(458,33,'praesentium','Ratione reprehenderit animi omnis iste. Beatae aliquid quasi excepturi placeat dolorem incidunt deleniti.',560020,'http://www.ondrickakunze.info/'),(459,95,'est','Ab minima occaecati rerum. Voluptatem beatae fugit soluta. Possimus itaque doloribus minima voluptates at incidunt ipsum minima. Dolorum provident beatae quis sint voluptates. Dignissimos quis impedit at quia earum nisi.',211656,'http://www.casper.com/'),(460,52,'voluptatibus','Rerum aut magni suscipit eum delectus modi aut. Sint alias ea est rerum et. Rerum corporis nemo ea sit. Cum tempore perferendis exercitationem iure dolorem.',988049,'http://www.mayerstracke.org/'),(461,12,'quae','Voluptatem velit quo eum in voluptas perferendis quibusdam. Accusantium explicabo voluptas dolore ipsam repellat nam unde. Libero a officiis perferendis unde recusandae enim qui qui. Ex rerum quidem sed eum modi.',74154.4,'http://bashirianokuneva.com/'),(462,88,'dolor','Eos dolorem at repudiandae libero est totam. Aut dolore reiciendis id reiciendis sit numquam alias. Cupiditate ratione nesciunt itaque. Ut ut quo qui blanditiis voluptate nihil incidunt.',958247,'http://larkinkassulke.org/'),(463,41,'nobis','Error quos veniam asperiores eum tenetur. Nostrum ad facere molestiae qui omnis est. Enim sunt nihil illum odit corrupti voluptatem rerum. Et magni quam adipisci incidunt.',661028,'http://www.fritsch.com/'),(464,78,'vero','Consequatur soluta est ab pariatur quo. Quas voluptatum voluptatem eius quasi dolores. Quas omnis voluptatem et accusantium qui.',682633,'http://pfefferkertzmann.com/'),(465,62,'in','Mollitia laboriosam maiores illo nihil. Dolores eaque aut omnis et consequuntur ducimus quidem dicta. Tempore laboriosam qui et rem. Sed sed mollitia dolor.',718527,'http://damore.biz/'),(466,12,'est','Possimus accusantium illum aut unde expedita aut molestiae natus. Mollitia et veniam non eius aut placeat quibusdam. Cupiditate autem et in sapiente. Repudiandae autem cupiditate occaecati accusamus architecto.',244917,'http://batz.com/'),(467,34,'cumque','Quia sunt atque sapiente eum illo deleniti ratione. Aut iste possimus earum ipsum. Laborum blanditiis culpa omnis voluptate. Facere ducimus dicta maxime alias delectus. Consequatur labore explicabo qui.',14423.2,'http://schimmel.biz/'),(468,40,'perferendis','Minima fuga voluptatibus ut laboriosam vel iusto. Nihil consequatur fugiat id sit voluptatum minus. Aliquam asperiores illo perspiciatis repudiandae exercitationem voluptatibus aut.',144935,'http://heidenreich.net/'),(469,88,'voluptas','Eos ex aut recusandae optio perspiciatis. Totam nobis similique consectetur aut fugit quos. Possimus dignissimos blanditiis veniam excepturi in rem. Minus ipsum soluta quam quaerat incidunt.',542759,'http://www.howell.com/'),(470,85,'recusandae','Consectetur quidem aliquid doloribus qui omnis non. Incidunt et non sunt asperiores aliquid magnam ut. Ut eveniet voluptates explicabo reprehenderit voluptas perspiciatis.',221679,'http://www.beckerdicki.com/'),(471,86,'eum','Nesciunt laudantium sapiente aut totam esse deleniti. Sit facilis tempora alias vitae. Nemo atque tempore neque explicabo vel praesentium. Ut blanditiis incidunt et sequi quasi.',254947,'http://okon.com/'),(472,79,'ipsum','Velit ullam velit nisi cumque. Est quidem enim voluptas nihil nihil mollitia rerum. Fuga ducimus omnis aut sit enim et. Iusto odit veritatis et blanditiis qui ipsa.',491576,'http://bergstrom.com/'),(473,16,'perferendis','Voluptatem quia doloremque voluptas ipsum quis est aut. Veritatis officiis omnis sequi dolorum quos. Nesciunt dignissimos ut odio.',268902,'http://moen.org/'),(474,49,'ad','Exercitationem corrupti odit ut voluptas qui sed. Dicta fugiat magni incidunt magnam id laboriosam et. Eveniet consequatur cum voluptate voluptas asperiores exercitationem sapiente.',388448,'http://nader.com/'),(475,15,'necessitatibus','Aut qui dolores quisquam totam eum est. Dolorum repellat illum mollitia rerum tempore. Corporis ea aut dignissimos dignissimos id. Voluptate amet cum rerum aliquid et ea.',513216,'http://www.ward.com/'),(476,32,'consequatur','Sed enim omnis est vitae in. Dolorem non a ut impedit quidem.',60407.2,'http://trantow.com/'),(477,1,'est','Repudiandae tempora omnis velit laudantium voluptatem explicabo. Laborum illo delectus molestias est. Quo sit quod assumenda quasi ex. Ut sint qui et est rerum. Illum non eaque magnam exercitationem sed.',749606,'http://ortiz.com/'),(478,93,'veritatis','Vitae eligendi molestias natus tempore facilis eos. Qui animi consequatur et molestiae et. Aut doloremque quod voluptatum tempora non quas aperiam.',920584,'http://mckenzie.com/'),(479,41,'quam','Nam laborum nihil omnis commodi non. Sed delectus iusto voluptatibus quis inventore accusantium. Qui minus incidunt et possimus et.',247726,'http://www.lynchauer.biz/'),(480,39,'dolores','Blanditiis vel architecto et assumenda facilis sit. Explicabo quis at molestiae architecto dolorem. Iure enim voluptatem incidunt praesentium deserunt.',940395,'http://schaden.com/'),(481,39,'alias','Deleniti modi est distinctio. Nihil dolor inventore rerum blanditiis id eveniet. Voluptatibus totam ullam quis earum pariatur. Quas ipsa soluta error molestiae.',360841,'http://www.heathcote.net/'),(482,10,'vitae','Illum excepturi asperiores eum aspernatur sunt fugit. Blanditiis quod aut nam in nam. Dolorem eum velit omnis quia aliquam adipisci velit.',114333,'http://fisherprice.org/'),(483,98,'necessitatibus','Id eos natus harum qui minus ut animi. Ut ipsam dolorem enim laborum delectus. Debitis enim maxime voluptatem repellat eum incidunt. Iste eaque sit ipsam qui qui est dolor.',402410,'http://www.weimanncruickshank.biz/'),(484,66,'hic','Enim eum qui optio porro possimus. Necessitatibus maiores voluptatem quo nesciunt culpa cum nam. Sequi unde quaerat ea eligendi dolor excepturi est. Corporis error in sapiente nihil non nisi. Voluptatum placeat quasi nostrum quibusdam qui.',947297,'http://www.hyattwindler.com/'),(485,69,'soluta','Aut quo recusandae rerum repellat hic. Distinctio porro rem ut quam molestias id et est. Magni et corrupti pariatur vel molestiae et.',11678.2,'http://www.schuster.com/'),(486,9,'doloremque','Qui amet qui sed velit eligendi. Consequatur eum quo et itaque unde voluptates. Nihil mollitia expedita tempora nam neque officia ipsum.',751127,'http://www.lowe.com/'),(487,40,'harum','Autem quidem et sunt. Incidunt non nulla sequi dolor sed. Mollitia nobis et impedit non.',579261,'http://www.brekkeaufderhar.com/'),(488,89,'natus','Doloribus harum quia dolorum nesciunt dolorem veritatis et nobis. Modi ipsum aperiam aliquid suscipit quisquam eius amet autem. Ad veritatis et odit voluptas unde corporis quo. Rem sit nihil et odio incidunt. Optio aut alias in molestiae impedit corrupti ',758567,'http://www.townemoore.com/'),(489,5,'ut','Commodi dolorem non est quia dicta. Autem consequuntur nesciunt rerum ab voluptas reprehenderit architecto. Deserunt commodi porro asperiores aut sequi.',471695,'http://www.kuhn.net/'),(490,35,'veniam','Inventore aliquam debitis odio dolor. Voluptatem id tempore enim officiis quasi delectus. Molestiae architecto sequi molestiae. Labore nobis totam et vel accusamus delectus. Possimus at pariatur eius explicabo rerum nobis rem.',496574,'http://www.reynolds.com/'),(491,69,'excepturi','Et fugiat totam et. Est voluptatem quos sint reiciendis ut. Eos corrupti ea soluta magnam quo.',422879,'http://www.blick.com/'),(492,41,'voluptatem','Magnam illo quia non distinctio dolores in non. Perferendis porro consequatur quis saepe. Voluptas nulla non explicabo recusandae. Architecto omnis iste aliquid dolor odit dignissimos tempora.',419894,'http://www.nader.com/'),(493,87,'aut','Est aut voluptatum quasi. Eos in et quo corporis. Omnis provident magni aut officiis voluptates.',405848,'http://www.rogahnbeier.com/'),(494,70,'totam','Et neque ut provident soluta. Ad sint impedit provident ea odio ut dolor. Molestiae reprehenderit voluptate nulla laboriosam. Nesciunt et voluptates veritatis veniam quibusdam.',144452,'http://www.rath.com/'),(495,69,'a','Autem quidem rerum consequatur non consequuntur laborum qui molestiae. Minus quae sit rerum pariatur. Culpa consequatur consequatur mollitia quas.',66632,'http://www.romaguera.com/'),(496,6,'odio','Quibusdam eos aliquid repellat rem quia a sapiente. Adipisci incidunt asperiores itaque quo blanditiis iusto est omnis. Error officia enim nihil repellendus et vero.',813589,'http://hauck.net/'),(497,80,'exercitationem','Voluptatem aut ab natus nam in. Aut sit ad voluptas a inventore nulla voluptate et. Cumque architecto neque velit dolor.',716207,'http://www.ryanhansen.com/'),(498,63,'placeat','Veritatis quis provident saepe sint. Quia illo modi rerum autem nostrum voluptatem. Doloremque quidem soluta quam ipsum.',377863,'http://greenschmitt.biz/'),(499,74,'molestiae','Aut qui libero doloremque itaque omnis velit esse. Fugit voluptatem voluptates quis laudantium reprehenderit doloremque praesentium similique. Enim possimus dicta debitis sed. Quas sit doloribus quia.',939326,'http://doyle.com/'),(500,30,'fuga','Eius enim et cum sed ipsum eligendi consectetur aut. Sint eum et laudantium saepe rerum. Similique reiciendis voluptatibus architecto modi dignissimos quia laudantium est. Quo mollitia maxime praesentium id sed et est.',683325,'http://www.nikolaus.org/'),(501,60,'nesciunt','Sunt minima ullam nulla iste magnam sapiente et sed. Culpa rerum dicta iste pariatur. Illum similique et porro voluptatem earum.',171151,'http://www.anderson.biz/'),(502,26,'placeat','Nihil non omnis mollitia quibusdam. Qui aut aut consequatur sapiente sed dolorem. Deleniti ut sed sunt voluptas dolore cupiditate voluptates. Sed ducimus et quo quia hic. Repellat ut id magni ullam quia voluptatem.',394490,'http://terryhauck.net/'),(503,47,'natus','Ut sunt esse minus placeat facere et voluptas. Culpa aspernatur aliquid dolorum ut. Ducimus impedit eveniet necessitatibus ab qui voluptas.',424008,'http://smithkovacek.biz/'),(504,20,'voluptatibus','Dolorem cupiditate aliquid veritatis eaque aspernatur animi similique. Quia non dolore maiores nostrum. Natus temporibus consequatur ex quidem. Placeat quasi autem qui esse vel.',156822,'http://waelchi.com/'),(505,62,'ab','Amet minus itaque et placeat ut aut. Repudiandae incidunt facere necessitatibus aliquid fugiat cupiditate. Dignissimos voluptas molestiae qui nihil quisquam quasi voluptatem. Deleniti ut iure impedit perferendis. Aspernatur dolores veritatis dolorem sapie',602315,'http://brown.info/'),(506,26,'non','Asperiores qui cupiditate voluptas minima. Nisi sint sint provident laudantium distinctio. Debitis culpa repudiandae enim. Itaque exercitationem fugit soluta blanditiis sint et voluptatibus.',444310,'http://www.sengerschaefer.com/'),(507,48,'voluptatem','Enim dicta deleniti similique debitis magnam qui quia. Rem occaecati qui deleniti recusandae dolores doloribus qui. Neque omnis consequatur autem commodi.',617.99,'http://www.hyattroob.net/'),(508,92,'repellendus','Ea consequuntur qui aut distinctio. Natus a impedit et atque assumenda. Ipsum ipsa quia natus qui iure. Dolor repellat blanditiis laudantium et tempore aut itaque.',184412,'http://www.bauchromaguera.info/'),(509,57,'consectetur','Repellat eligendi odio maxime reiciendis ratione commodi vitae. Deserunt aut sint itaque aut sequi. Consectetur animi eaque et qui facere earum. Fuga id animi aut sunt perferendis.',646197,'http://sauer.biz/'),(510,36,'deleniti','Perferendis voluptatibus repellendus laudantium et odit error molestiae. Corrupti maxime et sit a rem.',864383,'http://kemmer.com/'),(511,44,'aut','Error vel recusandae omnis molestias ad in. Qui eaque quis voluptates consequuntur blanditiis laboriosam quam libero. Suscipit quos soluta sunt deserunt. Ea hic dolores voluptas et sunt dolor.',594977,'http://corkery.net/'),(512,20,'atque','Maiores in eius deleniti error fugit culpa facilis quia. Dignissimos mollitia voluptatem rerum aut perspiciatis. Ea illum perferendis adipisci dolores.',414717,'http://www.raynor.com/'),(513,44,'sequi','Sequi exercitationem ut ratione consequatur harum est. Deleniti tenetur qui qui provident dolores aut laborum et.',450797,'http://www.gutkowskiwest.com/'),(514,95,'qui','Quasi suscipit deleniti minus laborum ex quo et. Placeat possimus fuga sunt alias repudiandae labore fugit. Laudantium dolor ut aperiam quam facere quaerat qui eum. Corrupti molestiae sequi deleniti non quia.',642999,'http://www.vonruedenbergstrom.biz/'),(515,20,'illum','Et qui consequuntur dolor architecto distinctio et doloribus et. Enim autem sit ea amet rerum sed harum. Consequatur non est tempora et suscipit totam. Voluptatem vel qui libero exercitationem.',92177,'http://christiansen.info/'),(516,61,'consequatur','In rem quaerat et repudiandae sed nemo. Nobis nobis labore voluptate sunt vel. Hic harum sit molestiae saepe adipisci praesentium. Consequatur repellat qui non velit nam expedita.',750355,'http://rolfsonondricka.com/'),(517,75,'necessitatibus','Dolore et aperiam voluptatum animi quos consequatur autem. Ut minima possimus ipsam ipsam et fugit. Earum illo adipisci non dicta nulla.',559841,'http://tremblay.org/'),(518,97,'aut','Minima dolores veritatis qui quaerat unde deleniti asperiores doloremque. Minima quo commodi animi omnis dolores dignissimos. In perferendis molestiae animi eligendi mollitia minus. Aspernatur quia autem consequatur ipsam.',843459,'http://marks.biz/'),(519,52,'dolores','Velit vel illum enim qui ut odio. Optio magnam quia blanditiis ad sunt ut rem. Modi iusto occaecati eum soluta similique perspiciatis nostrum.',726523,'http://croninpollich.com/'),(520,68,'ex','Et reiciendis consequatur ea et facilis. Non est animi est est voluptatem eaque iusto dolore. Cupiditate reprehenderit voluptatem illo explicabo. Sit et aut quod fugit accusamus similique.',489431,'http://greenwolf.com/'),(521,66,'maiores','Laboriosam incidunt ullam dolor dolorum nam. Quia odio alias est labore quibusdam sed natus. Distinctio natus nesciunt animi libero. Accusantium ipsa itaque iure.',985461,'http://kingkiehn.com/'),(522,25,'ea','Qui quasi aliquam aliquid qui optio odit. Ipsum eos labore ratione aut sed. Pariatur soluta ducimus in ea minus laboriosam porro voluptatem. Consequuntur quas perspiciatis ratione. Quasi ut quod iste facilis.',302155,'http://www.emard.net/'),(523,33,'vel','Provident sit beatae vitae et velit et. Necessitatibus maxime eveniet omnis sed reiciendis. Maxime voluptate harum tempora qui aut omnis.',266456,'http://schneiderosinski.org/'),(524,51,'rerum','A deserunt illo consectetur quia iure. Est culpa aspernatur et iusto. Minima molestiae nobis eos reiciendis.',679552,'http://www.wintheiserdickens.net/'),(525,24,'aut','Quod commodi veritatis et corporis iusto quam. Corporis qui reprehenderit maxime.',553141,'http://hermanschuppe.com/'),(526,64,'sed','Sit mollitia quibusdam nam fugiat beatae error quis. Ut quas aut eos magnam fugit est nemo ipsam. Et aut non ad aut laborum rem est totam.',552228,'http://okeefedenesik.org/'),(527,63,'architecto','Similique non omnis ipsa impedit. Fugit temporibus blanditiis quis nobis in. Cupiditate sit quas iusto a aut labore ut.',605361,'http://www.stanton.com/'),(528,14,'eius','Tempore et ab dolores provident et adipisci provident. Et omnis enim non rerum consequuntur necessitatibus. Soluta veritatis eveniet dignissimos quam repellendus non voluptatem.',179302,'http://www.fritschfritsch.com/'),(529,27,'ratione','Voluptas officia quisquam et repudiandae. Similique ea sunt maiores est asperiores. Et quam amet molestiae in quia dicta sapiente. Placeat sint ratione omnis dolorem ut itaque quia.',734480,'http://www.kreigerkonopelski.com/'),(530,28,'tenetur','Porro a voluptatem nihil exercitationem dolor. Molestias sunt eligendi consectetur deserunt consequatur dolorem. Voluptatibus qui incidunt id officia.',262478,'http://www.grimeswest.com/'),(531,92,'sapiente','Natus quaerat qui eos ut. Corrupti quia nobis molestiae cum aperiam quo. Amet et dolore magnam voluptas. Quae atque ex libero dolor cumque dolor. Amet saepe sit doloribus qui possimus aut.',106679,'http://www.lefflerhuel.com/'),(532,33,'at','Voluptate libero voluptas dolor iure quasi est perferendis. Nesciunt sed dignissimos enim dignissimos similique occaecati odit sapiente. Doloremque placeat in ipsa nobis illo. Ut iure officia et iusto sed facere.',636691,'http://www.fisher.info/'),(533,12,'adipisci','Aliquid inventore perferendis a ex. Quia omnis ad reiciendis quisquam sequi repellat molestiae. Quis aut et qui qui quam non placeat. Facere et earum hic voluptatem qui reiciendis rerum.',573834,'http://kshlerin.info/'),(534,80,'eum','Quis mollitia id ullam eos eius sed tempore. Perspiciatis minima enim et labore illo.',572916,'http://www.kuphalkassulke.com/'),(535,27,'pariatur','Nam eum labore dolor aut et. Culpa voluptatem delectus labore earum et et. Neque et cum quasi voluptas est. Quae ut quo perferendis enim sed aut non magnam.',665171,'http://nienow.com/'),(536,43,'beatae','Sint voluptate vel qui odio officiis nisi odit sunt. Suscipit reprehenderit nemo alias enim cupiditate quisquam facere fuga.',421098,'http://turnerblanda.org/'),(537,53,'quas','Eos ut aut quia incidunt cupiditate iure in. Et et unde impedit unde tenetur. In corrupti dolores explicabo vel aliquid distinctio veritatis odit. Omnis rem nisi asperiores beatae aliquam.',786105,'http://www.bartonmarquardt.com/'),(538,58,'ut','Natus eum tempore numquam dolorum beatae laboriosam eveniet eum. Occaecati dolore qui ab consequatur. Rerum dolorem ut nemo minus voluptates.',695784,'http://www.murphyhane.com/'),(539,79,'deserunt','Aut dolores quam ab ea nihil. Voluptate doloribus modi cumque dolor. Earum odit et magnam laborum. Temporibus qui assumenda repellat incidunt sit.',862104,'http://www.orn.com/'),(540,39,'explicabo','Incidunt ducimus nam sed sit consectetur nihil. Ut ea necessitatibus et corrupti nulla facilis magnam. Nisi omnis et veniam doloremque pariatur in ratione. Sit assumenda fuga excepturi quibusdam. Voluptas nihil nemo rerum reiciendis cupiditate officia.',811174,'http://davis.com/'),(541,23,'omnis','Fuga fugit iusto commodi non corrupti provident. Eum molestias a aspernatur culpa. Maxime repellat ut adipisci consequatur reprehenderit quisquam dicta.',102979,'http://www.toycummings.com/'),(542,98,'neque','Assumenda et quibusdam ea sunt blanditiis eum. Consectetur modi vel voluptate distinctio. Pariatur delectus maiores voluptatem rerum temporibus ducimus et. Quia eum accusantium distinctio.',947588,'http://www.wiegandkreiger.org/'),(543,21,'in','Et quo eos error unde incidunt et. At eos labore quas dolore eum qui. Eveniet doloribus velit rem nihil assumenda nam.',527860,'http://www.bernier.com/'),(544,52,'asperiores','Sed eum qui et ut impedit optio dolore. Culpa beatae nostrum expedita.',217682,'http://uptonbernier.net/'),(545,56,'voluptatem','Labore dolores dolor facilis cum. Id quia minus debitis maxime.',52201.2,'http://www.corkery.com/'),(546,6,'necessitatibus','Quia animi sed placeat. Quas delectus eligendi ipsa consectetur dignissimos. Inventore ipsam sit adipisci ipsam.',922397,'http://balistreri.com/'),(547,75,'quisquam','Hic quasi corrupti illo. Repudiandae ipsam impedit blanditiis animi rem voluptas dicta.',127673,'http://www.watsicahodkiewicz.com/'),(548,24,'modi','Quidem veniam voluptates occaecati libero dolores. Consequatur numquam fugiat veniam ut nulla. Rem cum sapiente possimus dolore at asperiores voluptatem dolorem. Ut perspiciatis sit alias saepe.',387314,'http://www.fisher.info/'),(549,84,'iure','Et quod incidunt aut labore. Enim exercitationem quo expedita aliquam modi voluptatem. Pariatur voluptatem blanditiis itaque eum illum rerum molestias. Consequuntur quia nesciunt accusamus laborum similique sed sunt.',159103,'http://stokesskiles.net/'),(550,57,'et','Natus veniam nesciunt magni. Quis unde unde quam aliquid accusantium alias exercitationem nemo. Voluptas aut veniam rerum voluptatem.',737603,'http://kuvaliskoepp.biz/'),(551,50,'quis','Dolore reiciendis aut omnis sed vel. Culpa voluptate ratione amet eius nihil saepe sit. Eligendi aperiam aut eveniet laudantium nostrum eaque maiores.',545839,'http://boehm.com/'),(552,1,'reprehenderit','Tenetur cum ut quis aut vero. Vero asperiores veritatis error dolorem aliquid.',214270,'http://blanda.com/'),(553,90,'reiciendis','Labore natus maxime fugit atque iusto enim est aspernatur. Tempore occaecati nostrum beatae et accusantium illum facere. Officia laborum ea eum nam sed. Odit doloremque et aut corporis reiciendis non aut. Impedit laudantium accusantium aut odit dignissimo',593011,'http://lebsack.com/'),(554,85,'incidunt','Quia tempore aliquam beatae voluptatum et ratione repellendus. Ducimus facilis excepturi pariatur veritatis et. Error tempora at perferendis delectus consequatur beatae et.',346188,'http://weimann.net/'),(555,48,'qui','Temporibus quod architecto delectus similique. Et totam rem modi quo. Dolorem enim nihil non itaque voluptates cum.',392582,'http://wintheiser.com/'),(556,92,'voluptates','Dolor quis perspiciatis molestiae odit veniam. Nam repellat facere qui magni est harum ab rerum. Praesentium illum eius qui. Praesentium nobis placeat minima ex tempora.',645610,'http://www.rolfson.org/'),(557,21,'sequi','Et nulla suscipit quas ipsum eos eaque. Quia eaque distinctio nemo non.',813098,'http://www.welchmraz.net/'),(558,83,'beatae','Necessitatibus aperiam et corrupti et recusandae reiciendis. Eveniet quis quis aut praesentium sunt. Labore qui corrupti possimus et. Nobis aliquid hic qui.',686331,'http://koelpin.com/'),(559,7,'ea','Nostrum quis aut laborum eum. Possimus ad et aliquid culpa voluptate quia adipisci. Aut ab quos nihil.',187588,'http://wintheiser.com/'),(560,56,'illum','Beatae porro omnis minima et ab dolor et quidem. Enim ratione aspernatur dignissimos sed. Nam voluptas nemo sunt aliquam alias. Saepe dolorem officiis voluptas. Minus quos earum adipisci sunt quo.',948431,'http://ratke.net/'),(561,51,'vel','Saepe iure architecto ut. Minima officia autem quod et et dignissimos. Voluptates corrupti sed minus placeat maiores dignissimos in.',282839,'http://toylegros.net/'),(562,2,'ut','Officiis voluptatem consequuntur ab. Aut praesentium explicabo voluptas animi. Exercitationem iure est mollitia illum quibusdam.',417731,'http://www.schmelerlueilwitz.com/'),(563,36,'inventore','Dolorem consequuntur aliquid quo itaque velit quia excepturi impedit. Voluptas sed qui enim saepe dolorem occaecati optio.',463.89,'http://flatleykihn.org/'),(564,49,'deserunt','Qui pariatur quo unde tempore fuga sit. Maiores dolorem consequatur architecto quia. Qui velit similique in iure.',50126.7,'http://www.faheyvonrueden.com/'),(565,94,'et','Odit non mollitia voluptatem dignissimos et qui reprehenderit. Et quae maiores reiciendis explicabo enim.',48498.8,'http://www.shields.org/'),(566,27,'enim','Adipisci est a odio eum debitis aut officiis inventore. Veritatis libero voluptatem rerum sit est minus laudantium et.',912963,'http://www.olson.biz/'),(567,74,'in','Reprehenderit illo iste quisquam quis voluptas quis. Non ut quas eum velit alias voluptatem corporis sed. Ea deleniti exercitationem adipisci aut. Nesciunt quia iusto corporis sit blanditiis dolores officiis.',87391.2,'http://johns.com/'),(568,77,'voluptatum','Ut totam ea adipisci quidem eos dolores. Temporibus vitae dolorem aut repudiandae. Porro in aut debitis iste debitis repellat fugit impedit. Eos neque nostrum sint beatae debitis ea rerum voluptatum.',984931,'http://torphy.com/'),(569,5,'est','Praesentium autem ab sit cumque nihil aut laboriosam et. Doloribus pariatur vel est consectetur nihil quos occaecati. Autem est quis illo a ab nesciunt. Et autem aspernatur quia officiis aliquam tempora.',692305,'http://www.sawayn.com/'),(570,11,'consequatur','Aut occaecati eos maiores alias alias. Porro rerum perferendis ut necessitatibus rerum voluptate. Eveniet iusto ipsam sunt perferendis ipsam molestiae. Et ratione iure qui eius sunt possimus quia.',135570,'http://www.kochrodriguez.net/'),(571,53,'et','Fugiat fuga dolorem et sit sit pariatur incidunt. Dicta sequi aperiam quibusdam assumenda repellendus necessitatibus aspernatur. Ea ut id quae voluptatem. Possimus nemo commodi blanditiis voluptas suscipit dolores.',549204,'http://kuhn.biz/'),(572,94,'debitis','Mollitia deleniti et deleniti dolores quis labore architecto corporis. Velit est est ut deleniti. Fugit repellat ducimus ad culpa qui et inventore. Quo excepturi quia ipsa.',116634,'http://handreichel.info/'),(573,28,'sapiente','Repudiandae incidunt et blanditiis perferendis voluptatem consequuntur aut molestiae. Dolores et qui ipsum ut voluptatibus fuga. Eaque nobis unde dicta ducimus aut aut.',883955,'http://www.purdybechtelar.com/'),(574,5,'omnis','Quis unde recusandae ducimus. Voluptas illo illo sunt expedita ut aut aperiam minus. Quasi molestiae repellendus aut id est. Porro adipisci non qui earum blanditiis non voluptatem. Dolore beatae ratione suscipit debitis corrupti eos harum.',78629.4,'http://goyette.org/'),(575,23,'unde','Reprehenderit placeat molestiae eum ut tempora sint ab nostrum. Tempora quia laborum maxime ut. Aut dolorem architecto molestias amet officiis autem deserunt. Aspernatur asperiores magnam nemo similique ad. Suscipit harum nihil animi adipisci.',277420,'http://crooks.com/'),(576,96,'omnis','Quo voluptas expedita cumque voluptas quo rerum. Animi est rerum ad culpa eaque corrupti quidem. Voluptatem quaerat fuga explicabo voluptas quidem dicta culpa. Consequatur libero eaque nam omnis.',137349,'http://kozey.com/'),(577,13,'optio','Quia ipsa facere quia ut qui. Magni ut ut temporibus similique eius rem ut. Tenetur sint rerum ipsa eius culpa vero.',70443.5,'http://www.lockmanbeahan.com/'),(578,94,'qui','Et quisquam aut ea et excepturi nostrum qui. Sunt qui voluptate et omnis reiciendis. Itaque animi quia et quidem esse. Repellendus aspernatur non error quia maiores. Sequi quod aliquam laborum neque esse facilis.',77656,'http://www.osinski.com/'),(579,94,'mollitia','Dolores amet nisi qui et. Rerum officiis necessitatibus laborum alias. Et eos asperiores quisquam culpa consequatur facere consequatur totam. Iure nesciunt provident quis harum et et dolores.',49326.9,'http://hellerbernier.com/'),(580,35,'repellat','Unde et sint tempore et minus. At pariatur fugit optio consectetur et esse voluptas. Voluptas repudiandae ipsam dolor quo cum error. Optio omnis quisquam repellat qui est.',128880,'http://cronin.com/'),(581,65,'quia','Dicta harum cum accusantium sit esse quis aut. Maiores adipisci laboriosam ea harum. Esse voluptatibus cupiditate necessitatibus nostrum assumenda eveniet. Accusamus voluptatem qui vel corporis.',967112,'http://www.lemke.info/'),(582,95,'doloremque','Et fugit impedit harum deserunt. Et temporibus laborum eos consequatur. Inventore nesciunt molestiae voluptatum nobis quisquam.',133271,'http://bechtelar.com/'),(583,31,'dolor','Quaerat est nihil consequatur odio. Explicabo quis nam quibusdam fugit veritatis. In eum quis dolorem autem quia quis alias rem.',563326,'http://murazik.com/'),(584,38,'necessitatibus','Error quam placeat alias officia voluptatibus occaecati. Rerum porro deleniti enim voluptatem cupiditate. Mollitia perspiciatis officiis qui voluptas iste modi deleniti. Et ut sunt deleniti voluptates a praesentium enim.',85873.2,'http://bergnaum.org/'),(585,59,'vitae','Illo nisi natus impedit harum est. Qui magnam sed iste vitae perferendis at voluptatem. Quos tempora dolores atque ea quibusdam perferendis ex.',340647,'http://www.friesen.com/'),(586,70,'quia','Aliquid aliquid fugiat iste. Quos inventore aut ad quo ut. Animi qui dicta beatae sit ex. A animi labore voluptatem dolorum totam commodi.',231953,'http://goyette.net/'),(587,38,'assumenda','Doloremque ut amet ipsam maiores rem. Quisquam incidunt commodi assumenda doloribus. Voluptatem eum commodi est non. Et sint quia eum sit.',697924,'http://www.abbottvolkman.com/'),(588,60,'iusto','Aliquid voluptatem repudiandae in sequi a. Iste quia ab consequatur mollitia maiores quasi modi quidem. Nobis et numquam libero eum. Explicabo laborum non impedit laudantium hic eos et.',903196,'http://www.strackegreen.com/'),(589,59,'perferendis','Unde nemo aut dolorem amet et explicabo. Est ratione earum voluptatem ex et itaque. Ipsam voluptas non id quaerat dolorum. Placeat dolore eum perferendis recusandae in rerum.',714767,'http://www.dietrich.com/'),(590,18,'beatae','Ut ut dolores quibusdam quo sit. Molestias illo asperiores veritatis voluptates enim cum. Natus aut quo non eos.',198408,'http://abernathyhahn.com/'),(591,14,'recusandae','Dolores ad enim occaecati numquam consequatur et quia repudiandae. Et modi blanditiis quia facere vel iusto. Velit cumque hic et possimus est quo. Explicabo rerum perferendis assumenda labore aspernatur et in. Consequatur accusantium alias perspiciatis om',31013.8,'http://www.kuhn.org/'),(592,70,'earum','Explicabo voluptatem impedit et voluptas quia. Temporibus sed sint qui repellat nihil ut quo dolor. Sunt et temporibus porro atque distinctio laudantium. Aut provident ut natus nihil minus qui.',108589,'http://bednar.com/'),(593,90,'beatae','Incidunt reiciendis sed eum. Hic culpa inventore labore voluptatem odit voluptatem perspiciatis. Dolores aut illo molestiae aut in qui.',678380,'http://markswelch.com/'),(594,58,'suscipit','Mollitia animi itaque ea rerum optio. Illum quos odio expedita illo minima. Beatae similique voluptas et voluptate. Aliquid tenetur atque asperiores vel quibusdam.',558496,'http://www.ortiz.com/'),(595,25,'asperiores','Et dignissimos nostrum assumenda et repellendus quidem ut. Iusto omnis neque debitis. Dolor error repudiandae laudantium voluptatem facilis. Ipsa dolores explicabo aut sed doloribus.',862418,'http://ortiz.com/'),(596,42,'quas','Ab exercitationem aut consequatur voluptatum. Rem iure ut unde suscipit incidunt. Dolores omnis accusamus ab odio nihil blanditiis iure. Quod corporis dolorum eveniet voluptas.',775380,'http://flatley.biz/'),(597,9,'soluta','Voluptatem minima rem velit quisquam rem. Ut aut voluptatem quia totam ab id quis. Officiis commodi ratione ullam molestiae minus molestiae quia.',357050,'http://www.dickinson.com/'),(598,51,'non','Blanditiis voluptatum commodi et et. Suscipit dolore mollitia deserunt eligendi. Et laboriosam dolores cum consequatur est. Voluptatem dolores non expedita.',603882,'http://www.kautzerwiza.com/'),(599,56,'minima','Repudiandae quae et debitis vitae vitae. Quisquam beatae officiis animi quibusdam perferendis aut et. Velit et voluptas ut maxime quia aut quos.',476626,'http://armstrong.info/'),(600,67,'nobis','Quibusdam repudiandae sed ducimus. Atque ut at consequatur mollitia. Libero cupiditate earum ratione et est. Cupiditate aut illo aut et ut repellat.',981123,'http://www.lockmanflatley.biz/'),(601,63,'rem','Suscipit quia amet id est sint. Tempore dolore aut qui tenetur et cum. Delectus non quisquam corrupti ut non veniam omnis. Pariatur hic vitae dolore voluptas sed.',927497,'http://runolfsdottir.org/'),(602,78,'nobis','Neque unde tempora repudiandae et tempora quae sit. Architecto reiciendis sint sed aspernatur. Possimus error rerum eveniet non.',400072,'http://howe.info/'),(603,100,'ab','Consequatur quia eos commodi debitis quaerat quia dolorem qui. Sit aspernatur nesciunt ea blanditiis. Rerum illo qui nulla tempore et.',741027,'http://reinger.biz/'),(604,38,'ad','Eum qui ut saepe culpa. Numquam sint perferendis recusandae cupiditate in. Corporis quod est eligendi nam. Quod aut quia perspiciatis ea quos itaque sed.',246154,'http://hudson.org/'),(605,14,'quis','Reiciendis quo consequatur quia sapiente illo ea. Repudiandae debitis reprehenderit sequi qui. Deleniti quidem velit tempore eaque ducimus ut repudiandae dolorem. Commodi illo tempore molestias accusantium voluptatem ducimus.',484591,'http://dickensgislason.com/'),(606,73,'doloribus','Quis quae ea natus quasi sit quo. Officiis eos est est dolore. Delectus eius molestiae accusamus blanditiis amet earum aut qui.',825431,'http://gleichner.com/'),(607,98,'quis','Modi voluptatem officia cupiditate ut commodi illum. Distinctio omnis ut odio recusandae non ut praesentium. Tenetur et quisquam molestias consectetur voluptatum. Minus sed optio molestiae temporibus. Dolores aut molestiae eos voluptas sed in.',968458,'http://klingschuppe.biz/'),(608,82,'nulla','Doloribus molestias voluptatem velit quia porro consequatur occaecati quibusdam. Omnis et consectetur molestias exercitationem. Quo explicabo consequatur velit a.',348405,'http://abbottpacocha.biz/'),(609,95,'dicta','Aut eos dignissimos aspernatur pariatur praesentium. Quia error et architecto. Tempora eos corporis magnam corrupti sapiente laudantium.',505512,'http://hermiston.info/'),(610,62,'sequi','Ab autem deleniti incidunt mollitia deserunt. Vel illo dolores iure ex. Quae provident ab autem saepe in.',430384,'http://www.sporergutkowski.com/'),(611,52,'ut','Et in et cumque laborum. Maiores cumque assumenda labore deleniti est facere et. Odit cupiditate quaerat omnis nobis odio eos ipsa.',639826,'http://www.lednercollier.com/'),(612,43,'sunt','Eum provident neque in voluptatem quisquam est eum. Nemo sapiente deserunt temporibus temporibus. Velit quas fugit voluptatem in nulla. Non accusantium qui ut nihil quae non officiis illum. Et sit laboriosam ullam sequi aut dolor.',636978,'http://towne.com/'),(613,53,'sequi','Asperiores nesciunt eius nam consequatur ut quisquam itaque occaecati. Dolor nihil odio quia praesentium et. Perferendis quia natus aperiam fugiat.',117483,'http://www.kohler.net/'),(614,22,'repellendus','Consequatur sapiente aut porro eos reiciendis aut. Facere ab autem est optio velit dolor quod. Perferendis omnis quisquam illo expedita quidem. Qui sapiente est et libero voluptatibus officiis expedita.',68980,'http://www.jonesgislason.com/'),(615,44,'saepe','Nemo quia consectetur exercitationem cumque quasi dolores quis excepturi. Sed commodi non eveniet et error. Laboriosam in sunt voluptas vel quod aut corporis.',943732,'http://collier.com/'),(616,1,'veritatis','Est nam commodi quo vero. Reiciendis voluptatem modi quis quos. Sit at quae error.',521088,'http://wiegand.com/'),(617,57,'nulla','Deserunt enim aut debitis aut ut nam dignissimos. Qui facilis consequatur iste praesentium. Aut quis nemo et. Sed quod eos sed ipsum enim labore et.',534333,'http://www.lemkenolan.org/'),(618,32,'quae','Ea dolorum accusantium fugit tempore quia. Velit eum voluptatem reprehenderit est. Et veniam quod qui debitis sit ut.',198975,'http://www.cummerata.com/'),(619,76,'et','Error occaecati nisi qui quasi autem commodi molestias. Recusandae a est dicta sapiente suscipit perspiciatis id. Delectus voluptas sint aperiam et repellendus nemo nulla facere. Consectetur et maiores fugit non accusamus.',727845,'http://handgottlieb.info/'),(620,61,'fuga','Eum reiciendis error et aut. Amet labore nesciunt omnis. Exercitationem rerum necessitatibus fuga. Fuga natus excepturi quae.',970905,'http://ziememraz.com/'),(621,31,'dolore','Eum et a beatae placeat eaque. Sit accusantium dolorem quas.',24383.8,'http://ernser.com/'),(622,41,'commodi','At quas cupiditate provident beatae dolor. Qui dolores voluptatem ad voluptatem aperiam laudantium. Et quasi libero quis nostrum. Asperiores numquam vel totam voluptatibus adipisci molestiae.',706750,'http://www.grahamsanford.com/'),(623,66,'odio','Quia aliquid hic quaerat et. Culpa et rem et est. Reiciendis voluptas dolorum eos alias dolorem dolore.',450398,'http://oconner.info/'),(624,65,'rerum','Velit labore et ea et quo. Numquam voluptas recusandae dolores provident.',473245,'http://www.christiansensanford.net/'),(625,76,'quod','Repellendus nemo deleniti vel deleniti voluptatem rerum magni. Voluptas voluptatem voluptatem quas soluta unde rem. Natus similique ut sequi adipisci ab.',887913,'http://www.murazik.org/'),(626,8,'dolorem','Omnis et in nemo saepe at. Aut et qui voluptatem rerum. Placeat consequuntur ut eos impedit quia. Quas qui adipisci omnis necessitatibus. Excepturi nobis aut doloribus voluptatem quo consectetur voluptatum.',173718,'http://willms.info/'),(627,99,'labore','Amet et odio quasi. Aut est ut reiciendis explicabo. Sunt aut eaque saepe qui. Aliquam ut deserunt soluta voluptatem aliquid quasi totam quasi. Et ducimus et commodi illum velit.',303459,'http://huels.com/'),(628,14,'voluptatem','Repudiandae est voluptas ea temporibus. Itaque autem cum non. Quidem perspiciatis nulla enim et sapiente.',929609,'http://bailey.com/'),(629,75,'inventore','Et eos molestiae aut sequi quos. Ut perspiciatis magnam qui eveniet dolorem amet. Mollitia nobis ipsam maxime. Occaecati sit beatae et ex est ducimus.',261474,'http://www.schmeler.com/'),(630,88,'ut','Quo facilis provident vel dignissimos illum harum consequatur. Natus rem dignissimos voluptatem est est ad illum. Fugit magni blanditiis voluptas nisi consectetur.',51846.2,'http://litteldouglas.com/'),(631,18,'amet','Nemo veniam voluptatem molestias sed. Alias numquam esse doloribus debitis. Recusandae illum dolor non beatae molestiae laboriosam facere. Non adipisci dolor inventore sint.',974397,'http://www.anderson.com/'),(632,87,'iusto','Adipisci dolorem nulla dolorem nihil quas rem. Quia omnis non nisi magnam qui libero quisquam dolore. Fuga veniam sunt itaque possimus. Quis exercitationem voluptate tempore soluta architecto.',190835,'http://dickens.com/'),(633,4,'laboriosam','Dolor quidem et quibusdam id officia sed. Laboriosam tempora distinctio aut ducimus in. Optio et voluptatibus dolorum impedit voluptatem.',449644,'http://www.rutherfordrunte.com/'),(634,27,'vitae','Delectus nobis quod ipsa reprehenderit hic eveniet nobis officia. Vero dolores sed ab voluptate labore est voluptas maiores. Et pariatur rem animi non. Quia expedita ea explicabo veritatis fugit.',29192.2,'http://lynchcremin.net/'),(635,38,'eveniet','Consequuntur corporis sit et voluptatibus explicabo. Et et ratione rerum quam. Quia qui est dolorum ea.',895718,'http://windlerfarrell.com/'),(636,24,'deserunt','Et consequatur ducimus neque eos. Debitis aliquid temporibus velit. Aliquid labore quam veritatis ut.',350739,'http://www.lakin.com/'),(637,91,'quia','Ipsam odit nostrum magni eos consequatur fugit mollitia dolores. Qui sed cum optio dolore ut dolorem cumque. Voluptatem eum dicta aperiam sed tenetur.',199664,'http://trantowullrich.com/'),(638,2,'iste','Officia pariatur eligendi ut tenetur aut non. Occaecati eius nihil neque officia iste aut. Illo iste et doloribus sed quia.',485920,'http://www.tillman.com/'),(639,26,'aliquam','Voluptatum veniam rem voluptatum quaerat culpa. Rem voluptas vel non iusto omnis vero deserunt. Dolores explicabo itaque ut veritatis voluptas.',396932,'http://www.nicolas.com/'),(640,46,'dolores','Vel consequuntur quibusdam voluptatibus omnis. Placeat nemo aspernatur quisquam earum illo nobis totam. Quibusdam dolorem natus a voluptate iste consectetur.',721877,'http://beatty.com/'),(641,5,'est','Sit eaque blanditiis ea est omnis blanditiis. Iste sit consequatur numquam. Eos quod voluptatem et.',287714,'http://oconnelldonnelly.org/'),(642,48,'dolorum','Sapiente cupiditate earum consequatur facilis quis. Enim suscipit recusandae amet. Voluptatem eos natus laudantium quia aspernatur voluptas at.',552023,'http://mcdermottschmeler.com/'),(643,42,'quis','Quod dolore velit fugiat quo quibusdam aut eos. Perspiciatis consequatur sint veritatis veritatis porro vero suscipit. Ipsa qui mollitia ullam non.',526782,'http://hamillreilly.org/'),(644,73,'laborum','Officiis ut doloremque exercitationem dolorum. Quo voluptatem illo neque quia qui eligendi. Quibusdam corrupti et eos voluptatem et.',857132,'http://www.stracke.com/'),(645,87,'qui','Et quia et placeat excepturi consequuntur qui. Omnis qui commodi possimus velit qui eum voluptatem. Quaerat voluptatem facere est repellendus numquam.',882390,'http://www.lowe.com/'),(646,42,'nemo','Quia nesciunt tempore tempora. Incidunt explicabo consequuntur vel laborum vero aspernatur. Eveniet asperiores sequi aut doloribus quo. Et animi sit consequatur dolores deserunt ut.',636189,'http://www.jones.com/'),(647,92,'voluptatem','Qui vitae nemo earum error. Qui maxime nostrum ipsam aut eveniet soluta sint. Dolores officia maiores nemo velit est voluptatem. Mollitia eveniet autem praesentium reiciendis recusandae exercitationem. Architecto ut nemo fuga voluptatem.',646746,'http://crooks.com/'),(648,96,'est','Qui quidem est unde sit incidunt et. Delectus velit perferendis aut qui minima ut aut. Sequi assumenda fugiat quasi necessitatibus. Sed aut expedita placeat aut. Voluptatum quis sunt quia facilis.',779031,'http://ohara.com/'),(649,93,'voluptates','Et labore autem quidem nulla dolores recusandae. Quis maxime sed excepturi dolores et est ullam et. Rerum molestiae fuga perferendis inventore sed ut ducimus.',717415,'http://johnsonhowell.com/'),(650,59,'eos','Deserunt recusandae sequi sit neque deserunt necessitatibus omnis nihil. Sapiente natus qui ipsum dolorem est quibusdam inventore laborum. Dolorum ab molestiae quia dignissimos consequuntur accusamus. Numquam voluptas neque earum rem animi. Quisquam et au',415348,'http://www.schmitt.com/'),(651,10,'consequatur','Tempore temporibus at iusto quasi. Et distinctio qui iure sequi.',210391,'http://www.vonruedendavis.info/'),(652,33,'sed','Qui alias magnam et vel enim. Et voluptates sunt tempore excepturi sit.',921286,'http://www.carroll.com/'),(653,46,'voluptatem','Quo porro nulla quia totam. Soluta quis quia et distinctio totam illum iste. Ab vel est reiciendis aspernatur natus debitis sapiente. Voluptatibus officiis inventore est.',945061,'http://www.mertzharber.com/'),(654,37,'eos','Autem voluptas incidunt et tempora culpa. Consequatur ullam consectetur aliquam deserunt beatae sit reprehenderit beatae.',764162,'http://volkman.com/'),(655,64,'delectus','Aliquam enim omnis quae distinctio sit quo. Fuga porro deserunt voluptas aut vel ex corrupti voluptatem.',783765,'http://hartmann.net/'),(656,15,'assumenda','Voluptatem alias ut quo molestiae debitis et minima. Quas accusantium voluptatum alias aut. Exercitationem culpa voluptate omnis minima cumque.',710700,'http://www.spencer.com/'),(657,11,'est','Cumque et et voluptatem nemo architecto. Dolore veritatis odit vitae et nihil. Consectetur sit a et hic repellendus necessitatibus adipisci beatae. Nihil magni error fuga quidem consequatur sit repellat minima.',377213,'http://www.quigleyabshire.com/'),(658,87,'magni','Quos nisi asperiores porro sit fuga dicta. Vero architecto in minima cupiditate quibusdam. Maiores sapiente consequuntur fugiat qui quo non id. Delectus labore accusamus illo maxime.',761125,'http://rennerhowe.com/'),(659,27,'sapiente','Ut eveniet temporibus ut voluptas nihil rerum. Quis aut voluptatum ratione delectus quis voluptas. Dolorem qui error nesciunt facere nisi nesciunt. Sunt voluptatem quod pariatur soluta. Vitae in consectetur est ullam molestiae.',537042,'http://www.mante.com/'),(660,9,'ducimus','Maiores cum dolores atque placeat in mollitia. Culpa eos saepe iusto voluptate nam aut perspiciatis. Assumenda quibusdam dolores repellat officiis itaque qui labore quae. Tempora in mollitia aliquam quis ipsam dolorem veniam id.',168343,'http://www.jenkinsflatley.com/'),(661,40,'sit','Voluptatem et animi porro est velit omnis. Impedit doloribus ea odio in quae. Sed tempora dolore eligendi rem. Molestiae accusantium sunt ipsa deserunt et iure. Assumenda omnis possimus quisquam dolores est aspernatur cumque.',231593,'http://roobrutherford.com/'),(662,81,'ratione','Enim possimus quam adipisci ut dicta deserunt saepe. Officia quo doloremque eligendi molestias.',236226,'http://crooks.org/'),(663,86,'assumenda','Nesciunt repudiandae et aut quis sunt nam ut quo. Maiores eum in quia voluptas dolores et.',371114,'http://towneritchie.info/'),(664,50,'officia','Iure eius nisi quos eum saepe ea error. Soluta temporibus culpa iusto. Molestiae iure qui cum est vitae aut.',753939,'http://www.leffler.com/'),(665,28,'placeat','Explicabo voluptas architecto ut odit explicabo dolorum molestiae ratione. Velit perferendis a eum ipsam ut veritatis expedita. Fugit veniam qui aut quo molestiae deleniti. Id qui quod voluptas.',651486,'http://kreigerswaniawski.com/'),(666,55,'itaque','Nam incidunt ab tempora rerum dolorum enim. Autem et quam vero iste. Beatae quam optio sapiente aliquam.',719213,'http://larkinkulas.biz/'),(667,50,'sapiente','Et sequi in aut ipsam. Exercitationem blanditiis et expedita rerum in. Reiciendis quis eveniet inventore ad ea commodi ea. Repudiandae rerum qui expedita omnis consectetur sunt dolores.',538742,'http://www.breitenberg.net/'),(668,16,'rem','Animi ut deleniti aperiam suscipit est dolore et molestiae. Libero sunt quo cupiditate quam itaque omnis. Velit et qui harum excepturi quos dolorum repellat. Esse commodi autem vel dicta nihil quia ullam.',572309,'http://www.altenwerth.com/'),(669,77,'sint','Minima quo porro corrupti qui. Ratione quam sit illum dolor omnis voluptatum.',238254,'http://www.tillman.com/'),(670,64,'ipsam','A expedita asperiores dicta sunt illo ut est. Quis dolores blanditiis voluptates voluptas modi. Rerum sit et architecto velit qui rerum. Aut sit eos deserunt exercitationem.',542354,'http://www.bechtelar.biz/'),(671,45,'molestiae','Qui consequatur voluptatum animi aspernatur. Aut fugit adipisci officiis laudantium. Dolorem labore sint temporibus esse.',36602,'http://turner.com/'),(672,37,'itaque','Explicabo ut hic reprehenderit. Voluptatem harum reiciendis similique harum totam. Voluptatem aut voluptates quis ad quia reiciendis. Blanditiis ducimus quia quo fugit quia quos. Unde consequatur occaecati consequatur et.',2453.14,'http://lehner.com/'),(673,88,'asperiores','Ut dolorem provident amet corrupti laudantium sit est. Minus quasi nemo minus vero suscipit non. Quo vel enim excepturi illum et sit nesciunt eaque. Illo maxime vel nesciunt praesentium reprehenderit quia ab.',292962,'http://www.towneharvey.net/'),(674,8,'est','Vel doloribus nihil delectus molestiae rerum quisquam optio aut. Odio eveniet eos aut. Ducimus hic blanditiis quo qui. Facere aut ut rem.',696534,'http://www.farrell.com/'),(675,8,'saepe','Unde et nihil et et delectus quia sunt. Autem sint minus quod inventore. Placeat est fuga molestias aperiam. Eos nulla accusamus nulla ut mollitia dolores voluptas.',476019,'http://www.wardlubowitz.com/'),(676,61,'rerum','Cum soluta quod recusandae adipisci. Blanditiis quasi impedit facilis qui inventore vero. Vitae et doloremque voluptas qui. Dicta reprehenderit illum aliquam magni ad facere. Nemo iusto occaecati animi veniam est ipsam commodi autem.',724816,'http://cartwright.com/'),(677,87,'saepe','Dolores vel nulla distinctio nisi iste. Occaecati repudiandae quae ut voluptas animi velit. Et officia expedita sed illo autem id sit.',963430,'http://ortiz.info/'),(678,39,'perferendis','Voluptas molestias molestiae non et ad aliquam voluptatem. Voluptas tenetur ut aperiam ratione quas explicabo magnam qui. Cupiditate dolor deserunt incidunt sunt qui nesciunt. Id quis ea veniam.',212776,'http://macejkovic.org/'),(679,26,'quidem','Tempore temporibus voluptas consequuntur est ut molestiae maiores quos. Quo voluptatem enim illo veniam laborum. Ipsum quia mollitia sunt non nesciunt. Porro et soluta minus quia omnis.',346681,'http://gorczany.biz/'),(680,83,'eaque','Saepe quia ratione rerum corporis non veritatis nobis. Dolorum natus vitae dolorem et deleniti quia earum. Ex veniam nesciunt totam enim commodi. Ipsa beatae corrupti ea enim.',766818,'http://www.kris.com/'),(681,55,'quo','Sint consequuntur harum et enim consequatur sunt. Occaecati ut mollitia sit saepe non sit nostrum esse. Et voluptate minus labore dolorem quia dolores at. Id et dignissimos temporibus occaecati.',598746,'http://reinger.net/'),(682,100,'quia','Porro magni consequatur laborum rem. Ducimus dolores nemo et natus autem et harum. Optio aspernatur dolorem magni nobis qui natus. Doloribus nesciunt minima ipsa incidunt eveniet fugiat laudantium inventore.',96272.2,'http://durgan.com/'),(683,93,'molestiae','Molestiae odio provident labore enim explicabo. Voluptatem accusamus et inventore error error cum deserunt. Distinctio eum aliquid eum.',255589,'http://www.reichelmarquardt.biz/'),(684,15,'veniam','Aspernatur aut laborum qui qui et facilis. Animi itaque et occaecati fuga voluptatum voluptate.',451788,'http://prosacco.com/'),(685,23,'et','Error assumenda iusto perferendis dolorum aliquid ipsam voluptatem suscipit. Incidunt fuga qui labore iure alias enim.',415749,'http://smithamsawayn.com/'),(686,16,'similique','Non doloremque et est quia. Eius deleniti explicabo id perferendis omnis culpa eligendi. Molestias quibusdam illo minus repudiandae earum aut quaerat.',822767,'http://dachroberts.biz/'),(687,22,'ut','Amet non odit ut distinctio accusamus aut. Ea impedit et eius tenetur. Modi nostrum aspernatur dolores rerum itaque qui fugit. Voluptatum fugit rerum at.',989929,'http://www.terrytorp.com/'),(688,48,'fugit','Sit modi soluta in. Odit necessitatibus consectetur velit sit ea. Omnis voluptas aut quo assumenda.',445677,'http://lakinjakubowski.com/'),(689,14,'aut','Natus sit ab similique. Mollitia nam eligendi officia voluptatum voluptas reiciendis. Omnis beatae ipsam et porro in id. Ipsum voluptate aut adipisci.',170344,'http://www.kautzermcclure.info/'),(690,28,'et','Non cumque et architecto non. Quasi voluptas id eaque distinctio et iusto. Architecto et sit recusandae vero praesentium non eius. Exercitationem corrupti sed ad odit voluptates nihil ab impedit. Et illo error ut qui.',187289,'http://www.rodriguez.net/'),(691,90,'qui','Est tempora sunt deserunt doloribus explicabo ut nihil distinctio. Nihil quia autem cumque autem velit. Velit quasi dolorum expedita perferendis sunt ut ullam. Et magni ratione veritatis maxime perferendis eum non. Ullam blanditiis excepturi deleniti porr',924832,'http://kuvalis.info/'),(692,37,'et','Reiciendis dignissimos ratione est nostrum odit. Quasi est eaque distinctio atque maiores consequatur. In consequatur sed eius voluptas est ipsam enim. Dicta esse architecto sed porro.',827806,'http://www.deckow.com/'),(693,24,'in','Est consequuntur assumenda tempore veniam sit. Distinctio quisquam iure officia harum blanditiis rem expedita. Sit et cum occaecati enim similique.',466929,'http://franecki.com/'),(694,88,'aut','Aut a magni rem quia at dicta officia. Consequuntur rerum velit eum. Non voluptatum voluptatum perferendis. Qui sit ut quae ut.',738940,'http://krismetz.com/'),(695,54,'consequatur','Et modi illo quia illo architecto corrupti velit. Nobis id consequatur et repellat hic unde. Tempore velit atque reiciendis id architecto ratione autem. Dolor reiciendis laborum sit temporibus quaerat.',908530,'http://www.greenroob.net/'),(696,49,'numquam','Qui pariatur et quidem quam laborum dolorum rerum. Repellendus cum voluptates reiciendis eum. Dolor voluptatem consectetur facilis error.',561968,'http://hahnlowe.com/'),(697,66,'qui','Dolor soluta iusto repellat atque explicabo aperiam. Numquam pariatur ut mollitia saepe. Deserunt dolor minus unde dolores repellendus praesentium eum.',659860,'http://www.medhurstrosenbaum.org/'),(698,41,'unde','Vel dolorum reprehenderit consequuntur quam. Voluptatem non aspernatur rerum velit distinctio excepturi. Vitae quidem et quod modi tempore quisquam.',790136,'http://www.nitzscheyundt.biz/'),(699,48,'quas','Vel numquam velit quaerat quia aliquid. Aut qui omnis debitis. Accusantium reiciendis adipisci aut.',515716,'http://stammrath.com/'),(700,56,'dolores','Eaque non laborum dolorem optio quam. Vitae veniam rerum temporibus similique et dolor. Hic error quae consectetur voluptate officiis quibusdam officiis. Libero quae odio pariatur sed consequatur eligendi qui. Facilis molestiae dolores deserunt voluptas.',617338,'http://www.dubuque.com/'),(701,93,'assumenda','Officiis rem possimus aliquam et. Incidunt sed quisquam vitae dolorum pariatur placeat. Aut ducimus nihil voluptate provident quia. Distinctio sint repudiandae quasi accusantium esse. Cumque aut saepe repudiandae eius consequuntur.',717143,'http://lebsack.com/'),(702,20,'possimus','Est ut suscipit delectus voluptas vitae. Fugit quidem et consectetur nam amet quam.',112460,'http://west.com/'),(703,31,'sed','Sit quia recusandae quidem consectetur modi veniam. Sunt velit sunt corrupti aliquam. Voluptates nesciunt asperiores est id.',284271,'http://www.kerlukedare.com/'),(704,3,'ut','Velit laborum repellendus quaerat dolorum quis. Non eaque alias quod assumenda dignissimos. Vero itaque qui repellendus eveniet. Similique et fuga necessitatibus.',409683,'http://www.feest.com/'),(705,65,'culpa','Ullam aut magni autem voluptas ullam nostrum cumque. Soluta hic nam quas dolorem quia. Beatae nisi tempore tenetur eum facere cumque. Et corporis esse tenetur aliquid et dolorem.',474670,'http://www.brown.com/'),(706,69,'iste','Voluptatibus recusandae voluptas odit atque dolores. Dolor quia et laboriosam repellendus libero ducimus. Voluptatem dolor eos nisi sed. Rerum aperiam expedita magnam voluptate dolorem.',471562,'http://douglas.com/'),(707,2,'voluptates','Amet aut sed et assumenda corporis quis. Illo ratione eaque hic et iste. Illo qui debitis reiciendis earum nobis.',451839,'http://www.moore.com/'),(708,46,'dignissimos','Ipsa natus quod odit accusamus porro. Repellat dolores praesentium non ullam quo voluptatum. Qui ut dolores est soluta sint ut suscipit. Unde veritatis aliquam veniam corrupti nulla adipisci.',988743,'http://kreigerkassulke.info/'),(709,15,'eum','Consequatur fugiat reiciendis temporibus totam culpa. Occaecati autem est id. Occaecati in optio praesentium vel rerum qui. Id eligendi commodi ducimus consectetur. Sit quidem magnam et officia sed.',297236,'http://weimannvon.info/'),(710,35,'eos','Voluptas ipsam et vero magni earum quia commodi. Consequuntur sunt sed neque iste et quo. Non doloremque suscipit ratione voluptas eaque consequatur aut. In asperiores rem voluptate in accusamus quia dolores soluta.',148189,'http://hintz.net/'),(711,88,'ullam','Voluptas est consequatur sit eligendi. Molestiae rem aliquam placeat. Minus dolor molestiae culpa quam adipisci nemo ut. Ipsum voluptas non tenetur deleniti sit qui.',131916,'http://friesen.com/'),(712,50,'eos','Nostrum saepe doloremque repudiandae soluta. Error nobis enim ipsa dolor sit ad. Consequatur blanditiis impedit nostrum sint. Quidem occaecati qui vel.',92596.4,'http://www.miller.org/'),(713,86,'id','Odio consequatur rerum molestias aut consequatur esse. Aperiam et nisi optio. Voluptatem quo dolorem occaecati sed ut ut.',935635,'http://lebsack.com/'),(714,66,'illo','Iste voluptas ullam quia maxime dolorem laboriosam perspiciatis illo. Neque expedita ut voluptatem explicabo unde. Nihil voluptatem nam accusamus aut illum fugit. Repudiandae veniam odit ut ut.',755628,'http://www.okeefechamplin.com/'),(715,40,'velit','Eligendi consequatur sed ex officia cumque facilis nobis. Aliquam et et eveniet. Laborum eligendi et soluta aut. Animi fugit ut aut voluptas accusamus et dolores.',974456,'http://www.hills.net/'),(716,36,'similique','In eum tempora in necessitatibus culpa et temporibus. Recusandae distinctio est neque. Sed natus ut eum aut voluptatem ea.',868621,'http://ledner.com/'),(717,28,'provident','Vitae non cumque et qui rerum quod. Ea ipsum eligendi delectus deleniti omnis minus. Libero occaecati necessitatibus facere dolores ea. Tenetur natus enim sapiente aut.',902913,'http://www.zulauf.com/'),(718,43,'totam','Officiis modi ipsam accusamus et. Exercitationem blanditiis corporis quia. Distinctio et eos esse quas explicabo. Repudiandae ullam beatae exercitationem ea amet quasi aut.',982524,'http://www.bernier.com/'),(719,49,'et','Pariatur ipsam quo vero et quo. Atque fugiat rem et omnis eos. Eius qui officiis ea ipsam voluptatem beatae veniam. Qui debitis inventore et tempora.',847741,'http://denesikkreiger.net/'),(720,75,'exercitationem','Ducimus nam velit ad. Nihil velit eveniet sit omnis perferendis aut. Totam sit ullam ratione quibusdam fuga quam eum.',480964,'http://www.kshlerin.com/'),(721,37,'culpa','Nostrum assumenda odio eum vitae illo corrupti. In iste officiis ea eligendi dolores sequi ipsum. Consequatur quasi enim repudiandae esse.',753018,'http://oconnellschimmel.com/'),(722,85,'est','Laudantium distinctio veniam sed ex magnam esse deleniti consequatur. Eius eaque ut dolorum distinctio voluptatem ipsam temporibus. Maxime fuga voluptatem id qui dolore.',559354,'http://www.purdyfahey.info/'),(723,1,'quae','Ex omnis ut ut veniam assumenda. Et repellat nisi ab dolore voluptas omnis. Laudantium expedita possimus fugit est. Nulla eveniet aut enim nobis eius debitis aut tempore.',854387,'http://gutmanndouglas.com/'),(724,63,'qui','Doloremque recusandae est doloremque exercitationem doloremque. Illum quo quis est est non. Libero quibusdam est officiis id. Magni nostrum odit quae dolorum sint a nihil sapiente.',758710,'http://www.skiles.com/'),(725,73,'ratione','Sed nihil ratione nobis velit perferendis repellendus. Dolores itaque eum molestiae. Culpa illo recusandae id rerum.',904168,'http://www.weimann.com/'),(726,55,'sint','Omnis voluptates dignissimos minus laboriosam odio non excepturi. Doloribus et sequi rerum tenetur et.',675537,'http://www.schowalter.net/'),(727,90,'quia','Quis sapiente ipsam tempore non cum. Culpa ipsam dolorem quisquam neque sed rerum. Enim aut at rerum nam numquam rem.',275510,'http://bartell.com/'),(728,89,'est','Vero eos qui tempora saepe iste temporibus aut. Dolor nam quisquam omnis odio quaerat repellendus quibusdam. Enim sit vel officia autem. Nulla rerum nisi expedita perspiciatis facilis.',428747,'http://www.kerlukegutmann.com/'),(729,96,'libero','Ad sunt est voluptatem occaecati ut recusandae eos. Nihil ad nesciunt et. Necessitatibus est ex rerum rerum inventore culpa qui tempore.',516079,'http://lehner.biz/'),(730,22,'ea','Officia assumenda veritatis delectus occaecati numquam. Ut sit velit quibusdam.',497603,'http://www.hoeger.com/'),(731,4,'enim','Minus nesciunt dolores rerum qui corrupti consequatur vero. Tempora dolores assumenda atque aspernatur accusantium molestiae quam explicabo. Aut voluptate explicabo eveniet explicabo. Perspiciatis velit molestias pariatur pariatur. Voluptas alias voluptat',597383,'http://www.robel.biz/'),(732,95,'debitis','Aut accusamus quisquam laudantium ut enim. Adipisci eveniet sequi et blanditiis aut. Eligendi magnam occaecati aspernatur necessitatibus similique aspernatur delectus.',468214,'http://erdman.org/'),(733,61,'est','Distinctio dicta voluptatem soluta repellendus qui. Sit assumenda sapiente natus enim quisquam. Aliquam eum optio nisi. Totam et aspernatur at vel fugiat fugit. Natus quaerat itaque laborum vitae commodi vero unde atque.',77294.2,'http://padbergerdman.com/'),(734,21,'voluptatibus','Quia voluptate illum exercitationem omnis id et. Temporibus voluptatibus labore est consectetur est. Unde sint ullam sequi minus. Nulla voluptatem at quos impedit.',55893.6,'http://www.schuster.biz/'),(735,54,'facere','In nemo beatae quia consequatur qui. Quia dolor ab aut dignissimos quia. Et vel dolorem atque dolor iure facere.',82883.2,'http://www.oharaokuneva.com/'),(736,19,'adipisci','Nulla asperiores vero suscipit quas expedita. Voluptas enim eum consectetur accusantium qui. Voluptate sit quos possimus quis ipsam qui. Ratione tempore ut incidunt. Nesciunt maxime laborum itaque optio atque ab.',777156,'http://oconnertremblay.net/'),(737,39,'consectetur','Est modi accusamus reiciendis saepe enim odit sed. Commodi et et ipsa. Voluptatem aut est aut incidunt ullam odit blanditiis. Natus odio quidem recusandae alias asperiores.',475750,'http://farrell.info/'),(738,78,'aspernatur','Dicta sint dolorum voluptate non voluptatem. Optio consequatur fugiat saepe sit. Praesentium qui odit et ea corrupti placeat. Ad aut sed aut ea accusantium alias porro.',40151.7,'http://simonis.com/'),(739,7,'in','Possimus dolor cumque temporibus sunt labore quia dolorum id. Magnam alias quisquam laudantium et ea. Ab culpa necessitatibus hic et eum dolorem. Nulla cupiditate ipsam eius et eveniet quo sit.',559332,'http://www.monahan.com/'),(740,59,'maiores','Quaerat nemo molestias et. Molestias ut rerum totam est. In assumenda omnis distinctio sint culpa.',317069,'http://collier.com/'),(741,94,'aut','Itaque est voluptatibus molestiae et esse non. Hic dolore harum voluptates id enim sapiente. Enim deserunt reprehenderit aliquid laudantium. Magnam ipsam omnis id ea.',853120,'http://kovacek.com/'),(742,34,'assumenda','Voluptatem magni asperiores exercitationem exercitationem culpa est et. Unde non et accusamus in quis dolores ipsum.',414287,'http://www.doyle.com/'),(743,23,'voluptatibus','Rerum eos necessitatibus veniam delectus eligendi repudiandae maxime suscipit. Maiores et voluptate et porro aliquam suscipit fugit qui.',126142,'http://howellpaucek.info/'),(744,55,'sunt','Sapiente explicabo dolore ut qui. Natus odit illum officiis ut voluptate quaerat est qui.',411859,'http://rohanharber.com/'),(745,59,'rerum','Autem libero quae ut quaerat est adipisci non praesentium. Ut sit impedit qui veritatis voluptas exercitationem voluptas. Dolores sit quia atque harum.',589805,'http://gradyoconner.com/'),(746,77,'delectus','Voluptates eos ipsa doloribus quibusdam dolore tenetur accusantium est. Nihil reprehenderit ad sequi molestias rerum necessitatibus. Amet officiis et voluptatem nisi qui. Et officiis et sed labore aut voluptatem.',936929,'http://wilderman.com/'),(747,50,'nesciunt','Non rerum et sunt eum est molestiae blanditiis sit. Qui sit officiis consequatur similique cum dolorum. Necessitatibus voluptas consequatur eius expedita.',588761,'http://feeney.info/'),(748,65,'id','Aut quis ad quis laudantium. Quibusdam reprehenderit culpa laborum praesentium minus. Aperiam facere soluta odio ut autem qui voluptates adipisci.',93473.5,'http://www.schmitt.com/'),(749,71,'inventore','Minima fugiat vitae et dignissimos. Dolor atque deleniti cumque fugit iste dolor. Est libero consectetur error sed voluptate.',688170,'http://kuphalbashirian.info/'),(750,45,'quidem','Qui tempora aut quasi quidem qui minima enim. Inventore ut provident in impedit quod. Magnam dolor impedit aperiam quo rerum explicabo velit.',705755,'http://www.pfannerstill.biz/'),(751,70,'facere','Dolorem et et voluptatem itaque aliquid. Eligendi nulla et nesciunt sapiente distinctio nihil et cupiditate. Sed exercitationem soluta soluta ad rem quibusdam. Sapiente nisi vel officia.',939129,'http://mohrlegros.com/'),(752,17,'molestiae','Adipisci aliquam quo impedit ratione exercitationem. Sit repudiandae minima sapiente. Molestias nihil nihil aut perspiciatis atque dolore saepe. Quod perspiciatis praesentium unde iste et maxime.',859129,'http://farrell.info/'),(753,85,'labore','Similique incidunt sapiente impedit sint rerum doloribus. Accusantium velit quia eum adipisci aut. Vitae aut maxime veritatis aut optio.',279069,'http://www.gerhold.com/'),(754,68,'qui','Nihil ratione necessitatibus nam numquam quos sequi inventore. Ad optio quae aut assumenda at blanditiis. Iure est neque maxime natus fugiat explicabo.',701582,'http://weberdickens.com/'),(755,100,'in','Sed error vitae eum est qui cupiditate. Magni qui cum eos et qui occaecati. Molestias expedita illo officia autem omnis dolores.',502680,'http://upton.net/'),(756,100,'occaecati','Dolore quisquam ipsam iure enim architecto. Sit sunt provident voluptas recusandae ipsum deleniti dolores. Et omnis animi asperiores ut necessitatibus asperiores saepe. Et sapiente asperiores iure.',833553,'http://heathcote.com/'),(757,57,'et','Minima quis aut iste recusandae ad. Aut ut occaecati dolores ut. Deleniti cum voluptas doloribus ipsam corrupti quis.',507502,'http://www.weber.net/'),(758,18,'et','Voluptatem enim porro qui quisquam qui ut. Et dolor eum consequatur odio id dicta sint. Molestiae dolorum excepturi aut rerum sunt repellendus placeat. Aspernatur unde fuga ipsa recusandae placeat voluptatem eaque consequatur.',365287,'http://mills.biz/'),(759,71,'quod','Quis quidem ut illo deleniti aut sit. Aspernatur commodi ut atque necessitatibus.',788724,'http://www.labadie.com/'),(760,13,'est','Dignissimos dicta iste nulla et non aut. Tempora tempore delectus voluptatem quis dignissimos. Debitis iusto sunt qui id ipsa inventore neque.',551617,'http://sporer.com/'),(761,93,'dignissimos','Sit doloremque molestiae aut voluptas ipsa dolorem repudiandae. Et voluptatem amet velit dolor quia odio iusto. Et soluta sunt est. Tenetur ex et eaque sit sed velit consequuntur.',580056,'http://www.mclaughlin.org/'),(762,93,'exercitationem','Commodi laudantium eos ducimus occaecati dolorem. Ab accusamus non beatae. Ut et veritatis et laboriosam debitis.',974325,'http://www.greenholt.com/'),(763,44,'molestias','Provident sint quaerat non. Ut ratione architecto consectetur omnis ex. Ad velit voluptatem quas sint voluptatem.',664793,'http://huel.com/'),(764,6,'provident','Est quis non dolores consequuntur iusto sequi odit. Eaque cumque eaque omnis et est.',937560,'http://www.greenfelder.com/'),(765,81,'quis','Sed ut repellat mollitia quo. Qui nam sint officia sint. Optio architecto neque voluptas cumque ipsa est consequatur.',486760,'http://hegmann.net/'),(766,46,'ut','Minima sed ut rerum voluptatem odio nemo. Voluptas debitis voluptatibus aliquam ipsum incidunt. Est iste ea quibusdam rem.',631543,'http://heidenreichromaguera.com/'),(767,47,'a','Corrupti modi id non. Eligendi vel corrupti occaecati aliquam perferendis.',216560,'http://www.greenfeldersanford.biz/'),(768,71,'ut','Repudiandae inventore corporis mollitia delectus possimus similique. Eos tempore nihil iste enim eos. Dolorum distinctio praesentium numquam dicta nihil a vel. Aliquid repellat autem occaecati enim dignissimos consequatur delectus.',29562.8,'http://www.schusterbailey.com/'),(769,96,'eos','Consequatur dolores nihil et ad fugiat. Nulla voluptate voluptate minus quaerat. Neque nemo illo est totam. Ea nemo ab sed accusamus rerum.',580030,'http://johnston.com/'),(770,68,'necessitatibus','Quo perspiciatis qui sint reprehenderit inventore et et. Non velit eos corporis minus error. Fuga et suscipit in facilis velit. Veritatis consequatur molestias eum. Ea est error iure.',564172,'http://www.torphy.info/'),(771,53,'est','In facere doloribus praesentium perspiciatis eius cumque et ipsam. Perspiciatis aspernatur accusantium odio occaecati et. Impedit consequatur assumenda velit vel.',109745,'http://www.gutmannhettinger.com/'),(772,23,'nihil','Distinctio id et eius laboriosam rerum non culpa sint. Vel qui omnis sed. Animi facere voluptatem facere. Sint qui quaerat et omnis sit enim.',23722.1,'http://www.kreigernader.com/'),(773,71,'sapiente','Deserunt vel dolore est enim ab ut. Natus consectetur sint est aut sequi doloribus. Quae magni est corporis molestias.',823502,'http://www.smitham.biz/'),(774,53,'ipsum','Est nihil corporis eos animi nam omnis repellat id. Placeat laboriosam facilis blanditiis et. Eum aliquid corporis saepe est soluta provident est. Placeat aperiam aut nulla fuga cumque.',351674,'http://damore.com/'),(775,19,'labore','Ad sed fugit voluptatem qui sed qui hic. Vitae quis porro optio. Aut incidunt ut eaque aut id maxime.',351639,'http://www.bartoletticorwin.info/'),(776,20,'voluptas','Ratione porro quis nam eum et dolores repellat ut. Rerum quidem magnam est fugit. Rerum numquam dolor mollitia maxime rerum ut unde dolor. Perferendis earum et qui facere magni sed ut.',863095,'http://www.sporer.com/'),(777,16,'sed','Minus velit distinctio et veniam cupiditate. Maxime autem repellat voluptatem dolores deleniti distinctio. Voluptatum ab quo labore omnis suscipit. Qui sunt blanditiis ullam quasi velit voluptatem eius accusantium. Dolorem voluptatem molestias laborum.',681388,'http://strosinkihn.biz/'),(778,4,'odit','Nulla laboriosam sint rem quisquam placeat minus laudantium eos. Mollitia nobis qui nemo velit. Earum quia repudiandae commodi autem.',315658,'http://www.schusterhansen.com/'),(779,26,'animi','Voluptas quia optio officiis voluptatem molestiae. Quos minima assumenda molestias quos. Unde quam qui totam assumenda. Et voluptas cupiditate qui tempore nesciunt.',379343,'http://www.schmitt.com/'),(780,37,'rerum','Ut numquam doloribus esse ducimus voluptas. Ut asperiores harum eos amet est maxime recusandae. Rem consectetur explicabo dolor velit placeat laborum.',408579,'http://www.witting.com/'),(781,71,'ut','Velit sint dolorum dolorem eveniet impedit quo quidem nihil. Non consectetur ullam eligendi blanditiis eos nesciunt ratione. Totam saepe rerum ea quidem.',889870,'http://cummingsbruen.com/'),(782,85,'nesciunt','Porro ratione eos et omnis. Sed dolore est nihil id in. Sapiente dolor velit qui occaecati nihil.',85437.8,'http://www.schmidt.com/'),(783,83,'fugit','Vitae ut dolor ex. Porro quasi voluptatem voluptatem atque quis. Est ducimus non blanditiis molestias veritatis mollitia qui.',273686,'http://www.brown.com/'),(784,40,'aliquam','Eos minus maiores quod. At id occaecati unde sed adipisci recusandae. Et dolores ducimus reprehenderit voluptas. Adipisci sit dolorem quisquam nihil amet mollitia. Dignissimos nam distinctio vel est.',338342,'http://kessler.com/'),(785,3,'est','Voluptatibus ipsa iure tenetur accusantium. Modi suscipit occaecati voluptatem commodi aut qui. Et enim ipsum quia blanditiis ut consequuntur. Hic veniam nihil doloribus rerum id fugit quia.',119179,'http://reinger.com/'),(786,30,'iure','Hic eaque nostrum suscipit. Explicabo ut neque sint ipsa. Minus porro minus eos aut qui itaque. Eos nam reprehenderit numquam rerum voluptatem autem quas perspiciatis.',535477,'http://nader.info/'),(787,41,'omnis','Praesentium consequuntur qui accusantium eos ut. Ut reiciendis porro fugiat. Officiis velit beatae occaecati delectus harum eveniet.',710490,'http://lindgrenbosco.com/'),(788,95,'omnis','Maiores enim quas enim quod ullam consequuntur dolor. Delectus odio velit inventore commodi quis repellat. Aut non libero asperiores et dolor. Nihil doloribus doloremque perferendis voluptatem qui exercitationem placeat.',312853,'http://kirlin.com/'),(789,1,'sed','Est minima voluptas alias nemo et quia et. Facere recusandae voluptatibus nihil magni deserunt qui animi veritatis. Voluptas omnis minima dolor voluptates est. Sint impedit ut optio iusto molestias aliquid recusandae.',816505,'http://treutelrunte.com/'),(790,49,'exercitationem','Omnis atque veritatis quaerat et rerum perspiciatis adipisci. Sed exercitationem tempore sequi. Et maxime consequuntur et aut optio vitae ut. Fugit assumenda quisquam nam doloribus laborum sed eos mollitia.',279516,'http://www.kulas.com/'),(791,56,'fugiat','Animi pariatur voluptatem numquam corporis quod unde. Voluptates perspiciatis minima nihil possimus consequatur quos id exercitationem. Ea molestiae suscipit voluptatum sed alias veritatis corporis.',765756,'http://www.deckowmante.info/'),(792,39,'est','Vel voluptas corrupti recusandae ut accusamus. Sed repellat quod facilis deleniti dolorum assumenda.',129506,'http://cormierkiehn.com/'),(793,9,'voluptas','Et veniam dignissimos ad tenetur omnis. Autem ut veritatis eveniet aut quae voluptas et consequatur. Fugiat deleniti sapiente suscipit nisi.',193147,'http://murray.com/'),(794,91,'qui','Voluptates sequi voluptate magni delectus sequi saepe est consequuntur. Laborum aperiam laboriosam nobis aut temporibus.',514514,'http://zboncak.org/'),(795,18,'fugiat','Recusandae rerum quo atque autem sapiente quisquam commodi soluta. Vitae eum nam voluptatibus rerum et adipisci ipsam dolorem. Et eveniet aut qui. Vel rerum maxime nihil voluptatem et excepturi vel. Eaque qui fugiat earum doloremque autem.',508086,'http://www.andersonkihn.com/'),(796,81,'numquam','Nulla harum possimus vel dolore est explicabo. Laudantium officiis nobis eaque expedita quasi est. Architecto modi et mollitia. Omnis eveniet temporibus aliquam voluptatem voluptas earum ut.',24208.8,'http://dibbert.com/'),(797,32,'et','Est culpa similique maiores atque nesciunt ut. Culpa facilis aliquid repellendus nostrum. Occaecati magni quis quia.',38575.5,'http://www.koepp.com/'),(798,94,'asperiores','Est consequatur velit quas ab. Repudiandae cumque doloribus est voluptatum. Possimus eaque ut incidunt quis. Aliquid qui officiis deserunt consequatur perferendis voluptatem accusantium. Aperiam officia labore quaerat impedit.',294803,'http://www.mayerthompson.com/'),(799,22,'minima','Modi sunt consequatur cumque. Saepe odit assumenda omnis magnam in reiciendis. Aperiam qui eos itaque animi a et debitis. Eos modi perspiciatis molestias deserunt est perferendis minima occaecati.',207898,'http://www.hegmann.net/'),(800,18,'possimus','Qui enim est eum minus. Aut ullam ad et assumenda. Qui deserunt totam nam error. Eum odit nostrum aut perferendis tempore. Sit dolor deleniti alias ad quia natus.',476626,'http://www.rauchamplin.com/'),(801,99,'sint','Expedita et asperiores quos earum asperiores magni distinctio. Saepe voluptas aliquid autem architecto voluptatem. Et ab temporibus tempore vel dolorum dolorem. Necessitatibus aut ut qui et vel.',863632,'http://breitenberg.net/'),(802,65,'nam','Laboriosam nostrum vitae ut velit repellat voluptatem sit. Quisquam ex nihil quam non doloribus similique. Tenetur odio soluta pariatur excepturi consequatur quo quia explicabo. Suscipit quas at earum possimus neque quia. Nulla beatae optio dolores aliqui',668327,'http://bogandare.com/'),(803,7,'et','Earum veritatis minus hic harum. Earum nihil ipsum et sit eum. Non inventore molestiae aut debitis.',993374,'http://www.schoentrantow.biz/'),(804,70,'et','Omnis est et ut expedita dolore repudiandae temporibus. Veritatis perspiciatis sit fuga ut eos aliquid asperiores. Ipsa dolores omnis ex soluta aliquid. Sint nulla odio nihil.',316461,'http://schroeder.com/'),(805,78,'maxime','Sequi adipisci natus modi voluptatem maiores sit quam. Similique ullam qui veniam est omnis velit fuga aliquid. Rerum culpa omnis quaerat nemo perspiciatis.',407711,'http://wyman.com/'),(806,13,'eum','Maxime rem aliquid aut beatae cumque. Voluptatem quia nobis nisi ut. Repellendus quasi quos est harum nihil accusamus qui. Sapiente dolorem error qui asperiores et.',470552,'http://www.kunde.com/'),(807,92,'nulla','Ratione nisi molestiae architecto magni velit aut iusto. Sit veniam consequuntur quo pariatur sed neque perspiciatis a. Quos ad dolor quia.',461973,'http://www.olson.com/'),(808,93,'hic','Nobis quos laborum voluptatem ipsa consequatur assumenda. Voluptatibus dolore dolorem quaerat quibusdam molestiae qui incidunt quo. Et quo sit id voluptatibus. Cum quia magnam voluptatum et dolorem minus porro.',698070,'http://stark.com/'),(809,24,'sunt','Dolores beatae consectetur beatae non laborum et in. Autem non dignissimos et quia atque aut.',408695,'http://kozeycummerata.com/'),(810,75,'maiores','Autem doloribus vero consectetur repudiandae est. Odit itaque doloremque sit nulla rerum est. Dolores ad cumque aperiam nesciunt eveniet necessitatibus.',693486,'http://www.bashirian.com/'),(811,12,'molestiae','Dolores ab repellat beatae et rerum aut. Esse qui ut possimus eos velit. Distinctio perspiciatis magni quidem id. Iure ex repellendus quis quas asperiores esse rem.',354043,'http://www.beier.com/'),(812,96,'molestiae','Repellendus architecto aspernatur et modi est odio recusandae. Voluptatem est blanditiis explicabo et asperiores deleniti. Error et nobis adipisci optio. Neque odio aut aspernatur reiciendis doloremque dolores velit.',538219,'http://torparmstrong.info/'),(813,100,'nisi','Sint soluta sapiente enim. Reiciendis natus aut et nam exercitationem nihil id. Adipisci mollitia doloribus et animi. Cumque dicta deleniti accusantium aut hic enim.',86718.6,'http://haag.info/'),(814,30,'fugit','Reprehenderit quia minima laboriosam quia non hic beatae. Eaque consequatur saepe ut repellendus qui vel doloribus. Officia ducimus magni commodi illum voluptatem aut reiciendis laboriosam. Voluptatem quia ut vel occaecati dolorum quaerat modi dolorem.',874268,'http://pouros.org/'),(815,91,'a','Dolores enim ut harum non veritatis rerum et. Voluptatem blanditiis rerum voluptatem autem non sit. Ut id non tempore pariatur voluptatem necessitatibus. Cupiditate eligendi nemo dolor ut.',40583.9,'http://gulgowski.info/'),(816,3,'dolorem','Quam autem et quibusdam sapiente et voluptatum autem. Ut ullam minima minima nisi autem. Nam totam vel aliquam quas. Voluptatem nostrum consequuntur enim.',13018.7,'http://harris.com/'),(817,34,'necessitatibus','Iure molestiae ut omnis. Beatae perferendis ut omnis nulla maxime. Non suscipit sunt qui minima voluptatem nobis. Aut voluptas ea asperiores ratione velit nam consequatur.',764318,'http://www.champlin.com/'),(818,86,'quae','Numquam debitis animi qui recusandae rem ducimus dolor. Iure rerum dicta ipsum quis maxime aut voluptatem.',147260,'http://www.boyerlarson.com/'),(819,7,'dolores','Harum sit nam nihil quas et velit officia. Praesentium dolorum perspiciatis accusantium voluptate sint. Reprehenderit corporis dolorem error esse nihil ut quod.',354718,'http://armstrong.org/'),(820,43,'illo','Quia iure ea esse blanditiis rerum. Optio ut quidem rem dolorem et magni omnis et. Sit in sed est et ratione consequatur voluptatibus. Sapiente alias et amet ratione fugiat.',498475,'http://www.cummerata.biz/'),(821,32,'vel','Voluptatibus temporibus accusantium et quo et enim debitis. Eius omnis ipsa excepturi aspernatur atque rerum. Debitis unde at sed itaque qui harum deserunt.',732057,'http://www.bogisich.com/'),(822,23,'reprehenderit','Deleniti laborum eius et eos. Porro consequuntur voluptatem non veritatis. Quod omnis sint voluptas dolore earum. Nostrum officiis voluptas perferendis excepturi accusamus saepe enim.',965458,'http://ward.com/'),(823,55,'perspiciatis','Veniam hic nam iusto nihil. Ut molestiae omnis fugiat assumenda omnis voluptatem consequuntur. In atque illo enim.',522791,'http://www.gibson.info/'),(824,95,'ut','Deserunt consequuntur a culpa id eligendi. Alias voluptatem error voluptatem quia esse eum rem. Nemo atque unde rerum corrupti ducimus. Sed sint non saepe quo blanditiis.',447212,'http://www.corwin.info/'),(825,99,'qui','Quis laboriosam expedita non praesentium cupiditate dignissimos nihil. Occaecati est quo molestiae harum fugit cupiditate accusantium qui. Delectus labore eveniet reiciendis hic accusamus.',784797,'http://wintheiser.net/'),(826,6,'eum','Consectetur tempore exercitationem molestias id amet. Aliquid quod vitae est tempore molestiae libero. Pariatur veniam reiciendis repellat rerum. Non ducimus et accusantium alias ab.',747997,'http://www.skiles.net/'),(827,76,'magnam','Non rem sapiente reprehenderit aspernatur non sed vel. Suscipit vel perspiciatis quia mollitia nulla dolores quidem. Ut repudiandae quae porro enim libero at enim voluptatem. Et ut consequatur voluptas optio.',43754.6,'http://hirtherippin.info/'),(828,89,'iste','Molestias ducimus ipsum optio et ut excepturi. Earum culpa praesentium eos et temporibus. Nostrum animi ut sapiente ipsa aut.',285480,'http://shieldshessel.com/'),(829,60,'est','Omnis alias non eaque rem. Ducimus qui id et dolores eos. Similique quis maxime dolorem eos ea a.',247310,'http://www.rau.com/'),(830,16,'dolor','Molestiae pariatur ad magni aliquid. Ut sed blanditiis dolor repellendus hic. Eum dolor consequuntur ratione eum ut unde reprehenderit.',694312,'http://www.kertzmann.info/'),(831,94,'et','Illum repudiandae et quae fugit saepe qui dolor. Molestiae quibusdam assumenda sint fugit. Soluta quisquam repudiandae voluptatem distinctio. Ut beatae consequatur et fugit numquam aperiam.',804525,'http://www.murphycorwin.com/'),(832,30,'iusto','Sit similique omnis officiis facilis non quibusdam ducimus. Sit sunt tempore unde sequi est. Molestias rerum consequuntur recusandae qui. Placeat similique velit exercitationem.',862068,'http://kassulke.biz/'),(833,12,'ut','Enim placeat mollitia unde ut. Quaerat ipsam quas dolor. Repellendus consequatur laborum et ab veniam voluptatem similique repellat.',704974,'http://www.block.com/'),(834,90,'harum','A magni tempore assumenda possimus nam qui iusto. Ipsam ut perspiciatis dolores porro. Distinctio dolorum animi nobis et. Qui aliquid temporibus suscipit voluptas enim ut.',247780,'http://gulgowski.com/'),(835,91,'omnis','Eaque quam incidunt blanditiis nihil. Nostrum iste eum officia. Ut quibusdam neque voluptate voluptatibus temporibus. Provident qui et nisi nemo incidunt tempora.',800854,'http://medhurstcole.com/'),(836,71,'beatae','Officiis veritatis ut eius facere exercitationem sunt. Reiciendis ab nihil distinctio modi nulla cupiditate id rerum. Est cum enim non eligendi. Aut nesciunt similique sint sed dolorem labore.',422251,'http://gutmann.info/'),(837,99,'harum','Aut voluptas et nemo. Non eius nihil veritatis. Quidem amet harum quo est. Facilis perspiciatis quis voluptas id.',399163,'http://carroll.com/'),(838,18,'velit','Fugit suscipit facere aut ut animi libero. Velit culpa laudantium quas tenetur perspiciatis quia non. Voluptatem pariatur quod numquam consequuntur quo.',377689,'http://hellerpfeffer.com/'),(839,61,'qui','Repudiandae sunt et autem. Iste maxime ea aliquid magni. Distinctio ab magnam id est corporis et ad est. Atque tempora numquam sunt voluptas ex possimus.',2793.68,'http://www.nikolaus.com/'),(840,92,'beatae','Eaque minima reprehenderit quis at iste. Dolorem minima sed et vel aut. Voluptatum placeat aut voluptatem quo et aliquam. Velit libero libero quae dolores et fugiat.',28789.8,'http://www.brownstiedemann.com/'),(841,56,'ipsum','Ut quia hic voluptas ratione architecto. Amet ad provident maiores asperiores incidunt. Eum autem et non dolore et voluptatibus voluptate.',405224,'http://www.kertzmannparker.org/'),(842,99,'officiis','Eligendi est perferendis sit dolorum voluptas beatae. Sint earum libero quas quisquam ex ipsa neque. Laborum optio quas laboriosam magnam hic repellendus.',741320,'http://corkery.net/'),(843,80,'non','Praesentium ut et molestiae modi autem sapiente dolores et. Dicta est dolorem exercitationem. Ullam fugiat illum quo. Eius repellendus amet corporis esse et voluptate repudiandae.',327458,'http://www.nikolaus.net/'),(844,29,'aut','Adipisci unde non aperiam ea ea sequi. Aliquid quia similique impedit laborum.',768954,'http://www.rohan.biz/'),(845,49,'suscipit','Repellat omnis in in enim ut voluptatum quo qui. Beatae est laborum officia nisi. Exercitationem necessitatibus provident impedit ut et. Enim assumenda aut est quos quo molestias voluptatem.',293390,'http://www.rau.com/'),(846,69,'eos','Qui illum praesentium quas tenetur quaerat. Enim unde id voluptates voluptatem sapiente reiciendis. Sapiente et impedit doloribus est dolores. Numquam ut natus rem.',919104,'http://cormierziemann.info/'),(847,65,'excepturi','Ipsum mollitia ipsa quae nihil voluptatem sed. Architecto qui nesciunt pariatur quod. Aliquid iusto mollitia est omnis. Nesciunt iste nemo et autem sunt rerum. Eius molestiae corrupti aut vero tenetur dolor consequatur.',443340,'http://www.koelpin.com/'),(848,98,'illum','Nulla et modi voluptas ipsum. Expedita distinctio quidem et. Culpa quia occaecati excepturi quibusdam.',362849,'http://www.corkery.net/'),(849,1,'aut','Eos ratione incidunt blanditiis amet ex. Accusantium sunt aut ad excepturi repellat veritatis.',224572,'http://www.jenkins.net/'),(850,15,'sequi','Occaecati delectus eius ratione eos adipisci qui voluptatem. Aut dicta aut velit placeat harum quisquam vero voluptate. Assumenda inventore qui unde quo repellat repellat consequatur. Quae distinctio suscipit maiores aut deserunt quisquam. Id velit possim',595591,'http://goyette.com/'),(851,32,'voluptatem','Placeat totam et et at consequatur doloribus. Ut laudantium magnam omnis quos sed. Nesciunt non et beatae doloribus nesciunt quia.',212984,'http://schaden.com/'),(852,28,'officiis','Debitis eligendi ducimus rem dolorum. Repellat sed officiis quam quidem aut. Facilis sit nemo minus deleniti et. Ut unde omnis at quibusdam velit non.',341811,'http://www.satterfield.net/'),(853,26,'esse','Est eveniet earum eum ducimus. Est iste quo enim earum qui. Est expedita magni eum ut quidem molestiae error. Ipsum nisi nesciunt laborum quo. Neque ut aut dolorem reiciendis.',466599,'http://www.mckenzie.info/'),(854,17,'reprehenderit','Eaque delectus ut commodi sunt. Et aut ut dolores totam et. Quos aspernatur et odit reiciendis eum.',682952,'http://www.hammes.org/'),(855,67,'aut','Adipisci esse rerum blanditiis officia dolorem animi. Dolorem voluptates recusandae velit temporibus veritatis amet quasi vel. Voluptas dolores est et atque.',854650,'http://kassulke.info/'),(856,24,'architecto','Distinctio qui veniam eius inventore non commodi et. Nihil ut officia quia omnis dolorem. Unde et nobis sequi sit. Et tempora consequatur occaecati perferendis numquam.',669297,'http://www.mills.com/'),(857,39,'ut','Quas in ut ut in quo rerum aut. Dolor aut qui laudantium ad optio. Quaerat expedita totam ab sed. Odit ad quam perspiciatis minima. Amet vitae nam aut praesentium magnam.',985.39,'http://mckenziekrajcik.info/'),(858,58,'aliquam','Voluptas totam itaque quas quos occaecati non. Laborum provident officiis amet laudantium dignissimos quisquam autem. Blanditiis enim consequatur placeat dolores qui mollitia. Corporis tenetur modi eos voluptates.',917875,'http://www.mertzwolf.com/'),(859,19,'cumque','A provident error hic eveniet dolor. Alias aut neque dolor qui. Provident beatae magnam quo sunt dolor sed similique.',387086,'http://welch.com/'),(860,99,'accusantium','Sequi molestiae adipisci alias nostrum sit et dicta. In ex ducimus nemo dolor rerum nostrum. Qui sunt a est vitae. Aperiam ut cupiditate non et labore.',875221,'http://www.lynchgerhold.org/'),(861,80,'iure','Ut consectetur expedita praesentium. Aperiam culpa expedita error dolorem voluptates. Et aut nulla sequi consequatur magnam eaque possimus unde. Fuga modi est ut nesciunt dolorum molestiae.',82942.8,'http://dach.com/'),(862,52,'quis','Non pariatur quasi voluptatum voluptatem odio neque. Qui et quod et quo in. Expedita reprehenderit nesciunt minus sequi voluptatem consectetur sed voluptas. Assumenda quia similique facilis et.',948720,'http://wolff.com/'),(863,78,'saepe','Sequi enim fugiat et vero dolor rerum. Culpa ipsum illo hic placeat molestiae. Illo deserunt repellat dolores exercitationem rerum. Facilis et quis eveniet tempore quae molestiae et laborum.',563980,'http://ferry.org/'),(864,91,'voluptatem','Provident nulla magni saepe repellendus vel. Cupiditate dolor non et ut vitae et consequatur dolor. Illum qui delectus earum tempora quod voluptatum sunt. Excepturi sit est dignissimos sed.',76712.7,'http://lesch.info/'),(865,62,'at','Aliquid corrupti ratione eaque aperiam illo. Sed nisi aut in in amet quam est quia. Repudiandae numquam odio molestias libero. Est asperiores officiis qui velit non.',244222,'http://veumvandervort.info/'),(866,97,'tenetur','Non ratione consectetur sapiente incidunt est aut laboriosam. Iure in quisquam et quis facere. Est voluptatum quo saepe aspernatur et. Beatae id ipsam totam quo.',440429,'http://www.hudsoncasper.org/'),(867,33,'dolor','Culpa perferendis qui totam nisi consequatur culpa. Explicabo deserunt mollitia rem perferendis vero. Tempore facilis modi rerum repellat molestiae ratione qui.',313669,'http://mcglynn.com/'),(868,4,'corporis','Voluptatem laborum quaerat est dolorem velit dolorem. Rerum facilis nulla impedit fugiat. Esse ut repudiandae ut nobis id vero. Earum aut ut ab aut qui autem.',564500,'http://www.volkman.com/'),(869,3,'similique','Eos qui reiciendis est adipisci possimus nulla nihil. Et modi odio a autem consequatur aut fuga harum. Ut ab cumque minus ut. Minus dolores eos aliquid nihil ea mollitia.',650523,'http://www.kiehn.com/'),(870,19,'animi','Nihil dolorem vel facere itaque. Et quod tempore qui itaque qui saepe ut. Facere ullam temporibus soluta ipsa voluptas possimus nobis.',75995.8,'http://metz.info/'),(871,85,'nostrum','Numquam ut reiciendis odio repudiandae recusandae ut. Nisi repudiandae quis omnis aut voluptatem itaque. Tempore aliquid eaque voluptatem nihil accusamus iusto omnis dolor. Consequuntur repellat ullam non. Dolores nesciunt vitae ad expedita saepe sunt est',731313,'http://littel.info/'),(872,10,'quia','Dolore numquam doloremque magni rerum incidunt. Suscipit molestiae sequi aut aut.',683829,'http://www.johnston.com/'),(873,51,'eveniet','Aut eius minus illum asperiores nesciunt quia ut perspiciatis. Debitis et illo labore laborum ad fuga omnis. At et ut asperiores est et magnam vel.',172286,'http://daniel.info/'),(874,19,'maiores','Itaque nobis non impedit vel rerum. Et est esse qui commodi. Aut non ut aliquid odio occaecati culpa corporis. Consequatur cupiditate ad voluptas cupiditate laborum.',910254,'http://www.ritchie.com/'),(875,37,'ut','Et nisi nesciunt cupiditate ducimus. Facere vel vel qui. Tempore sed id et ex quod voluptatem et. Quam tenetur molestiae rem aut est sequi doloribus.',827649,'http://murazik.com/'),(876,45,'voluptatem','Nemo molestiae dolore voluptatem explicabo aliquam. Ducimus explicabo labore aut dicta.',993436,'http://crona.com/'),(877,26,'optio','Ad aut cum et ea dolor facilis. Ipsum qui aut sint et sequi expedita facilis et. Et dolorem est tempora odio.',64222.2,'http://schmidt.com/'),(878,8,'dolor','Ut aperiam sequi doloribus exercitationem. Cumque sit eum iste quos est.',472272,'http://www.hane.com/'),(879,85,'veniam','Voluptas sint aliquid qui rerum inventore. Ratione eum nihil repellat ea quis blanditiis voluptatum mollitia. Totam et est qui consequatur consequuntur officia quas.',447916,'http://www.hartmann.com/'),(880,60,'quos','Harum quis natus laudantium quaerat. Illo minima qui dolore enim laborum dolorum suscipit. Ad ut vitae laudantium itaque eveniet distinctio eveniet eius.',252368,'http://zieme.com/'),(881,73,'minima','Suscipit saepe magnam suscipit libero sed. Ea repellat molestiae rem expedita odit et eius dignissimos. Pariatur est sed libero voluptate et fugit odio. Quia earum ducimus doloribus quia doloremque et inventore.',932164,'http://www.blick.biz/'),(882,80,'dolorem','Sed amet illum autem repudiandae id ex natus. Consequatur repudiandae aut ab ea velit tempore vel cumque. Expedita rerum quibusdam molestias consectetur quis animi quibusdam iusto.',440197,'http://www.runolfssonbartell.net/'),(883,62,'nihil','Eum quisquam ab harum est ullam non. Dolores qui quia temporibus deserunt. Ut laboriosam debitis qui voluptas atque repudiandae. Non est ex quod eos blanditiis non facilis.',414466,'http://www.naderdamore.net/'),(884,79,'dignissimos','Modi omnis aperiam quibusdam ullam vitae. Mollitia nostrum ut assumenda quia vero aut aliquam.',354990,'http://shields.com/'),(885,31,'numquam','Molestiae ad provident quo quas. Aliquam iusto dolore laudantium autem perferendis architecto voluptas. Quae excepturi quia quia suscipit exercitationem ipsam. Nihil aperiam voluptatem numquam aut exercitationem repellat vel.',111290,'http://gutmann.com/'),(886,25,'quo','Totam laborum eaque nulla consequatur quae assumenda mollitia. Voluptatem nemo ut commodi praesentium sequi placeat. Qui velit eum quia voluptas sed. Nobis odit rerum voluptate consectetur quidem ut.',839678,'http://www.lind.com/'),(887,79,'quo','Necessitatibus sit asperiores ut sapiente error rerum voluptatibus. Molestiae veniam alias hic sint. Aut hic architecto deserunt qui possimus dolorum accusamus.',542180,'http://ziemann.com/'),(888,43,'non','Omnis nihil asperiores sed consequatur veritatis. Omnis quaerat consectetur rerum. Officia sapiente tenetur quidem culpa.',536046,'http://kreiger.biz/'),(889,93,'amet','Libero quod similique ut voluptatibus. Asperiores reprehenderit omnis ab aut. Reprehenderit eos eos dolorem aut.',33293.6,'http://boyerlangworth.biz/'),(890,40,'odit','Harum neque occaecati voluptate voluptatum quae illo. Illum dolores molestiae enim necessitatibus optio. Qui omnis fuga sed libero. Ad repudiandae iusto repellendus nihil cupiditate.',776974,'http://larkin.com/'),(891,77,'veritatis','Aut exercitationem nulla quibusdam architecto odio molestiae tenetur. Eum qui velit veritatis et quo cupiditate mollitia. Quia qui inventore voluptatem qui assumenda modi commodi. Dolores ut impedit quae eveniet eligendi. Distinctio libero aut molestiae m',810655,'http://www.spinka.com/'),(892,73,'aut','Adipisci enim nisi eligendi iste. Reiciendis debitis tenetur veritatis fugit. Aperiam modi libero et rem quia officia dolores. Illum sint accusamus aut excepturi expedita.',400488,'http://www.konopelskilindgren.info/'),(893,50,'sint','Reiciendis quia rerum consequatur necessitatibus. Possimus ut facilis quod pariatur. Nulla voluptatem quam et est suscipit atque tempore. Dolore nisi qui harum voluptatum vero.',104065,'http://fahey.info/'),(894,5,'beatae','Eius voluptatum impedit ratione cum sunt. Ut nisi eum non dolorum alias explicabo accusamus cumque. Et qui optio ipsa incidunt. Deserunt voluptate omnis qui facere sit illo quo.',671983,'http://mcglynn.com/'),(895,12,'iusto','Labore molestiae sed unde saepe. Omnis minus dolorem non deserunt in aut aut. Quos doloremque eos labore a eos.',397672,'http://kilback.info/'),(896,77,'at','Velit et accusamus maxime maxime recusandae ad dolore. Velit dolorem libero dignissimos sed dolores eligendi ut nam. Et qui quos sed soluta odio inventore. Quia placeat tenetur ipsa dolorum quibusdam omnis rem.',28658.8,'http://www.reichert.biz/'),(897,33,'quisquam','Sed quia enim vitae accusantium eum natus eum aut. Qui odit soluta fugiat et quae repellat.',686590,'http://www.harvey.com/'),(898,79,'earum','Neque ipsum accusantium in et omnis ipsam. Numquam cumque corrupti esse minima at consequatur. Ullam voluptatem sint quod soluta unde.',601741,'http://pfannerstill.org/'),(899,94,'rerum','Perferendis iusto ratione sapiente qui quas aspernatur ab. Voluptatem et consequuntur fugit velit rerum est. Maiores doloremque deleniti dolore doloribus voluptate aperiam nulla ut. Error ipsum culpa iste autem.',325823,'http://www.schiller.info/'),(900,82,'at','Unde nulla est quia maxime beatae maxime. Et explicabo nobis libero non occaecati. Vel assumenda ratione rem neque.',667301,'http://gleichnerwaters.info/'),(901,26,'magni','Odio voluptatem est consequuntur aut eos minus. Dolores ea expedita necessitatibus natus dolore. Ratione error amet numquam sequi perferendis ut. Animi consequatur ducimus et aut deleniti placeat. Delectus sequi a enim quos delectus.',420176,'http://www.beier.info/'),(902,31,'sunt','Debitis voluptas laudantium quia quo similique. Nisi officiis error cum consectetur qui. Qui omnis quam qui quis. Et qui blanditiis est nihil et.',579739,'http://www.romaguera.info/'),(903,35,'reiciendis','Sunt id alias molestiae delectus ut placeat minus neque. Fugiat quia ut nisi unde iusto. Omnis et minus voluptate qui aut ex.',219941,'http://larkin.com/'),(904,11,'et','Esse inventore et ipsa. Sit sed velit hic suscipit doloribus corporis. Eligendi aut placeat fugit tempore non libero.',218637,'http://mitchell.info/'),(905,85,'sunt','Sint dolor laudantium qui cum. Et ab incidunt molestiae consequatur ut. Voluptatem non est natus atque tempore aliquid molestias. Sequi non id harum repellendus nihil soluta ut. Nihil quia accusantium qui et eum.',117577,'http://bogisich.info/'),(906,78,'et','Pariatur quia deleniti ipsam tempore ut laboriosam nemo. Laborum adipisci aliquid quia enim rerum amet velit et. Ea culpa aut accusamus soluta.',782050,'http://www.huels.com/'),(907,16,'voluptatem','Voluptas non accusantium et eligendi rem. Rerum quisquam rerum aspernatur iste occaecati aut minima consequatur. Ut excepturi dolores non omnis perferendis assumenda. Quidem iusto vel aut sit aut omnis vel.',63098.6,'http://www.jaskolski.info/'),(908,68,'culpa','Animi eum reprehenderit sunt iste ut autem. Quisquam sint ipsam repellat similique.',625321,'http://ebert.info/'),(909,82,'earum','Ut magni aut magni minima. Autem et deserunt qui ea. Doloribus molestiae incidunt quisquam culpa. Sed numquam dolore deleniti dolorum perferendis omnis.',112986,'http://www.rohan.com/'),(910,52,'dolor','Rerum temporibus saepe dolores est velit natus. Esse aut tenetur repudiandae corrupti enim recusandae sequi. Qui magnam ut voluptas temporibus.',76298.7,'http://www.willhaag.com/'),(911,45,'in','Voluptatem qui culpa placeat architecto et dolorem voluptatibus. Labore eveniet ad est sequi sed. Autem itaque nemo qui provident magnam sunt animi. Ex rerum facere excepturi repellendus eligendi dignissimos id aperiam. Quas modi consequatur deleniti maxi',106140,'http://prosacco.org/'),(912,22,'consequatur','Cum voluptatem est corrupti eveniet autem odio. Molestiae ratione autem in. Officia sed natus non earum aut ea qui. Ex aut facilis eaque suscipit omnis amet ea.',302272,'http://walter.biz/'),(913,56,'nihil','Occaecati consequatur dolorem id quod corrupti nobis. Odio dolores modi facilis perspiciatis suscipit. Illum quasi voluptas nam iure fugiat. Officia sunt rem doloribus.',432862,'http://dare.com/'),(914,60,'qui','Laudantium odit rerum vel ullam ea incidunt aut consequuntur. Dicta labore dolorem sed totam vero sed praesentium. Consectetur incidunt ratione possimus repellat nobis. Dolorem facilis labore amet qui quisquam debitis in.',84504.9,'http://ratke.com/'),(915,35,'ipsam','Repudiandae vel nemo sequi dolor vitae. In est maxime aut quae perferendis similique. Impedit dolorem non soluta reiciendis ipsam sint.',423311,'http://hudson.com/'),(916,91,'beatae','Voluptas corrupti voluptatem ex voluptas. Et id est sint voluptate minus. Ipsam quos repellendus optio omnis fugiat cum autem. Et numquam excepturi ea tempora.',931884,'http://www.prohaskamosciski.com/'),(917,40,'animi','Vero quod magni ut est sequi tempora illum. Et atque voluptas assumenda itaque quibusdam delectus. Doloribus perferendis similique id voluptas. Alias aut sit qui.',811356,'http://www.hintzsatterfield.org/'),(918,55,'suscipit','Expedita dolorem qui fuga ea a. Est ipsam cum quibusdam magni dignissimos. Quidem aliquam voluptatem sequi recusandae.',469881,'http://effertz.net/'),(919,30,'necessitatibus','Voluptate non tenetur nostrum eos ut illum. Est facere est beatae quia sint. Reprehenderit odio id sint dignissimos.',273062,'http://pfeffer.org/'),(920,97,'qui','Commodi voluptatem voluptatem enim labore. Voluptas expedita earum velit perspiciatis vel mollitia veniam. Animi quod porro nihil vel.',999295,'http://www.whitenienow.com/'),(921,67,'quo','Doloribus consequuntur fugit nisi non consequatur. Sit repellat soluta voluptatem neque. Est et corrupti et nihil laudantium dolorum. Eius eligendi amet quae provident.',908558,'http://ankundingzemlak.com/'),(922,89,'est','Nisi est recusandae sint omnis. Vero blanditiis architecto voluptate dolor. Id enim consequuntur perspiciatis ratione natus. Occaecati autem est sunt rerum.',541638,'http://www.hahn.biz/'),(923,68,'quisquam','Maiores libero perferendis architecto autem nisi numquam. Tempora mollitia omnis et aperiam voluptates.',95108.1,'http://pouros.com/'),(924,14,'quis','Asperiores est enim non ea ab qui fuga. Laborum quod ipsum est pariatur vel deserunt. Repellat molestiae commodi et fuga. Quidem dolor laborum culpa ullam.',224342,'http://www.mccullough.com/'),(925,27,'sed','Error atque dolorem minima ex autem doloribus ipsa nesciunt. Dolorem rerum odit expedita molestiae. Exercitationem et atque et quasi ratione. Occaecati corporis sit quia ut ipsum.',128520,'http://brown.com/'),(926,25,'mollitia','Ipsam id culpa est est molestiae. Earum ipsum tenetur culpa tempora non et vitae optio. Odit enim enim non omnis nostrum. Est quidem numquam fugit id maiores enim.',230301,'http://turcotte.com/'),(927,84,'dolorem','Aut est excepturi non numquam ut autem. Rerum dolor enim vero autem est eaque repellat.',313748,'http://armstrong.com/'),(928,42,'est','Quas tenetur est qui et. Exercitationem dolorem voluptas voluptas omnis quia vel. Fuga sed rem delectus.',24971.8,'http://westritchie.biz/'),(929,47,'autem','Repellendus odit rerum qui repellat magnam delectus nulla. Numquam enim incidunt soluta eius iusto nam. Et minima omnis ut atque labore consequuntur quidem ab.',301900,'http://dachhalvorson.info/'),(930,79,'sunt','Qui voluptates amet veritatis voluptatem ea quo eos. Dolorem quia reprehenderit unde nulla dolor ut rerum ea. Voluptatem maiores suscipit consectetur aut veritatis eveniet. Blanditiis voluptatem quos neque sed et corporis. Dolorum dolor quas ipsa providen',695451,'http://gulgowski.com/'),(931,61,'autem','Hic omnis eius magni velit omnis sunt sed. Fugit aut ut ut earum similique ut fuga. Reiciendis id ipsa libero qui aliquid. Nulla voluptatem incidunt fugit temporibus consectetur veritatis est. Ut repellat culpa perferendis aspernatur delectus quis.',332190,'http://www.lebsack.info/'),(932,6,'atque','Esse provident aperiam voluptatum tempore rerum. Quod reiciendis excepturi et. Dolore repellendus ut voluptatibus laboriosam nostrum dolorum. Repellat reprehenderit enim aut cupiditate occaecati.',551522,'http://www.moen.com/'),(933,68,'natus','Sint voluptatem provident aut provident inventore impedit ut. Molestiae dolore dolorem temporibus beatae voluptatibus est illo soluta. Omnis id iste reiciendis quibusdam qui quaerat sed. Laborum quia a quas laboriosam voluptatibus et in rerum.',52247.1,'http://gerhold.com/'),(934,54,'ut','Nisi ducimus consectetur velit. Dolorum facere eum dicta iusto magnam minus in. Velit ipsum doloribus nulla molestias corporis dolores.',702724,'http://bergnaum.com/'),(935,10,'consequatur','Fugit et repudiandae eum perspiciatis esse. Labore corporis deserunt sed nemo aut qui. Sint animi quo labore hic dolorum mollitia.',12612.8,'http://www.hyatt.org/'),(936,44,'quaerat','Magnam qui animi reprehenderit laudantium illo. Qui culpa nisi dolorem omnis quos aut.',836488,'http://www.waelchimurray.com/'),(937,69,'ab','Ut perferendis blanditiis consequatur totam qui nostrum. Consequatur ipsum et veritatis et soluta. Quasi non occaecati est. Tempora cumque quasi maxime nemo.',919303,'http://www.koch.com/'),(938,83,'molestiae','Eos sint ad molestiae amet voluptas nobis voluptates. Ab quae nihil explicabo delectus accusamus. Fugiat sed et sint a nemo perferendis.',582466,'http://monahan.com/'),(939,40,'dolores','Corporis qui et laudantium et ut. Consequuntur repellendus amet non nulla. Mollitia ipsa autem sapiente voluptate numquam velit.',531845,'http://kozeybailey.net/'),(940,77,'consequatur','Quasi suscipit eum facere non illo est. Corrupti voluptatum quia ad sed. Sunt deserunt veniam est maxime. Quaerat aut nemo molestiae at mollitia non. Corporis nihil ut aspernatur.',166667,'http://stark.com/'),(941,43,'voluptatem','Officiis incidunt et aut. Rerum quisquam ullam eos qui illum ea est voluptatem.',539707,'http://hodkiewiczsmith.net/'),(942,2,'architecto','Nihil corporis qui delectus reiciendis qui. Rerum repellendus corporis laudantium et voluptates eos. Et magnam ipsum cum quibusdam voluptatem ipsam odio.',174046,'http://www.lebsack.info/'),(943,86,'earum','Eaque quo corrupti minima dolorum a eum. Ut voluptas officiis repellendus et aliquid labore. Expedita et in atque consequatur nulla impedit. Laboriosam mollitia id rem repudiandae suscipit maiores.',981769,'http://www.schoen.org/'),(944,69,'ex','Libero unde tempora omnis quia vel maxime. Provident distinctio maiores culpa qui. Aut dolor id voluptas dicta eius.',958411,'http://www.smitham.com/'),(945,90,'et','Porro cumque voluptatem in necessitatibus officiis a harum. Quae sed magni quia quo provident sit nihil atque. Distinctio debitis sit dolorem est laborum consequuntur molestias quam.',102412,'http://www.hammes.org/'),(946,78,'quaerat','Qui et odio aliquam et non ut. Dignissimos ad voluptas consequatur et est totam adipisci. Tenetur dicta non quisquam.',475884,'http://www.schowalter.net/'),(947,100,'similique','Sit consequatur incidunt et eius nemo consectetur. Placeat accusamus consectetur incidunt eos voluptas nostrum et totam. Quia nulla inventore ducimus sed quos sed sunt.',834505,'http://www.paucek.com/'),(948,18,'et','Explicabo vitae et quod ut libero quam. Possimus ea recusandae facilis et sed omnis. Non tempore repellat sed ducimus provident eum facere assumenda.',27389,'http://schillerfarrell.com/'),(949,87,'perspiciatis','Quas saepe earum voluptates in modi. Rerum mollitia aut iure molestiae. Rerum beatae aut quibusdam ab maxime accusamus. Odio et odio iste consequatur fuga enim officia.',573665,'http://ritchie.com/'),(950,43,'mollitia','Labore dolores atque et blanditiis. Vitae et fugiat qui non. Doloribus dolore ab autem consequatur est. Voluptate cum perspiciatis veniam rerum.',363996,'http://mckenzie.com/'),(951,69,'et','Sed natus harum error temporibus sit voluptas. Minus cupiditate veniam et quidem distinctio. Est incidunt quo eum sint sint aperiam dolorem. Expedita magni nemo labore autem rem.',676576,'http://gulgowskischuppe.net/'),(952,5,'doloribus','Inventore voluptas sequi et quas est voluptatem excepturi omnis. Autem perferendis illum totam nam neque nesciunt aut. Ipsum molestiae dolores magnam ea soluta repellendus. Nihil harum eaque necessitatibus sunt aliquid.',368140,'http://hettingerschneider.biz/'),(953,34,'sit','Optio unde sed fugit qui nam et assumenda. Cum et qui sit quo. Ratione consequatur veritatis libero dolorem iusto voluptatem. Sequi aut est corporis ducimus.',438135,'http://nikolaus.net/'),(954,43,'occaecati','Suscipit id id sint consequatur consequuntur. Fugiat odio veritatis et libero voluptas. Ea nisi voluptatem corrupti. Dolores voluptatem repellendus culpa voluptatem facilis.',168003,'http://brown.info/'),(955,88,'suscipit','Temporibus qui ut nostrum quia quis. Ab qui est pariatur eligendi. Nostrum at saepe accusamus modi.',209099,'http://davisglover.com/'),(956,13,'nesciunt','Aut maiores minima qui veniam cumque aut officia. Velit voluptatem error placeat unde. Quis consequatur sit debitis quasi sit in.',846905,'http://www.shieldshills.com/'),(957,75,'veritatis','Voluptatem laudantium voluptatem qui id illum et omnis. Cum architecto aut ut officia ut est et. Debitis eum qui voluptatibus. Consequatur expedita et voluptate placeat deleniti tempora.',195602,'http://bashirian.org/'),(958,80,'non','Saepe pariatur quia odit doloribus aspernatur est laudantium. Iure est natus magnam a dolor quibusdam commodi. Et excepturi qui molestiae deleniti. Dicta quos sed consequatur est dolores architecto iste.',233652,'http://www.balistreri.com/'),(959,45,'reiciendis','Et sunt nobis eligendi eligendi iste debitis dolores. Dolores amet autem qui consequatur laudantium adipisci. Quae dolore laboriosam eos deserunt itaque maxime. Ipsam inventore quis provident ad molestias dignissimos ratione.',305136,'http://www.bogan.biz/'),(960,4,'exercitationem','Modi ut dolore sit consequuntur placeat. Molestias officia sit totam sapiente. Debitis harum et dolores omnis.',366123,'http://hintzgibson.biz/'),(961,20,'explicabo','Incidunt ut accusamus delectus aut nostrum tenetur. Sed ipsa aut dolorum odit. Aut repellat dolor qui. Vitae consectetur atque cumque et dolorum temporibus.',69215.2,'http://www.lueilwitz.com/'),(962,90,'delectus','Et minima quis est adipisci voluptas qui. Provident vel dolores facere quis. Nobis itaque officia aut eos earum dolores.',12088.5,'http://www.rath.com/'),(963,58,'iusto','Non repudiandae corporis voluptas et velit ea adipisci reiciendis. Impedit cumque quia dolorum eligendi odio incidunt rerum. Voluptas ut mollitia voluptas quae molestiae enim autem.',817200,'http://www.parkercormier.com/'),(964,13,'veniam','Aliquam et temporibus mollitia veniam qui quos ipsum. Modi beatae voluptates sed asperiores. Vel numquam velit aut corrupti atque facilis ratione.',337248,'http://osinski.com/'),(965,71,'sint','Ullam possimus est impedit fugit qui ipsa eius. Pariatur voluptatem ut nemo quia quis cupiditate ducimus asperiores. Officia sed qui sapiente sunt expedita sint dolore. Reprehenderit dolorum nisi ut eligendi. Ut doloribus id distinctio.',273692,'http://www.kossfritsch.com/'),(966,7,'deserunt','Fuga doloremque sequi expedita earum commodi qui inventore. Quo ipsa consequuntur tempore aliquid error reprehenderit qui odit. In eaque dolor consequatur quis sunt sunt.',763225,'http://www.bernier.info/'),(967,55,'sit','In deleniti doloremque iusto modi laborum ab recusandae dolor. Accusantium voluptate ut possimus. Dolorum et labore officia mollitia nulla ut. Molestiae rem hic non saepe et ipsam.',630797,'http://kris.com/'),(968,7,'alias','Fugiat consequuntur atque iure nisi eligendi et ex. Eos sunt at id molestias voluptatem a.',102828,'http://hyatt.com/'),(969,30,'quibusdam','Ut aut et nobis sed illum perferendis deserunt. Exercitationem quo blanditiis magni ad voluptatibus dolores quia. Autem ut dolor similique doloremque quasi. Praesentium numquam dolorum aliquid quidem et id.',753460,'http://schulistjohnston.com/'),(970,81,'ut','Quisquam quis iusto non reprehenderit. Vel quasi omnis amet quis et libero quaerat sequi. Illo porro voluptatem occaecati enim.',626499,'http://www.luettgencorkery.org/'),(971,77,'non','Expedita vel commodi quo iste quia. Fuga ea occaecati eum illo et provident. Aut possimus harum mollitia provident officia blanditiis. Corrupti quae ad repudiandae aliquid.',859115,'http://www.labadielockman.net/'),(972,89,'natus','Earum consectetur nemo reiciendis consequatur. Nisi et rerum adipisci dolorum fugit. Architecto sed qui inventore et corporis tempore dolorem.',652644,'http://www.corwinfeeney.com/'),(973,46,'enim','Quasi eveniet eveniet qui qui dolor. Quo enim quis voluptatem qui accusamus. Amet officiis molestiae a illo nihil sunt voluptatem saepe.',317767,'http://goodwin.com/'),(974,99,'aut','Doloribus velit ex fuga non earum eum ut. Optio deserunt recusandae doloremque autem beatae voluptate. Non quo autem ea.',675598,'http://www.ondricka.org/'),(975,63,'sed','Modi neque omnis aliquam qui. Dignissimos minus pariatur quia sapiente porro possimus. Sit et aut et minima. Et rerum perferendis dicta.',849297,'http://www.bergstrom.com/'),(976,44,'ad','Et aut nemo id eum ullam maxime. Alias dolores qui autem. Perferendis delectus ullam cum qui nemo ut quidem. Vero eum officia nihil quidem rem.',524041,'http://www.kutch.org/'),(977,66,'deleniti','Repellendus aut velit mollitia debitis vel. Est voluptatem sint sit praesentium ipsum. Quae vitae odit ab. Aut quaerat ducimus sed aut officia tempora sapiente.',528946,'http://www.lynch.com/'),(978,73,'hic','Atque iure ea temporibus culpa. Debitis voluptatibus non iusto saepe facere officiis. Sint qui et similique et sed quia temporibus. Vel magni laudantium aspernatur. Placeat est quo iste modi.',660267,'http://www.mertz.info/'),(979,38,'sit','Rerum modi est officiis quaerat deleniti. Non natus autem quae earum et harum voluptates. Ut et explicabo eius animi pariatur modi excepturi. Nisi eum alias aut.',56364.7,'http://strackesanford.net/'),(980,7,'facilis','Sunt est velit ea doloribus nesciunt soluta impedit. Quidem sunt cum architecto tempora. Dolores deserunt eos ut officiis dignissimos eos excepturi.',386043,'http://stanton.com/'),(981,23,'qui','Porro atque ut sed facilis ducimus. Voluptas praesentium modi ad. Nesciunt quis incidunt voluptas recusandae omnis. Rem aliquam laboriosam in molestiae.',235174,'http://www.emmerichbednar.org/'),(982,6,'rerum','Mollitia libero minima sit eum. Nulla iste rerum non vero. Nihil nostrum molestiae aut minus.',104394,'http://www.hermann.com/'),(983,72,'quia','Nulla impedit repellendus repudiandae dignissimos voluptas in. Vitae ipsum aut nemo est qui. Aperiam est hic ea aut quis.',162138,'http://osinski.com/'),(984,53,'id','Vitae rerum provident ad ut. Quasi voluptatum enim quaerat quia quaerat at et. Est officia dolore deleniti iusto iusto laborum.',104481,'http://www.dare.com/'),(985,10,'cumque','Aperiam sit et vero nisi deserunt. Doloremque consequuntur voluptatem esse nihil. Et sed natus consequatur dolorem voluptatem aut et.',125527,'http://www.erdmanlueilwitz.com/'),(986,37,'voluptatem','Omnis rem officia doloribus quae non. Quo doloremque quidem tempora dolorem ut dolore. Ratione temporibus voluptatem quam ut.',771062,'http://www.kovacek.com/'),(987,48,'sapiente','Et adipisci odio quibusdam et. Magni eum dolor ut. Rem et adipisci facere rerum facere.',248701,'http://www.west.com/'),(988,54,'omnis','Cupiditate consequatur asperiores possimus exercitationem voluptas. Exercitationem quae vel commodi unde distinctio. Ipsam vel et magni et qui est quae. Eveniet dolorem quaerat fuga dolor consequatur. Qui vel labore nisi modi.',283165,'http://krajcikferry.com/'),(989,59,'voluptatem','Quis tenetur aut rerum eum iste ex. Omnis quod explicabo corporis reiciendis id. Veniam minus ipsam tempore et excepturi ut maxime facere. Unde deserunt iure voluptatem incidunt.',820572,'http://senger.org/'),(990,20,'aut','Neque quae cupiditate id dolorem et. Perspiciatis omnis et iusto veniam error fugiat.',832066,'http://www.dietrich.info/'),(991,54,'explicabo','Commodi et nesciunt quia ipsum praesentium unde. Illo rem tenetur sequi in.',132208,'http://bogisich.com/'),(992,12,'modi','Consequatur quis commodi dolor in repellendus maxime. Corrupti ducimus explicabo corporis quo nulla ipsam. Eum repellat iusto quod aspernatur voluptas odio.',138137,'http://www.brown.net/'),(993,42,'soluta','Accusamus quia voluptatem dolores voluptatum id nulla. Dolorem vel ea reiciendis soluta suscipit cupiditate labore autem.',146278,'http://bartell.com/'),(994,21,'quidem','Voluptatum ullam vitae repudiandae sed vero. Animi ipsam sunt minima ut dolor facere est. Suscipit et voluptatem incidunt perspiciatis fugit voluptatum suscipit.',561326,'http://framikassulke.com/'),(995,10,'excepturi','Expedita consectetur laboriosam adipisci cupiditate est quia minima. Et enim sed omnis. Nihil cupiditate autem possimus. Id non ea optio facere.',270227,'http://www.bayerberge.biz/'),(996,74,'nesciunt','Amet fugit et aut dolores officia consequatur. Voluptas quia ut aut alias. Cum adipisci voluptas tempore.',738317,'http://www.stroman.com/'),(997,84,'reiciendis','Quo deleniti perferendis minima sint fugiat. Impedit pariatur at reprehenderit nesciunt eum autem distinctio. At corrupti eaque perferendis.',294877,'http://kilback.com/'),(998,27,'sapiente','Quia nisi eum explicabo vel numquam aut odio. Est non fuga voluptas et.',511906,'http://batz.com/'),(999,17,'corrupti','Expedita est ipsa quasi quo. Soluta dignissimos est consequatur sunt quam omnis.',207219,'http://www.hettinger.com/'),(1000,87,'impedit','Qui provident cum odit eum tempore veritatis voluptate. Voluptatibus alias excepturi laborum distinctio perspiciatis dolorem nisi. Nihil autem facere totam omnis minus. Sed a consequatur blanditiis temporibus a at.',912598,'http://parisian.com/');
/*!40000 ALTER TABLE `products` ENABLE KEYS */;
UNLOCK TABLES;
/*!40103 SET TIME_ZONE=@OLD_TIME_ZONE */;

/*!40101 SET SQL_MODE=@OLD_SQL_MODE */;
/*!40014 SET FOREIGN_KEY_CHECKS=@OLD_FOREIGN_KEY_CHECKS */;
/*!40014 SET UNIQUE_CHECKS=@OLD_UNIQUE_CHECKS */;
/*!40101 SET CHARACTER_SET_CLIENT=@OLD_CHARACTER_SET_CLIENT */;
/*!40101 SET CHARACTER_SET_RESULTS=@OLD_CHARACTER_SET_RESULTS */;
/*!40101 SET COLLATION_CONNECTION=@OLD_COLLATION_CONNECTION */;
/*!40111 SET SQL_NOTES=@OLD_SQL_NOTES */;

-- Dump completed on 2022-05-19 15:36:36
